"go_id","NGenes","full_direction","full_p_value","full_fdr","direction_leave_out_EC","direction_leave_out_FC","direction_leave_out_TC","directionally_stable"
"GO:0030593",47,"Down",8.83895280374683e-08,0.000214786553131048,"Down","Down","Down",TRUE
"GO:0042776",43,"Down",1.92713633460331e-06,0.00162587108423031,"Down","Down","Down",TRUE
"GO:0071222",137,"Down",2.00724825213618e-06,0.00162587108423031,"Down","Down","Down",TRUE
"GO:0034341",26,"Down",4.2858901115169e-06,0.00256030615375902,"Down","Down","Down",TRUE
"GO:0060333",10,"Down",5.26811965794036e-06,0.00256030615375902,"Down","Down","Down",TRUE
"GO:0002230",24,"Down",6.47741495187342e-06,0.00262335305550874,"Down","Down","Down",TRUE
"GO:0009060",49,"Down",2.40887872368523e-05,0.0081886986473035,"Down","Down","Down",TRUE
"GO:0050729",81,"Down",2.69586786742502e-05,0.0081886986473035,"Down","Down","Down",TRUE
"GO:0071816",16,"Down",3.06632040293676e-05,0.00827906508792926,"Down","Down","Down",TRUE
"GO:0032543",81,"Down",5.0755615466719e-05,0.0123336145584127,"Down","Down","Down",TRUE
"GO:0032757",56,"Down",5.81231895129488e-05,0.0128399409560423,"Down","Down","Down",TRUE
"GO:0032481",30,"Down",7.2853356378379e-05,0.0136179735384201,"Down","Down","Down",TRUE
"GO:0032981",50,"Down",7.05163972453118e-05,0.0136179735384201,"Down","Down","Down",TRUE
"GO:0042742",101,"Down",8.01943158321032e-05,0.0139194419622865,"Down","Down","Down",TRUE
"GO:0032755",82,"Down",0.000107591411967252,0.0174298087386948,"Down","Down","Down",TRUE
"GO:0034097",42,"Down",0.000126646976340967,0.0192345095317844,"Down","Down","Down",TRUE
"GO:0002862",22,"Down",0.00014606196389395,0.0207532147571267,"Down","Down","Down",TRUE
"GO:0042832",20,"Down",0.000153727516719457,0.0207532147571267,"Down","Down","Down",TRUE
"GO:0002639",24,"Down",0.000188322220493819,0.0217915712285705,"Down","Down","Down",TRUE
"GO:0042102",53,"Down",0.000182659990328873,0.0217915712285705,"Down","Down","Down",TRUE
"GO:2000114",13,"Up",0.000186343684973898,0.0217915712285705,"Up","Up","Up",TRUE
"GO:0050832",24,"Down",0.000244576570732514,0.0270145939490913,"Down","Down","Down",TRUE
"GO:0050766",36,"Down",0.000272672897458016,0.0288084843836078,"Down","Down","Down",TRUE
"GO:0006120",32,"Down",0.00030184430950632,0.0293392668840143,"Down","Down","Down",TRUE
"GO:0032760",79,"Down",0.00028995961969284,0.0293392668840143,"Down","Down","Down",TRUE
"GO:0048024",13,"Up",0.000339292034165581,0.0317107555008601,"Up","Up","Up",TRUE
"GO:0032731",47,"Down",0.00044045954559073,0.0396413591031657,"Down","Down","Down",TRUE
"GO:0032733",32,"Down",0.000500883877840554,0.0396640818223414,"Down","Down","Down",TRUE
"GO:0034063",19,"Up",0.000486286321483323,0.0396640818223414,"Up","Up","Up",TRUE
"GO:0043032",16,"Down",0.000472243025667626,0.0396640818223414,"Down","Down","Down",TRUE
"GO:0061844",90,"Down",0.000506002689914644,0.0396640818223414,"Down","Down","Down",TRUE
"GO:0001774",23,"Down",0.000573444640139979,0.0435459523606297,"Down","Down","Down",TRUE
"GO:0019221",112,"Down",0.00060952956588085,0.0435634366203078,"Down","Down","Down",TRUE
"GO:0090309",10,"Up",0.000605852646357868,0.0435634366203078,"Up","Up","Up",TRUE
"GO:0006955",272,"Down",0.000682162135704023,0.0460459441600216,"Down","Down","Down",TRUE
"GO:0150104",76,"Up",0.000681953842480425,0.0460459441600216,"Up","Up","Up",TRUE
"GO:0051893",19,"Up",0.000850755126141541,0.0558739177438904,"Up","Up","Up",FALSE
"GO:0032722",38,"Down",0.000940119917199236,0.0585767025331832,"Down","Down","Down",FALSE
"GO:0070059",31,"Down",0.000918913877813277,0.0585767025331832,"Down","Down","Down",FALSE
"GO:0022010",14,"Up",0.00118096583272999,0.0637721549674192,"Up","Up","Up",FALSE
"GO:0031054",13,"Up",0.00109423502350804,0.0637721549674192,"Up","Up","Up",FALSE
"GO:0032695",18,"Down",0.00106997027651296,0.0637721549674192,"Down","Down","Down",FALSE
"GO:0051770",12,"Down",0.00115692044664281,0.0637721549674192,"Down","Down","Down",FALSE
"GO:0098869",54,"Down",0.00115955165041086,0.0637721549674192,"Down","Down","Down",FALSE
"GO:0099560",25,"Up",0.00111244260309792,0.0637721549674192,"Up","Up","Up",FALSE
"GO:0036092",21,"Up",0.0012136029751322,0.0641098962950272,"Up","Up","Up",FALSE
"GO:0007088",15,"Down",0.00139036188721446,0.0718846677857686,"Down","Down","Down",FALSE
"GO:0034612",22,"Down",0.00142543196317628,0.072162493135799,"Down","Down","Down",FALSE
"GO:0140467",21,"Down",0.00147122312091615,0.0729606568127803,"Down","Down","Down",FALSE
"GO:0035456",10,"Down",0.00154360055953015,0.0750189871931654,"Down","Down","Down",FALSE
"GO:0021756",14,"Up",0.00162911692966743,0.0761298872902282,"Up","Up","Up",FALSE
"GO:0033962",13,"Up",0.00162156915419996,0.0761298872902282,"Up","Up","Up",FALSE
"GO:0019372",10,"Down",0.00171933234406018,0.0778263206212643,"Down","Down","Down",FALSE
"GO:0071276",18,"Down",0.00172947379158365,0.0778263206212643,"Down","Down","Down",FALSE
"GO:0071539",17,"Up",0.00181114595927429,0.0800197214733912,"Up","Up","Up",FALSE
"GO:0006287",11,"Down",0.00204646280023307,0.088801867938685,"Down","Down","Down",FALSE
"GO:0042572",34,"Down",0.00215339640660574,0.091802688913192,"Down","Down","Down",FALSE
"GO:0001836",19,"Down",0.00263912649152423,0.0988476764737953,"Down","Down","Down",FALSE
"GO:0002221",13,"Down",0.00262086169597025,0.0988476764737953,"Down","Down","Down",FALSE
"GO:0006895",13,"Up",0.00260038638667405,0.0988476764737953,"Up","Up","Up",FALSE
"GO:0016579",53,"Up",0.00253787956370445,0.0988476764737953,"Up","Up","Up",FALSE
"GO:0030210",10,"Up",0.00244393032020872,0.0988476764737953,"Up","Up","Up",FALSE
"GO:0032735",32,"Down",0.00262438896085675,0.0988476764737953,"Down","Down","Down",FALSE
"GO:0045665",47,"Up",0.00249138681384334,0.0988476764737953,"Up","Up","Up",FALSE
"GO:0046856",23,"Up",0.00264407365053362,0.0988476764737953,"Up","Up","Up",FALSE
"GO:0032689",31,"Down",0.00282629721840446,0.104059124859437,"Down","Down","Down",FALSE
"GO:0007076",13,"Down",0.00287112479603312,0.104131839617321,"Down","Down","Down",FALSE
"GO:0007159",27,"Down",0.00292402236297367,0.104490799147441,"Down","Down","Down",FALSE
"GO:0002523",12,"Down",0.0030620467066641,0.107456516128588,"Down","Down","Down",FALSE
"GO:0032693",18,"Down",0.00309545519711981,0.107456516128588,"Down","Down","Down",FALSE
"GO:0032720",51,"Down",0.00325170288200653,0.10974497226772,"Down","Down","Down",FALSE
"GO:0034453",10,"Up",0.00324982067065865,0.10974497226772,"Up","Up","Up",FALSE
"GO:0010273",11,"Down",0.00347838190651848,0.11264299805201,"Down","Down","Down",FALSE
"GO:0048813",29,"Up",0.00349827418177096,0.11264299805201,"Up","Up","Up",FALSE
"GO:0070098",54,"Down",0.00356934602880856,0.11264299805201,"Down","Down","Down",FALSE
"GO:0071639",12,"Down",0.00353886954257403,0.11264299805201,"Down","Down","Down",FALSE
"GO:0097028",12,"Down",0.00342506163269877,0.11264299805201,"Down","Down","Down",FALSE
"GO:0002376",36,"Down",0.00364615911826399,0.11359188022284,"Down","Down","Down",FALSE
"GO:0006958",23,"Down",0.00398642007311988,0.122620263008624,"Down","Down","Down",FALSE
"GO:0001516",15,"Down",0.00431223300754148,0.127619367210011,"Down","Down","Down",FALSE
"GO:0007030",84,"Up",0.00433935779069796,0.127619367210011,"Up","Up","Up",FALSE
"GO:0060213",11,"Up",0.00432229837581271,0.127619367210011,"Up","Up","Up",FALSE
"GO:0071679",10,"Up",0.00435901542322259,0.127619367210011,"Up","Up","Up",FALSE
"GO:0002181",32,"Down",0.00479198918003859,0.1354015547383,"Down","Down","Down",FALSE
"GO:0032496",125,"Down",0.00475282400167971,0.1354015547383,"Down","Down","Down",FALSE
"GO:0140115",10,"Up",0.00477852201981281,0.1354015547383,"Up","Up","Up",FALSE
"GO:0002250",150,"Down",0.00496413749558908,0.137077887662289,"Down","Down","Down",FALSE
"GO:0044346",11,"Down",0.0049440798233178,0.137077887662289,"Down","Down","Down",FALSE
"GO:0050727",75,"Down",0.00516358533192139,0.139416803961878,"Down","Down","Down",FALSE
"GO:1901224",57,"Down",0.00515937383411732,0.139416803961878,"Down","Down","Down",FALSE
"GO:0015693",12,"Up",0.00588923375158583,0.155260038622563,"Up","Up","Up",FALSE
"GO:0016064",19,"Down",0.00594205086086353,0.155260038622563,"Down","Down","Down",FALSE
"GO:0090200",19,"Down",0.00593126079783705,0.155260038622563,"Down","Down","Down",FALSE
"GO:0006414",10,"Down",0.00629301534203998,0.157649765785125,"Down","Down","Down",FALSE
"GO:0009791",60,"Up",0.00623033071368161,0.157649765785125,"Up","Up","Up",FALSE
"GO:0032729",65,"Down",0.00618859204363803,0.157649765785125,"Down","Down","Down",FALSE
"GO:1904754",16,"Up",0.00621899566904601,0.157649765785125,"Up","Up","Up",FALSE
"GO:0150077",10,"Down",0.00639969995719876,0.158686437714214,"Down","Down","Down",FALSE
"GO:0044331",28,"Up",0.00666015841857056,0.16347661572855,"Up","Up","Up",FALSE
"GO:0045824",25,"Down",0.00701505508286296,0.169442239540461,"Down","Down","Down",FALSE
"GO:0050673",41,"Up",0.00704266098501507,0.169442239540461,"Up","Up","Up",FALSE
"GO:0035019",43,"Up",0.0071816437301065,0.171092100629008,"Up","Up","Up",FALSE
"GO:0010803",19,"Down",0.00741667586271742,0.172985632134846,"Down","Down","Down",FALSE
"GO:0045651",13,"Down",0.00747164763668399,0.172985632134846,"Down","Down","Down",FALSE
"GO:0086064",11,"Up",0.00747468780829581,0.172985632134846,"Up","Up","Up",FALSE
"GO:0006952",50,"Down",0.00812342669856016,0.179544151734859,"Down","Down","Down",FALSE
"GO:0030101",22,"Down",0.00849694545247274,0.179544151734859,"Down","Down","Down",FALSE
"GO:0030889",14,"Down",0.00816400973336785,0.179544151734859,"Down","Down","Down",FALSE
"GO:0033365",14,"Up",0.00788520144404618,0.179544151734859,"Up","Up","Up",FALSE
"GO:0042733",49,"Up",0.00807561195431611,0.179544151734859,"Up","Up","Up",FALSE
"GO:0050830",90,"Down",0.00847297678927549,0.179544151734859,"Down","Down","Down",FALSE
"GO:0061077",34,"Down",0.00844084235328974,0.179544151734859,"Down","Down","Down",FALSE
"GO:0071383",13,"Up",0.00842988434312262,0.179544151734859,"Up","Up","Up",FALSE
"GO:0097011",10,"Down",0.00798113446811505,0.179544151734859,"Down","Down","Down",FALSE
"GO:1905515",43,"Up",0.00837918353424253,0.179544151734859,"Up","Up","Up",FALSE
"GO:0042744",16,"Down",0.00895987661129826,0.186089745003887,"Down","Down","Down",FALSE
"GO:1903830",14,"Up",0.0088895727888488,0.186089745003887,"Up","Up","Up",FALSE
"GO:0032691",24,"Down",0.0092127279442809,0.189719736479683,"Down","Down","Down",FALSE
"GO:0097202",13,"Down",0.00950142468927018,0.193108020905879,"Down","Down","Down",FALSE
"GO:1905907",10,"Down",0.00953619856325327,0.193108020905879,"Down","Down","Down",FALSE
"GO:0006893",23,"Up",0.0100183860121666,0.198470143480357,"Up","Up","Up",FALSE
"GO:0008589",17,"Up",0.0101626891534477,0.198470143480357,"Up","Up","Up",FALSE
"GO:0008637",14,"Down",0.0101035337996861,0.198470143480357,"Down","Down","Down",FALSE
"GO:0046330",81,"Down",0.0101764972109757,0.198470143480357,"Down","Down","Down",FALSE
"GO:2000379",24,"Down",0.0102093695205945,0.198470143480357,"Down","Down","Down",FALSE
"GO:0006956",15,"Down",0.010399057718626,0.198974096505994,"Down","Down","Down",FALSE
"GO:0031123",10,"Up",0.0103634465701457,0.198974096505994,"Up","Up","Up",FALSE
"GO:0032753",22,"Down",0.0105852852984717,0.200955025588174,"Down","Down","Down",FALSE
"GO:0001819",50,"Down",0.0112063672832293,0.208278316257888,"Down","Down","Down",FALSE
"GO:0034605",37,"Down",0.0113995950873659,0.208278316257888,"Down","Down","Down",FALSE
"GO:0045730",12,"Down",0.011324147071243,0.208278316257888,"Down","Down","Down",FALSE
"GO:0050829",71,"Down",0.0112941509259761,0.208278316257888,"Down","Down","Down",FALSE
"GO:0051412",13,"Down",0.0111035629583896,0.208278316257888,"Down","Down","Down",FALSE
"GO:0003281",27,"Up",0.011564706146926,0.20918532705721,"Up","Up","Up",FALSE
"GO:0042552",56,"Up",0.0116214070587339,0.20918532705721,"Up","Up","Up",FALSE
"GO:0034356",10,"Down",0.011858783319407,0.210862807234463,"Down","Down","Down",FALSE
"GO:0060340",18,"Down",0.0118881500374985,0.210862807234463,"Down","Down","Down",FALSE
"GO:0030225",29,"Down",0.012198032028901,0.211531026770249,"Down","Down","Down",FALSE
"GO:0031640",72,"Down",0.0122740225409897,0.211531026770249,"Down","Down","Down",FALSE
"GO:0034394",23,"Up",0.0122478623393305,0.211531026770249,"Up","Up","Up",FALSE
"GO:0042130",39,"Down",0.0121302589750237,0.211531026770249,"Down","Down","Down",FALSE
"GO:0042113",26,"Down",0.012816378734923,0.219322537506077,"Down","Down","Down",FALSE
"GO:0030855",72,"Down",0.0130729173255487,0.222138565464266,"Down","Down","Down",FALSE
"GO:0055091",13,"Down",0.0131637668423269,0.222138565464266,"Down","Down","Down",FALSE
"GO:0006622",24,"Up",0.0133577670309812,0.223857750932996,"Up","Up","Up",FALSE
"GO:0035633",29,"Up",0.0134693443285833,0.224181552866146,"Up","Up","Up",FALSE
"GO:0019827",35,"Up",0.0138062647194415,0.228226008627502,"Up","Up","Up",FALSE
"GO:0031663",33,"Down",0.0139260040771638,0.228649931807486,"Down","Down","Down",FALSE
"GO:0016055",129,"Up",0.0143088189388716,0.230267748486476,"Up","Up","Up",FALSE
"GO:0030318",20,"Up",0.0142527653188319,0.230267748486476,"Up","Up","Up",FALSE
"GO:0031295",41,"Down",0.014263711755159,0.230267748486476,"Down","Down","Down",FALSE
"GO:0007259",43,"Down",0.0147380932078809,0.235615569047044,"Down","Down","Down",FALSE
"GO:0000724",86,"Up",0.0148876489821878,0.23615195007671,"Up","Up","Up",FALSE
"GO:0002548",22,"Down",0.0149660083587709,0.23615195007671,"Down","Down","Down",FALSE
"GO:0001817",51,"Up",0.0158977905627559,0.241222266217384,"Up","Up","Up",FALSE
"GO:0007215",17,"Up",0.0160814844144923,0.241222266217384,"Up","Up","Up",FALSE
"GO:0007405",36,"Up",0.0159830412695923,0.241222266217384,"Up","Up","Up",FALSE
"GO:0010881",16,"Up",0.0159645012703384,0.241222266217384,"Up","Up","Up",FALSE
"GO:0031124",23,"Up",0.0155093228769109,0.241222266217384,"Up","Up","Up",FALSE
"GO:0035196",12,"Up",0.0158636757078283,0.241222266217384,"Up","Up","Up",FALSE
"GO:0050873",28,"Down",0.0155797670437445,0.241222266217384,"Down","Down","Down",FALSE
"GO:0060271",178,"Up",0.0158333069441262,0.241222266217384,"Up","Up","Up",FALSE
"GO:0002281",12,"Down",0.0162694260510124,0.24187467002701,"Down","Down","Down",FALSE
"GO:0033280",15,"Down",0.016324051804292,0.24187467002701,"Down","Down","Down",FALSE
"GO:0051591",31,"Down",0.016557862534767,0.243852157330205,"Down","Down","Down",FALSE
"GO:0031643",17,"Up",0.0168086187359092,0.244580500169217,"Up","Up","Up",FALSE
"GO:2001244",30,"Down",0.016757747489325,0.244580500169217,"Down","Down","Down",FALSE
"GO:0045666",71,"Up",0.0169883584557581,0.245724470520787,"Up","Up","Up",FALSE
"GO:0045779",15,"Down",0.0179057641281059,0.257461578883416,"Down","Down","Down",FALSE
"GO:0009303",12,"Down",0.0181355509406715,0.257715723893753,"Down","Down","Down",FALSE
"GO:0010951",36,"Down",0.0180676401238412,0.257715723893753,"Down","Down","Down",FALSE
"GO:0006412",104,"Down",0.0186208394053719,0.261932770046835,"Down","Down","Down",FALSE
"GO:0035458",22,"Down",0.0186478885671204,0.261932770046835,"Down","Down","Down",FALSE
"GO:0032008",28,"Down",0.018781594956916,0.262294688191413,"Down","Down","Down",FALSE
"GO:0007411",150,"Up",0.0188963576774398,0.262389423749593,"Up","Up","Up",FALSE
"GO:0019430",14,"Down",0.0191754422584776,0.263256071684184,"Down","Down","Down",FALSE
"GO:1904262",42,"Up",0.0191117081302528,0.263256071684184,"Up","Up","Up",FALSE
"GO:1900017",23,"Down",0.0193900819118439,0.264707298010003,"Down","Down","Down",FALSE
"GO:0051965",50,"Up",0.0195331659544562,0.265170912119154,"Up","Up","Up",FALSE
"GO:0032870",31,"Down",0.0196893963032599,0.265806850094008,"Down","Down","Down",FALSE
"GO:0002682",28,"Up",0.019877196683253,0.266859601880137,"Up","Up","Up",FALSE
"GO:0019933",33,"Up",0.0204151729806387,0.268156055907849,"Up","Up","Up",FALSE
"GO:0070507",27,"Up",0.020158248678561,0.268156055907849,"Up","Up","Up",FALSE
"GO:1900016",21,"Down",0.020323138323754,0.268156055907849,"Down","Down","Down",FALSE
"GO:1902600",133,"Down",0.0202204276416739,0.268156055907849,"Down","Down","Down",FALSE
"GO:0001764",94,"Up",0.0209462892224875,0.269461160357057,"Up","Up","Up",FALSE
"GO:0006953",26,"Down",0.0210689796163954,0.269461160357057,"Down","Down","Down",FALSE
"GO:0030031",14,"Down",0.0208934348146676,0.269461160357057,"Down","Down","Down",FALSE
"GO:0045861",17,"Down",0.0207356829927772,0.269461160357057,"Down","Down","Down",FALSE
"GO:2000785",13,"Up",0.0210149484292628,0.269461160357057,"Up","Up","Up",FALSE
"GO:0043407",24,"Down",0.0212645538930607,0.270538565236322,"Down","Down","Down",FALSE
"GO:0000387",25,"Down",0.0220290200343298,0.27804686618268,"Down","Down","Down",FALSE
"GO:0015908",21,"Down",0.022290364859915,0.27804686618268,"Down","Down","Down",FALSE
"GO:0030007",13,"Up",0.02231240284182,0.27804686618268,"Up","Up","Up",FALSE
"GO:0090023",23,"Down",0.022310978949121,0.27804686618268,"Down","Down","Down",FALSE
"GO:0007156",109,"Up",0.0226719603230893,0.281086038699525,"Up","Up","Up",FALSE
"GO:0032703",23,"Down",0.0228610105775554,0.281991145702841,"Down","Down","Down",FALSE
"GO:0010762",11,"Up",0.023079913482649,0.283253483650692,"Up","Up","Up",FALSE
"GO:0023035",10,"Down",0.0233442421503762,0.285057831283489,"Down","Down","Down",FALSE
"GO:0000226",98,"Up",0.0240346550234031,0.286295155425831,"Up","Up","Up",FALSE
"GO:0009083",11,"Up",0.0240078813669006,0.286295155425831,"Up","Up","Up",FALSE
"GO:0033689",11,"Up",0.0237934344855201,0.286295155425831,"Up","Up","Up",FALSE
"GO:0070254",12,"Down",0.023648828961523,0.286295155425831,"Down","Down","Down",FALSE
"GO:2000406",19,"Down",0.0238270812544783,0.286295155425831,"Down","Down","Down",FALSE
"GO:0007064",13,"Up",0.0243429691799796,0.2885532444261,"Up","Up","Up",FALSE
"GO:0003333",25,"Up",0.0245908877098199,0.288655013509303,"Up","Up","Up",FALSE
"GO:0032700",13,"Down",0.0247079188518251,0.288655013509303,"Down","Down","Down",FALSE
"GO:0050966",13,"Up",0.0246282311890442,0.288655013509303,"Up","Up","Up",FALSE
"GO:0042267",24,"Down",0.0252607867202415,0.29063642288676,"Down","Down","Down",FALSE
"GO:0043268",10,"Up",0.0253559348362111,0.29063642288676,"Up","Up","Up",FALSE
"GO:0045579",11,"Down",0.0252789412954696,0.29063642288676,"Down","Down","Down",FALSE
"GO:0061621",15,"Down",0.0251729247079419,0.29063642288676,"Down","Down","Down",FALSE
"GO:0006693",14,"Down",0.0257004546757889,0.291655517456927,"Down","Down","Down",FALSE
"GO:0018230",14,"Up",0.0258049120383701,0.291655517456927,"Up","Up","Up",FALSE
"GO:0032715",40,"Down",0.0257256304821874,0.291655517456927,"Down","Down","Down",FALSE
"GO:0006284",25,"Down",0.0264935390383142,0.297861131026273,"Down","Down","Down",FALSE
"GO:0016180",12,"Up",0.0270210208313233,0.297861131026273,"Up","Up","Up",FALSE
"GO:0022038",14,"Up",0.027089427965764,0.297861131026273,"Up","Up","Up",FALSE
"GO:0032007",23,"Up",0.0270269415695279,0.297861131026273,"Up","Up","Up",FALSE
"GO:0033209",44,"Down",0.0270029306286612,0.297861131026273,"Down","Down","Down",FALSE
"GO:0120316",14,"Up",0.0270284969949129,0.297861131026273,"Up","Up","Up",FALSE
"GO:0002227",20,"Down",0.027540474955499,0.298610270107925,"Down","Down","Down",FALSE
"GO:0003222",11,"Up",0.0274936887407895,0.298610270107925,"Up","Up","Up",FALSE
"GO:0021537",15,"Down",0.0280177537385213,0.298610270107925,"Down","Down","Down",FALSE
"GO:0035024",21,"Up",0.0279387639585483,0.298610270107925,"Up","Up","Up",FALSE
"GO:0043154",25,"Down",0.027689973149177,0.298610270107925,"Down","Down","Down",FALSE
"GO:0051604",55,"Down",0.0275469944440366,0.298610270107925,"Down","Down","Down",FALSE
"GO:0071353",16,"Down",0.0279724590524974,0.298610270107925,"Down","Down","Down",FALSE
"GO:0001942",35,"Up",0.0281598056533426,0.298813658242893,"Up","Up","Up",FALSE
"GO:1900153",10,"Up",0.0288995044214536,0.305329546713618,"Up","Up","Up",FALSE
"GO:0045332",21,"Up",0.0291617204174123,0.306766149845506,"Up","Up","Up",FALSE
"GO:0000727",11,"Down",0.0300564674375826,0.308173906638505,"Down","Down","Down",FALSE
"GO:0007422",23,"Up",0.0297066105961771,0.308173906638505,"Up","Up","Up",FALSE
"GO:0017148",71,"Up",0.0295581414463477,0.308173906638505,"Up","Up","Up",FALSE
"GO:0034142",29,"Down",0.03000578839591,0.308173906638505,"Down","Down","Down",FALSE
"GO:0070527",42,"Down",0.0298303567737459,0.308173906638505,"Down","Down","Down",FALSE
"GO:0097696",18,"Down",0.0295811728497024,0.308173906638505,"Down","Down","Down",FALSE
"GO:0000209",120,"Up",0.0310715496801605,0.310478382253379,"Up","Up","Up",FALSE
"GO:0007080",37,"Down",0.0313033759885094,0.310478382253379,"Down","Down","Down",FALSE
"GO:0007288",26,"Up",0.0309328830675049,0.310478382253379,"Up","Up","Up",FALSE
"GO:0010717",13,"Up",0.0309040213426902,0.310478382253379,"Up","Up","Up",FALSE
"GO:0030183",54,"Down",0.0312153780849568,0.310478382253379,"Down","Down","Down",FALSE
"GO:0046426",15,"Down",0.0307238774453809,0.310478382253379,"Down","Down","Down",FALSE
"GO:0048596",12,"Up",0.0308216924915469,0.310478382253379,"Up","Up","Up",FALSE
"GO:0061024",26,"Up",0.0312929202361189,0.310478382253379,"Up","Up","Up",FALSE
"GO:0045471",91,"Down",0.0316190817147513,0.311070318084395,"Down","Down","Down",FALSE
"GO:0045793",10,"Up",0.0314988160525205,0.311070318084395,"Up","Up","Up",FALSE
"GO:0006644",35,"Down",0.0323758510098703,0.314147588972079,"Down","Down","Down",FALSE
"GO:0007166",212,"Down",0.0323135702152226,0.314147588972079,"Down","Down","Down",FALSE
"GO:0032930",19,"Down",0.032448989642795,0.314147588972079,"Down","Down","Down",FALSE
"GO:0051607",180,"Down",0.0321455059839864,0.314147588972079,"Down","Down","Down",FALSE
"GO:0021915",24,"Up",0.0327082173698305,0.315400667494794,"Up","Up","Up",FALSE
"GO:0010818",10,"Down",0.0328824981408991,0.315827946570691,"Down","Down","Down",FALSE
"GO:0006268",20,"Down",0.0333679957784062,0.317508715578187,"Down","Down","Down",FALSE
"GO:0022604",20,"Up",0.0333730680557784,0.317508715578187,"Up","Up","Up",FALSE
"GO:0035022",10,"Up",0.0335495207820599,0.317508715578187,"Up","Up","Up",FALSE
"GO:0045454",36,"Down",0.0335801398780222,0.317508715578187,"Down","Down","Down",FALSE
"GO:0014047",10,"Up",0.0337716217169659,0.318081553380725,"Up","Up","Up",FALSE
"GO:0002430",12,"Down",0.0339144765766171,0.318193737765172,"Down","Down","Down",FALSE
"GO:0030890",42,"Down",0.0345087959245519,0.321121764601781,"Down","Down","Down",FALSE
"GO:0042753",10,"Up",0.0345362288019799,0.321121764601781,"Up","Up","Up",FALSE
"GO:0060337",38,"Down",0.0346230050722907,0.321121764601781,"Down","Down","Down",FALSE
"GO:0097150",18,"Up",0.0351886218035278,0.325126809819667,"Up","Up","Up",FALSE
"GO:0006275",38,"Up",0.035625417043219,0.325996109239066,"Up","Up","Up",FALSE
"GO:0051156",10,"Down",0.03559899632248,0.325996109239066,"Down","Down","Down",FALSE
"GO:0055119",13,"Up",0.0356851708055932,0.325996109239066,"Up","Up","Up",FALSE
"GO:0033148",10,"Up",0.0360077666298143,0.327711134496063,"Up","Up","Up",FALSE
"GO:0008286",59,"Up",0.0361847645407088,0.327791597279781,"Up","Up","Up",FALSE
"GO:0019882",18,"Down",0.0362863949252103,0.327791597279781,"Down","Down","Down",FALSE
"GO:0043116",11,"Up",0.0365151909918254,0.328636718926428,"Up","Up","Up",FALSE
"GO:0031297",29,"Up",0.0368553705124543,0.330474355517579,"Up","Up","Up",FALSE
"GO:0006935",95,"Down",0.0370846058958456,0.331266037703718,"Down","Down","Down",FALSE
"GO:0010332",24,"Down",0.0372834030815551,0.331266037703718,"Down","Down","Down",FALSE
"GO:0018149",23,"Down",0.0373526314118595,0.331266037703718,"Down","Down","Down",FALSE
"GO:2001214",12,"Up",0.0375166950982452,0.331511160322676,"Up","Up","Up",FALSE
"GO:0034243",16,"Up",0.0384825190124748,0.338283799487951,"Up","Up","Up",FALSE
"GO:0051014",11,"Down",0.038561568912824,0.338283799487951,"Down","Down","Down",FALSE
"GO:0071474",11,"Up",0.0388120670096669,0.339256556955002,"Up","Up","Up",FALSE
"GO:2000811",17,"Up",0.0390764086033035,0.340342913641675,"Up","Up","Up",FALSE
"GO:0006473",11,"Up",0.0396181567796365,0.341152394414088,"Up","Up","Up",FALSE
"GO:0007043",35,"Up",0.0400890364113354,0.341152394414088,"Up","Up","Up",FALSE
"GO:0007099",17,"Up",0.0396608790946905,0.341152394414088,"Up","Up","Up",FALSE
"GO:0016339",39,"Up",0.0399557103954595,0.341152394414088,"Up","Up","Up",FALSE
"GO:0034121",10,"Down",0.0396484516409513,0.341152394414088,"Down","Down","Down",FALSE
"GO:0046761",11,"Down",0.0401520925112877,0.341152394414088,"Down","Down","Down",FALSE
"GO:0097194",19,"Down",0.0399570100302419,0.341152394414088,"Down","Down","Down",FALSE
"GO:0033147",13,"Up",0.0403313066314933,0.341481097960031,"Up","Up","Up",FALSE
"GO:0001702",15,"Up",0.0408987584355768,0.34508327430018,"Up","Up","Up",FALSE
"GO:0060644",11,"Down",0.0412571891063677,0.346903008749044,"Down","Down","Down",FALSE
"GO:0006096",35,"Down",0.0418166353794925,0.349190460385453,"Down","Down","Down",FALSE
"GO:0010839",19,"Up",0.0416808544469179,0.349190460385453,"Up","Up","Up",FALSE
"GO:0035194",12,"Up",0.0420322930039377,0.349329794637993,"Up","Up","Up",FALSE
"GO:2001224",13,"Up",0.0421208353205481,0.349329794637993,"Up","Up","Up",FALSE
"GO:0021554",13,"Up",0.0426046070083006,0.35214011915024,"Up","Up","Up",FALSE
"GO:0071347",39,"Down",0.0430931284440265,0.354970515657574,"Down","Down","Down",FALSE
"GO:0002764",14,"Down",0.0442167342497055,0.357098261836892,"Down","Down","Down",FALSE
"GO:0007250",11,"Down",0.0438991309556874,0.357098261836892,"Down","Down","Down",FALSE
"GO:0010759",18,"Down",0.0436392152820882,0.357098261836892,"Down","Down","Down",FALSE
"GO:0030574",36,"Down",0.0436966492507943,0.357098261836892,"Down","Down","Down",FALSE
"GO:0031503",13,"Up",0.0442331591822652,0.357098261836892,"Up","Up","Up",FALSE
"GO:0051450",12,"Down",0.0441982171854703,0.357098261836892,"Down","Down","Down",FALSE
"GO:0022617",37,"Down",0.0445289140288179,0.358249403415463,"Down","Down","Down",FALSE
"GO:0031047",18,"Up",0.0446706046234096,0.358249403415463,"Up","Up","Up",FALSE
"GO:0006364",82,"Down",0.0450000947291136,0.359334614113718,"Down","Down","Down",FALSE
"GO:0043029",28,"Down",0.0452015160887614,0.359334614113718,"Down","Down","Down",FALSE
"GO:0044818",20,"Up",0.0452495439995053,0.359334614113718,"Up","Up","Up",FALSE
"GO:0046697",22,"Down",0.046329277521429,0.363879926655969,"Down","Down","Down",FALSE
"GO:0060976",21,"Up",0.046136524024704,0.363879926655969,"Up","Up","Up",FALSE
"GO:0070555",29,"Down",0.0463980066369983,0.363879926655969,"Down","Down","Down",FALSE
"GO:0097191",44,"Down",0.0464208959931483,0.363879926655969,"Down","Down","Down",FALSE
"GO:0039702",18,"Down",0.0469113121501479,0.366379484261382,"Down","Down","Down",FALSE
"GO:0042110",53,"Down",0.0475890751765279,0.366379484261382,"Down","Down","Down",FALSE
"GO:0042407",13,"Down",0.0472490861154854,0.366379484261382,"Down","Down","Down",FALSE
"GO:0045807",17,"Down",0.0473571310568222,0.366379484261382,"Down","Down","Down",FALSE
"GO:0070269",27,"Down",0.047644410299011,0.366379484261382,"Down","Down","Down",FALSE
"GO:0070301",54,"Down",0.0472939042071777,0.366379484261382,"Down","Down","Down",FALSE
"GO:0007339",27,"Down",0.0479434479977248,0.367516020928932,"Down","Down","Down",FALSE
"GO:0030514",50,"Up",0.0484161461784809,0.369972437778958,"Up","Up","Up",FALSE
"GO:0031290",14,"Up",0.0486027954212677,0.370234460419061,"Up","Up","Up",FALSE
"GO:0089718",13,"Up",0.04884207203115,0.370894484486545,"Up","Up","Up",FALSE
"GO:0006607",10,"Up",0.050175374489256,0.371759730254709,"Up","Up","Up",FALSE
"GO:0019886",21,"Down",0.05017991420722,0.371759730254709,"Down","Down","Down",FALSE
"GO:0032259",68,"Up",0.0500720674220207,0.371759730254709,"Up","Up","Up",FALSE
"GO:0045333",31,"Down",0.0498979507159923,0.371759730254709,"Down","Down","Down",FALSE
"GO:0051044",14,"Down",0.0500928605051902,0.371759730254709,"Down","Down","Down",FALSE
"GO:0051310",15,"Down",0.0495227584428637,0.371759730254709,"Down","Down","Down",FALSE
"GO:1902176",13,"Down",0.0493269344326177,0.371759730254709,"Down","Down","Down",FALSE
"GO:2000352",29,"Down",0.0500089997299025,0.371759730254709,"Down","Down","Down",FALSE
"GO:0001580",29,"Up",0.0509895884879601,0.374334441165387,"Up","Up","Up",FALSE
"GO:0042176",14,"Down",0.0508863605169527,0.374334441165387,"Down","Down","Down",FALSE
"GO:0042308",14,"Up",0.0507289630698166,0.374334441165387,"Up","Up","Up",FALSE
"GO:0035278",14,"Up",0.0512871179225081,0.374937042576544,"Up","Up","Up",FALSE
"GO:0050804",70,"Up",0.051380261390119,0.374937042576544,"Up","Up","Up",FALSE
"GO:0032026",10,"Down",0.0516700885281222,0.375923099171668,"Down","Down","Down",FALSE
"GO:0006002",12,"Down",0.0523136533391888,0.37736153989235,"Down","Down","Down",FALSE
"GO:0030902",16,"Up",0.0524889713924339,0.37736153989235,"Up","Up","Up",FALSE
"GO:0060292",17,"Up",0.0524069531320996,0.37736153989235,"Up","Up","Up",FALSE
"GO:0060391",33,"Up",0.0521030441390346,0.37736153989235,"Up","Up","Up",FALSE
"GO:0015816",10,"Up",0.0538859526903547,0.378394087248767,"Up","Up","Up",FALSE
"GO:0030220",17,"Down",0.0535924389159646,0.378394087248767,"Down","Down","Down",FALSE
"GO:0032200",18,"Down",0.0538747133906066,0.378394087248767,"Down","Down","Down",FALSE
"GO:0032495",11,"Down",0.0539409041459135,0.378394087248767,"Down","Down","Down",FALSE
"GO:0032740",24,"Down",0.0528471148563753,0.378394087248767,"Down","Down","Down",FALSE
"GO:0050921",16,"Down",0.0539090465510411,0.378394087248767,"Down","Down","Down",FALSE
"GO:0071280",19,"Down",0.0532587148531077,0.378394087248767,"Down","Down","Down",FALSE
"GO:0071294",18,"Down",0.0534414073865952,0.378394087248767,"Down","Down","Down",FALSE
"GO:0090201",16,"Down",0.0540340527881984,0.378394087248767,"Down","Down","Down",FALSE
"GO:0035329",19,"Up",0.0549721116235875,0.38385698633712,"Up","Up","Up",FALSE
"GO:0048715",12,"Up",0.0556055230880484,0.386061203154165,"Up","Up","Up",FALSE
"GO:0050853",39,"Down",0.0554877639762383,0.386061203154165,"Down","Down","Down",FALSE
"GO:1905606",30,"Up",0.0560341117959677,0.387928466279777,"Up","Up","Up",FALSE
"GO:0007267",193,"Down",0.0566410495416389,0.390716264388242,"Down","Down","Down",FALSE
"GO:0098586",58,"Down",0.0567583709173043,0.390716264388242,"Down","Down","Down",FALSE
"GO:0007275",39,"Up",0.0570739835126367,0.391000120909462,"Up","Up","Up",FALSE
"GO:0032688",12,"Down",0.0571214168406827,0.391000120909462,"Down","Down","Down",FALSE
"GO:0032355",72,"Down",0.0586607178044426,0.400408832204482,"Down","Down","Down",FALSE
"GO:0021542",22,"Up",0.0592317145664637,0.4031738554524,"Up","Up","Up",FALSE
"GO:0060412",28,"Up",0.0605279876482863,0.410846396607083,"Up","Up","Up",FALSE
"GO:0000289",18,"Up",0.0611963088932507,0.413075085029442,"Up","Up","Up",FALSE
"GO:0043537",15,"Down",0.0611154160813019,0.413075085029442,"Down","Down","Down",FALSE
"GO:0006959",45,"Down",0.0620892257766393,0.416786791815562,"Down","Down","Down",FALSE
"GO:0007566",33,"Down",0.0620103363920587,0.416786791815562,"Down","Down","Down",FALSE
"GO:0060078",28,"Up",0.0622710712988466,0.416855931835254,"Up","Up","Up",FALSE
"GO:1901800",15,"Down",0.0625011224557143,0.417246504306005,"Down","Down","Down",FALSE
"GO:0021702",11,"Up",0.0628035578442357,0.418116837154775,"Up","Up","Up",FALSE
"GO:0007416",63,"Up",0.0631780505267334,0.419460827267656,"Up","Up","Up",FALSE
"GO:0071560",51,"Up",0.0633948723324938,0.419753514354115,"Up","Up","Up",FALSE
"GO:0032088",58,"Down",0.0641052594794168,0.423303751453757,"Down","Down","Down",FALSE
"GO:0031396",13,"Up",0.0647073344981168,0.426121471085159,"Up","Up","Up",FALSE
"GO:0038096",18,"Down",0.0650999552100743,0.427548354487785,"Down","Down","Down",FALSE
"GO:0001568",35,"Up",0.0654707139019766,0.427993010958902,"Up","Up","Up",FALSE
"GO:0051865",60,"Up",0.0655199177270418,0.427993010958902,"Up","Up","Up",FALSE
"GO:0042755",23,"Down",0.0660444763427121,0.429112506718691,"Down","Down","Down",FALSE
"GO:0140588",11,"Up",0.0659600393250205,0.429112506718691,"Up","Up","Up",FALSE
"GO:0003214",10,"Up",0.066582774395956,0.430308887718545,"Up","Up","Up",FALSE
"GO:0007224",70,"Up",0.0665718404638416,0.430308887718545,"Up","Up","Up",FALSE
"GO:0034755",10,"Down",0.0677241634286198,0.435369622041127,"Down","Down","Down",FALSE
"GO:0043123",187,"Down",0.0677085005977047,0.435369622041127,"Down","Down","Down",FALSE
"GO:0000038",13,"Up",0.0687310315371893,0.439426175036617,"Up","Up","Up",FALSE
"GO:0006882",29,"Down",0.0687451255564697,0.439426175036617,"Down","Down","Down",FALSE
"GO:0070374",161,"Down",0.0688976842341362,0.439426175036617,"Down","Down","Down",FALSE
"GO:0021591",14,"Up",0.0691451654622794,0.439850136317641,"Up","Up","Up",FALSE
"GO:0030534",26,"Up",0.0698646790787744,0.443266762823556,"Up","Up","Up",FALSE
"GO:0031638",15,"Down",0.0706179655701901,0.44687931337386,"Down","Down","Down",FALSE
"GO:0046034",22,"Up",0.0708080911346116,0.446918601187289,"Up","Up","Up",FALSE
"GO:0006979",96,"Down",0.0710867423585306,0.447514984277796,"Down","Down","Down",FALSE
"GO:0032743",30,"Down",0.0714696911035788,0.44876317669689,"Down","Down","Down",FALSE
"GO:0048665",18,"Up",0.0716779984133823,0.448911175630204,"Up","Up","Up",FALSE
"GO:0034333",10,"Up",0.0719461404557063,0.449432188450813,"Up","Up","Up",FALSE
"GO:0006626",23,"Down",0.0729901405646849,0.452675321096383,"Down","Down","Down",FALSE
"GO:0007035",18,"Down",0.0730241670246018,0.452675321096383,"Down","Down","Down",FALSE
"GO:0051918",12,"Down",0.0729090551903872,0.452675321096383,"Down","Down","Down",FALSE
"GO:1900182",34,"Down",0.0732369463642434,0.452839134007917,"Down","Down","Down",FALSE
"GO:0000381",47,"Up",0.0734394025496566,0.45289320094839,"Up","Up","Up",FALSE
"GO:0006749",26,"Down",0.0740340226096958,0.45289320094839,"Down","Down","Down",FALSE
"GO:0007173",44,"Up",0.0741093080436407,0.45289320094839,"Up","Up","Up",FALSE
"GO:0015986",16,"Down",0.0741243569011672,0.45289320094839,"Down","Down","Down",FALSE
"GO:0090263",93,"Up",0.074177569538049,0.45289320094839,"Up","Up","Up",FALSE
"GO:0006750",12,"Down",0.0751091609248603,0.457431731948397,"Down","Down","Down",FALSE
"GO:0010457",10,"Up",0.0754447877776688,0.458327085749338,"Up","Up","Up",FALSE
"GO:0072678",10,"Down",0.0759731857625616,0.460386138162157,"Down","Down","Down",FALSE
"GO:0043124",49,"Down",0.0762442113015789,0.460879187718499,"Down","Down","Down",FALSE
"GO:0007020",22,"Up",0.0770065369692042,0.463199709877256,"Up","Up","Up",FALSE
"GO:1904385",14,"Up",0.0770093344816507,0.463199709877256,"Up","Up","Up",FALSE
"GO:0007565",63,"Down",0.0774827380368265,0.464896428220959,"Down","Down","Down",FALSE
"GO:0070498",19,"Down",0.0777564417175268,0.46538954032904,"Down","Down","Down",FALSE
"GO:0042119",16,"Down",0.0793267311823505,0.470085008620147,"Down","Down","Down",FALSE
"GO:0042157",18,"Down",0.0791935155788098,0.470085008620147,"Down","Down","Down",FALSE
"GO:0048709",34,"Up",0.0794704240710693,0.470085008620147,"Up","Up","Up",FALSE
"GO:0060707",11,"Down",0.0794413012516277,0.470085008620147,"Down","Down","Down",FALSE
"GO:2000353",14,"Down",0.0795082051616791,0.470085008620147,"Down","Down","Down",FALSE
"GO:0006360",11,"Down",0.0807291239198114,0.472540952195331,"Down","Down","Down",FALSE
"GO:0006623",11,"Up",0.0801931290305399,0.472540952195331,"Up","Up","Up",FALSE
"GO:0060122",15,"Up",0.0805219370799239,0.472540952195331,"Up","Up","Up",FALSE
"GO:0097193",34,"Down",0.0809548588221711,0.472540952195331,"Down","Down","Down",FALSE
"GO:1900745",24,"Down",0.0810903609322851,0.472540952195331,"Down","Down","Down",FALSE
"GO:1904179",10,"Up",0.0807747388646857,0.472540952195331,"Up","Up","Up",FALSE
"GO:0006405",11,"Up",0.0821777008911236,0.475206982155369,"Up","Up","Up",FALSE
"GO:0006686",11,"Up",0.0823304202640623,0.475206982155369,"Up","Up","Up",FALSE
"GO:0032736",10,"Down",0.0823382420978997,0.475206982155369,"Down","Down","Down",FALSE
"GO:0045060",11,"Down",0.0827223240385978,0.475206982155369,"Down","Down","Down",FALSE
"GO:0045475",12,"Up",0.082702803414778,0.475206982155369,"Up","Up","Up",FALSE
"GO:0071902",20,"Down",0.0826324117841611,0.475206982155369,"Down","Down","Down",FALSE
"GO:1900034",11,"Up",0.0829167738411015,0.475206982155369,"Up","Up","Up",FALSE
"GO:0001890",29,"Down",0.0849880775711907,0.478680960000838,"Down","Down","Down",FALSE
"GO:0008154",20,"Down",0.0841294194527286,0.478680960000838,"Down","Down","Down",FALSE
"GO:0016525",81,"Down",0.0850988373334823,0.478680960000838,"Down","Down","Down",FALSE
"GO:0030010",36,"Up",0.083903258576629,0.478680960000838,"Up","Up","Up",FALSE
"GO:0030148",37,"Up",0.0844098081672225,0.478680960000838,"Up","Up","Up",FALSE
"GO:0030509",65,"Up",0.0849339830444526,0.478680960000838,"Up","Up","Up",FALSE
"GO:0048265",14,"Down",0.08486149330158,0.478680960000838,"Down","Down","Down",FALSE
"GO:0051984",11,"Up",0.0843536854428022,0.478680960000838,"Up","Up","Up",FALSE
"GO:0000902",92,"Up",0.0880577019107988,0.479617000014024,"Up","Up","Up",FALSE
"GO:0001656",28,"Up",0.0887343277233229,0.479617000014024,"Up","Up","Up",FALSE
"GO:0002218",25,"Down",0.0874707051110869,0.479617000014024,"Down","Down","Down",FALSE
"GO:0002503",10,"Down",0.088770704461486,0.479617000014024,"Down","Down","Down",FALSE
"GO:0007266",47,"Down",0.0883531978357323,0.479617000014024,"Down","Down","Down",FALSE
"GO:0007600",10,"Down",0.08881796296556,0.479617000014024,"Down","Down","Down",FALSE
"GO:0009409",23,"Down",0.0873127408863257,0.479617000014024,"Down","Down","Down",FALSE
"GO:0010608",17,"Up",0.0859912556516322,0.479617000014024,"Up","Up","Up",FALSE
"GO:0010613",18,"Up",0.0873384673965142,0.479617000014024,"Up","Up","Up",FALSE
"GO:0016310",117,"Down",0.0883954764118428,0.479617000014024,"Down","Down","Down",FALSE
"GO:0030518",10,"Up",0.0865184321964689,0.479617000014024,"Up","Up","Up",FALSE
"GO:0034472",12,"Up",0.0877162646642795,0.479617000014024,"Up","Up","Up",FALSE
"GO:0043473",19,"Up",0.0868147171721362,0.479617000014024,"Up","Up","Up",FALSE
"GO:0048662",26,"Down",0.0878141979815244,0.479617000014024,"Down","Down","Down",FALSE
"GO:0050796",42,"Down",0.0862069756487228,0.479617000014024,"Down","Down","Down",FALSE
"GO:0051281",28,"Down",0.0857484656720253,0.479617000014024,"Down","Down","Down",FALSE
"GO:0070244",10,"Down",0.0887714635539004,0.479617000014024,"Down","Down","Down",FALSE
"GO:1902043",11,"Up",0.087269567079766,0.479617000014024,"Up","Up","Up",FALSE
"GO:1904996",11,"Down",0.0892032419441571,0.48062944107384,"Down","Down","Down",FALSE
"GO:0030330",17,"Up",0.0898286411494394,0.48292831414411,"Up","Up","Up",FALSE
"GO:0072520",14,"Up",0.0901011476431798,0.483324037026329,"Up","Up","Up",FALSE
"GO:0031032",23,"Up",0.0906650688567461,0.483633872858659,"Up","Up","Up",FALSE
"GO:0035904",21,"Up",0.0904183479956907,0.483633872858659,"Up","Up","Up",FALSE
"GO:0045745",16,"Down",0.0911179167451376,0.483633872858659,"Down","Down","Down",FALSE
"GO:0060546",14,"Down",0.0909713847335126,0.483633872858659,"Down","Down","Down",FALSE
"GO:0060907",21,"Down",0.0911540385881752,0.483633872858659,"Down","Down","Down",FALSE
"GO:0090141",17,"Up",0.0916645442632307,0.485282881393575,"Up","Up","Up",FALSE
"GO:0007249",30,"Down",0.0922670280386462,0.48533200986444,"Down","Down","Down",FALSE
"GO:0010821",14,"Down",0.0922729994063257,0.48533200986444,"Down","Down","Down",FALSE
"GO:0042073",26,"Up",0.0921422238100634,0.48533200986444,"Up","Up","Up",FALSE
"GO:0006486",61,"Up",0.0927998482517356,0.48653520903956,"Up","Up","Up",FALSE
"GO:0035332",11,"Up",0.0929021962939736,0.48653520903956,"Up","Up","Up",FALSE
"GO:0007033",11,"Up",0.0939102502917568,0.490756791847245,"Up","Up","Up",FALSE
"GO:0002407",13,"Down",0.0953964036553116,0.496388138934491,"Down","Down","Down",FALSE
"GO:0003009",18,"Down",0.0952295867955677,0.496388138934491,"Down","Down","Down",FALSE
"GO:0006493",53,"Up",0.0957504301930495,0.497165695233142,"Up","Up","Up",FALSE
"GO:0006909",55,"Down",0.096419461040176,0.4991614863589,"Down","Down","Down",FALSE
"GO:0051693",11,"Down",0.0965456372792933,0.4991614863589,"Down","Down","Down",FALSE
"GO:0006406",42,"Up",0.0968070260673161,0.499450261875962,"Up","Up","Up",FALSE
"GO:0010458",12,"Up",0.0972497361533623,0.500671311128539,"Up","Up","Up",FALSE
"GO:0007007",14,"Down",0.0979670826897875,0.501780613779516,"Down","Down","Down",FALSE
"GO:0048812",48,"Up",0.0980159234518325,0.501780613779516,"Up","Up","Up",FALSE
"GO:0090162",10,"Up",0.098084687878712,0.501780613779516,"Up","Up","Up",FALSE
"GO:0032228",12,"Up",0.0985214530100176,0.502058812487382,"Up","Up","Up",FALSE
"GO:0045947",12,"Up",0.0987588939789994,0.502058812487382,"Up","Up","Up",FALSE
"GO:0090043",10,"Up",0.0986382364158451,0.502058812487382,"Up","Up","Up",FALSE
"GO:0007276",15,"Up",0.0993817114584507,0.503119914258407,"Up","Up","Up",FALSE
"GO:0045109",46,"Down",0.0992210449191004,0.503119914258407,"Down","Up","Down",FALSE
"GO:0070828",11,"Up",0.0996267070223908,0.503311638387546,"Up","Up","Up",FALSE
"GO:0006865",42,"Up",0.100057820506076,0.504440879314866,"Up","Up","Up",FALSE
"GO:0001829",14,"Down",0.100376801924593,0.505001301608203,"Down","Down","Down",FALSE
"GO:0007520",23,"Up",0.100918169282128,0.506675932552834,"Up","Up","Up",FALSE
"GO:0001570",55,"Up",0.101215377441001,0.506928972428733,"Up","Up","Up",FALSE
"GO:0008654",18,"Up",0.101385794485747,0.506928972428733,"Up","Up","Up",FALSE
"GO:0031573",12,"Up",0.101707432441039,0.507492938052824,"Up","Up","Up",FALSE
"GO:0007292",14,"Up",0.102049052554756,0.508154093664051,"Up","Up","Up",FALSE
"GO:0001657",31,"Up",0.10257397172465,0.508548663641256,"Up","Up","Up",FALSE
"GO:0038066",16,"Down",0.102388697623727,0.508548663641256,"Down","Down","Down",FALSE
"GO:0043306",10,"Down",0.102965408440946,0.508548663641256,"Down","Down","Down",FALSE
"GO:0071356",82,"Down",0.102959548369594,0.508548663641256,"Down","Down","Down",FALSE
"GO:0010880",11,"Up",0.103881512649427,0.510996104733013,"Up","Up","Up",FALSE
"GO:0043122",28,"Down",0.103816169954239,0.510996104733013,"Down","Down","Down",FALSE
"GO:0006094",39,"Down",0.104227470569622,0.51166212825087,"Down","Down","Down",FALSE
"GO:0002753",16,"Down",0.104589686653957,0.511769026946872,"Down","Down","Down",FALSE
"GO:0006397",156,"Up",0.105997486041999,0.511769026946872,"Up","Up","Up",FALSE
"GO:0006487",46,"Up",0.104901633647107,0.511769026946872,"Up","Down","Up",FALSE
"GO:0007492",15,"Up",0.105205897123013,0.511769026946872,"Up","Up","Up",FALSE
"GO:0031589",18,"Up",0.105955652483815,0.511769026946872,"Up","Up","Up",FALSE
"GO:0032725",12,"Down",0.105845093439214,0.511769026946872,"Down","Down","Down",FALSE
"GO:0043406",42,"Down",0.1058126023588,0.511769026946872,"Down","Down","Down",FALSE
"GO:0044458",22,"Up",0.106144687070462,0.511769026946872,"Up","Up","Up",FALSE
"GO:0140694",14,"Up",0.104672881126969,0.511769026946872,"Up","Up","Up",FALSE
"GO:0046597",17,"Down",0.106397749341614,0.511973328515093,"Down","Down","Down",FALSE
"GO:0045653",12,"Down",0.1081750655314,0.519496856208106,"Down","Down","Down",FALSE
"GO:0006511",176,"Up",0.108630789939041,0.520213841676831,"Up","Down","Up",FALSE
"GO:0034116",14,"Down",0.109003189943511,0.520213841676831,"Down","Down","Down",FALSE
"GO:0051091",81,"Down",0.108894704003665,0.520213841676831,"Down","Down","Down",FALSE
"GO:0097401",16,"Down",0.109180682821063,0.520213841676831,"Down","Down","Down",FALSE
"GO:0060135",14,"Down",0.109568617993809,0.521040590459795,"Down","Down","Down",FALSE
"GO:0071360",17,"Down",0.109955138152127,0.521857393964197,"Down","Down","Down",FALSE
"GO:0090660",12,"Up",0.110304831352409,0.522496569564043,"Up","Up","Up",FALSE
"GO:0042100",27,"Down",0.110700934084953,0.523352665031979,"Down","Down","Down",FALSE
"GO:0009725",31,"Down",0.111603931998129,0.526093156070782,"Down","Down","Down",FALSE
"GO:0032786",11,"Up",0.111713608449598,0.526093156070782,"Up","Up","Up",FALSE
"GO:0006488",14,"Up",0.112641508566896,0.529436877790244,"Up","Up","Up",FALSE
"GO:0007168",10,"Down",0.112883970380849,0.529552216265375,"Down","Down","Down",FALSE
"GO:0030838",45,"Down",0.113453645972568,0.531199151663467,"Down","Down","Down",FALSE
"GO:0034332",29,"Up",0.113979179142389,0.532633471761548,"Up","Up","Up",FALSE
"GO:0009615",87,"Down",0.114314784781356,0.533176443414004,"Down","Down","Down",FALSE
"GO:0071897",23,"Down",0.114639531114505,0.533666782774419,"Down","Down","Down",FALSE
"GO:0051262",25,"Up",0.114942730509719,0.534055134108256,"Up","Up","Up",FALSE
"GO:0008202",25,"Down",0.115365812670149,0.53487078132556,"Down","Down","Down",FALSE
"GO:0046628",16,"Up",0.115778613570883,0.53487078132556,"Up","Up","Up",FALSE
"GO:1903238",11,"Down",0.115772868373193,0.53487078132556,"Down","Down","Down",FALSE
"GO:0015012",14,"Up",0.116103331681044,0.535353123311077,"Up","Up","Up",FALSE
"GO:0007254",53,"Down",0.116435402730534,0.535867478475753,"Down","Down","Down",FALSE
"GO:0006139",27,"Down",0.116734392609489,0.536227928243964,"Down","Down","Down",FALSE
"GO:0007094",27,"Down",0.11866702138527,0.537382780939579,"Down","Down","Down",FALSE
"GO:0007212",12,"Up",0.119214849485918,0.537382780939579,"Up","Up","Up",FALSE
"GO:0007218",100,"Down",0.117548461088921,0.537382780939579,"Down","Down","Down",FALSE
"GO:0007498",26,"Down",0.120824072661871,0.537382780939579,"Down","Down","Down",FALSE
"GO:0010975",33,"Up",0.119567912354317,0.537382780939579,"Up","Up","Up",FALSE
"GO:0014003",21,"Up",0.118455391566444,0.537382780939579,"Up","Up","Up",FALSE
"GO:0016226",21,"Down",0.118867620623973,0.537382780939579,"Down","Down","Down",FALSE
"GO:0019228",32,"Up",0.122293283069789,0.537382780939579,"Up","Up","Up",FALSE
"GO:0030195",14,"Down",0.12141015423873,0.537382780939579,"Down","Down","Down",FALSE
"GO:0030224",15,"Down",0.118094908107617,0.537382780939579,"Down","Down","Down",FALSE
"GO:0032968",39,"Up",0.121109841751785,0.537382780939579,"Up","Up","Up",FALSE
"GO:0035195",10,"Up",0.117558036388927,0.537382780939579,"Up","Up","Up",FALSE
"GO:0042246",13,"Down",0.121762773057279,0.537382780939579,"Down","Down","Down",FALSE
"GO:0042274",49,"Down",0.120772535680282,0.537382780939579,"Down","Down","Down",FALSE
"GO:0045921",21,"Up",0.122024738853913,0.537382780939579,"Up","Up","Up",FALSE
"GO:0048255",33,"Up",0.122061279318173,0.537382780939579,"Up","Up","Up",FALSE
"GO:0048546",13,"Up",0.122282723347821,0.537382780939579,"Up","Up","Up",FALSE
"GO:0048599",11,"Up",0.118061336739643,0.537382780939579,"Up","Up","Up",FALSE
"GO:0050728",94,"Down",0.121855338968764,0.537382780939579,"Down","Down","Down",FALSE
"GO:0051452",10,"Down",0.117906478937382,0.537382780939579,"Down","Down","Down",FALSE
"GO:0055089",12,"Down",0.122142310157584,0.537382780939579,"Down","Down","Down",FALSE
"GO:0061644",12,"Down",0.120514715447137,0.537382780939579,"Down","Down","Down",FALSE
"GO:0070207",11,"Down",0.121323631753382,0.537382780939579,"Down","Down","Down",FALSE
"GO:1903543",13,"Down",0.119359465468567,0.537382780939579,"Down","Down","Down",FALSE
"GO:1902358",14,"Down",0.122663319155916,0.538035858391474,"Down","Down","Down",FALSE
"GO:0001916",24,"Down",0.12393961794637,0.540070297825792,"Down","Down","Down",FALSE
"GO:0002690",11,"Down",0.124521318481987,0.540070297825792,"Down","Down","Down",FALSE
"GO:0030150",13,"Down",0.124682895917806,0.540070297825792,"Down","Down","Down",FALSE
"GO:0043401",18,"Up",0.123853739513603,0.540070297825792,"Up","Up","Up",FALSE
"GO:0048668",11,"Up",0.124483826311399,0.540070297825792,"Up","Up","Up",FALSE
"GO:0050778",25,"Down",0.123975861065564,0.540070297825792,"Down","Down","Down",FALSE
"GO:1901223",22,"Down",0.124553333455452,0.540070297825792,"Down","Down","Down",FALSE
"GO:0030500",18,"Up",0.125130962474924,0.540085681730132,"Up","Up","Up",FALSE
"GO:0032922",59,"Up",0.124917492313089,0.540085681730132,"Up","Up","Up",FALSE
"GO:0000050",10,"Down",0.125728798421432,0.541420167635162,"Down","Down","Down",FALSE
"GO:0001843",64,"Up",0.126669111027909,0.541420167635162,"Up","Up","Up",FALSE
"GO:0001963",11,"Down",0.126735831681762,0.541420167635162,"Down","Down","Down",FALSE
"GO:0033630",15,"Down",0.126167363215218,0.541420167635162,"Down","Down","Down",FALSE
"GO:0070936",74,"Up",0.126532442145114,0.541420167635162,"Up","Up","Up",FALSE
"GO:1901653",14,"Down",0.1267769857549,0.541420167635162,"Down","Down","Down",FALSE
"GO:0045821",22,"Up",0.127071152895032,0.541724388657768,"Up","Up","Up",FALSE
"GO:0036258",28,"Down",0.127694908379884,0.54343017051334,"Down","Down","Down",FALSE
"GO:0002931",60,"Down",0.127955146669845,0.543585675537979,"Down","Down","Down",FALSE
"GO:0072657",25,"Down",0.12819376675226,0.543648958478171,"Down","Down","Down",FALSE
"GO:0006636",10,"Up",0.128564274612417,0.544270361164065,"Up","Up","Up",FALSE
"GO:0006839",12,"Up",0.128823690625421,0.544420118643084,"Up","Up","Up",FALSE
"GO:0001755",39,"Up",0.129936477794773,0.546481784026327,"Up","Up","Up",FALSE
"GO:0043534",11,"Up",0.129986202126427,0.546481784026327,"Up","Up","Up",FALSE
"GO:0046323",11,"Up",0.129601800200563,0.546481784026327,"Up","Up","Up",FALSE
"GO:0033700",11,"Down",0.130254465819951,0.546663820280625,"Down","Down","Down",FALSE
"GO:0003198",12,"Up",0.131694522418248,0.546830984013829,"Up","Up","Up",FALSE
"GO:0018107",36,"Up",0.130982611944554,0.546830984013829,"Up","Up","Up",FALSE
"GO:0031116",22,"Up",0.132169033735856,0.546830984013829,"Up","Up","Up",FALSE
"GO:0031334",37,"Down",0.132319596131741,0.546830984013829,"Down","Down","Down",FALSE
"GO:0035249",38,"Up",0.131917713357296,0.546830984013829,"Up","Up","Up",FALSE
"GO:0046326",27,"Up",0.132153414015232,0.546830984013829,"Up","Up","Up",FALSE
"GO:0051216",55,"Up",0.130906358407422,0.546830984013829,"Up","Up","Up",FALSE
"GO:0060766",14,"Up",0.131570621360157,0.546830984013829,"Up","Up","Up",FALSE
"GO:1900025",12,"Up",0.131653549112347,0.546830984013829,"Up","Up","Up",FALSE
"GO:0030878",24,"Down",0.134836376870819,0.551201068726613,"Down","Down","Down",FALSE
"GO:0030900",46,"Up",0.134174075976177,0.551201068726613,"Up","Up","Up",FALSE
"GO:0042593",97,"Down",0.134964870737586,0.551201068726613,"Down","Down","Down",FALSE
"GO:0051926",10,"Down",0.134325755294655,0.551201068726613,"Down","Down","Down",FALSE
"GO:0070328",27,"Down",0.134558729722784,0.551201068726613,"Down","Down","Down",FALSE
"GO:0071466",62,"Down",0.134844481743691,0.551201068726613,"Down","Down","Down",FALSE
"GO:1990138",22,"Up",0.133790510910025,0.551201068726613,"Up","Up","Up",FALSE
"GO:0006957",13,"Down",0.135967026806469,0.552789173188051,"Down","Down","Down",FALSE
"GO:0016050",15,"Up",0.135997174151098,0.552789173188051,"Up","Up","Up",FALSE
"GO:0030277",13,"Down",0.136263668617137,0.552789173188051,"Down","Down","Down",FALSE
"GO:0042554",17,"Down",0.136076488316756,0.552789173188051,"Down","Down","Down",FALSE
"GO:0006977",18,"Down",0.137371980407488,0.553785087601698,"Down","Down","Down",FALSE
"GO:0007158",12,"Up",0.137431801198319,0.553785087601698,"Up","Up","Up",FALSE
"GO:0007214",22,"Up",0.137244805723321,0.553785087601698,"Up","Up","Up",FALSE
"GO:0070266",15,"Down",0.137061645567355,0.553785087601698,"Down","Down","Down",FALSE
"GO:1902236",16,"Down",0.1376486390582,0.553785087601698,"Down","Down","Down",FALSE
"GO:0006469",42,"Down",0.138784777375855,0.554682580630473,"Down","Down","Down",FALSE
"GO:0006739",11,"Down",0.138600545955464,0.554682580630473,"Down","Down","Down",FALSE
"GO:0021954",16,"Up",0.138598770577316,0.554682580630473,"Up","Up","Up",FALSE
"GO:0030488",27,"Up",0.138525423982694,0.554682580630473,"Up","Up","Up",FALSE
"GO:0002028",15,"Up",0.14546138840259,0.558545894911101,"Up","Up","Up",FALSE
"GO:0006071",10,"Down",0.147060619635646,0.558545894911101,"Down","Down","Down",FALSE
"GO:0006303",31,"Up",0.146732741243089,0.558545894911101,"Up","Up","Up",FALSE
"GO:0006612",48,"Up",0.146820265142623,0.558545894911101,"Up","Up","Up",FALSE
"GO:0006812",21,"Down",0.142606716530358,0.558545894911101,"Down","Down","Down",FALSE
"GO:0007178",10,"Up",0.147870480086573,0.558545894911101,"Up","Up","Up",FALSE
"GO:0007413",16,"Up",0.146579050166481,0.558545894911101,"Up","Up","Up",FALSE
"GO:0008347",10,"Up",0.147974099267405,0.558545894911101,"Up","Up","Up",FALSE
"GO:0010842",24,"Up",0.142790363780655,0.558545894911101,"Up","Up","Up",FALSE
"GO:0014911",19,"Up",0.147817920665382,0.558545894911101,"Up","Up","Up",FALSE
"GO:0019369",23,"Down",0.148023717033843,0.558545894911101,"Down","Down","Down",FALSE
"GO:0021983",20,"Up",0.148320234843279,0.558545894911101,"Up","Up","Up",FALSE
"GO:0021987",62,"Up",0.142737882012689,0.558545894911101,"Up","Up","Up",FALSE
"GO:0030949",13,"Down",0.144365534668868,0.558545894911101,"Down","Down","Down",FALSE
"GO:0031424",50,"Down",0.149592488121584,0.558545894911101,"Down","Up","Down",FALSE
"GO:0031468",14,"Down",0.148167929983672,0.558545894911101,"Down","Down","Down",FALSE
"GO:0032502",11,"Down",0.142624519307192,0.558545894911101,"Down","Down","Down",FALSE
"GO:0033574",26,"Down",0.14236402804672,0.558545894911101,"Down","Down","Down",FALSE
"GO:0035902",22,"Down",0.149139449409848,0.558545894911101,"Down","Down","Down",FALSE
"GO:0045088",21,"Down",0.141053750000046,0.558545894911101,"Down","Down","Down",FALSE
"GO:0045089",27,"Down",0.147963858755644,0.558545894911101,"Down","Down","Down",FALSE
"GO:0045577",10,"Down",0.144399668363876,0.558545894911101,"Down","Down","Down",FALSE
"GO:0045736",16,"Down",0.144204615418373,0.558545894911101,"Down","Down","Down",FALSE
"GO:0048146",43,"Down",0.14850197938659,0.558545894911101,"Down","Down","Down",FALSE
"GO:0048148",16,"Down",0.147521234180945,0.558545894911101,"Down","Down","Down",FALSE
"GO:0048663",18,"Up",0.145742312734167,0.558545894911101,"Up","Up","Up",FALSE
"GO:0050482",19,"Down",0.140978438616125,0.558545894911101,"Down","Down","Down",FALSE
"GO:0050731",68,"Down",0.143098262018253,0.558545894911101,"Down","Down","Down",FALSE
"GO:0050930",13,"Down",0.141801621098525,0.558545894911101,"Down","Down","Down",FALSE
"GO:0051092",101,"Down",0.146812310925841,0.558545894911101,"Down","Down","Down",FALSE
"GO:0051131",14,"Down",0.143677157250338,0.558545894911101,"Down","Down","Down",FALSE
"GO:0060216",13,"Up",0.142851213613815,0.558545894911101,"Up","Up","Up",FALSE
"GO:0060816",10,"Up",0.144673034313267,0.558545894911101,"Up","Up","Up",FALSE
"GO:0060828",28,"Up",0.143389049002307,0.558545894911101,"Up","Up","Up",FALSE
"GO:0070131",15,"Down",0.149478635728382,0.558545894911101,"Down","Down","Down",FALSE
"GO:0071260",62,"Down",0.149443254721521,0.558545894911101,"Down","Down","Down",FALSE
"GO:0071346",48,"Down",0.148499945899133,0.558545894911101,"Down","Down","Down",FALSE
"GO:0086004",11,"Up",0.140981109355233,0.558545894911101,"Up","Up","Up",FALSE
"GO:0098655",39,"Up",0.147296998695465,0.558545894911101,"Up","Up","Up",FALSE
"GO:1900006",15,"Up",0.14288073213236,0.558545894911101,"Up","Up","Up",FALSE
"GO:1902966",10,"Up",0.149635134809517,0.558545894911101,"Up","Up","Up",FALSE
"GO:1990869",13,"Up",0.148891443304147,0.558545894911101,"Up","Up","Up",FALSE
"GO:2000347",11,"Down",0.143717199228377,0.558545894911101,"Down","Down","Down",FALSE
"GO:0048008",23,"Up",0.149867117838616,0.558553828754351,"Up","Up","Up",FALSE
"GO:0006346",16,"Up",0.150895997125812,0.56005541182156,"Up","Up","Up",FALSE
"GO:0019725",14,"Down",0.150961438165894,0.56005541182156,"Down","Down","Down",FALSE
"GO:0035720",17,"Up",0.150613509496773,0.56005541182156,"Up","Up","Up",FALSE
"GO:0051775",10,"Up",0.15132115965259,0.5605341737131,"Up","Up","Up",FALSE
"GO:0019722",96,"Down",0.151785537862003,0.560965453788578,"Down","Down","Down",FALSE
"GO:0019852",10,"Up",0.151899287486784,0.560965453788578,"Up","Up","Up",FALSE
"GO:0002357",11,"Down",0.152764501480797,0.561210695118082,"Down","Down","Down",FALSE
"GO:0006417",60,"Up",0.152889498011593,0.561210695118082,"Up","Up","Up",FALSE
"GO:0043086",12,"Down",0.152528767214551,0.561210695118082,"Down","Down","Down",FALSE
"GO:0070935",14,"Down",0.152459749271681,0.561210695118082,"Down","Down","Down",FALSE
"GO:0006611",27,"Up",0.15420262157579,0.562115021014681,"Up","Up","Up",FALSE
"GO:0007200",93,"Down",0.153989814819101,0.562115021014681,"Down","Down","Down",FALSE
"GO:0032780",11,"Up",0.154290375237324,0.562115021014681,"Up","Up","Up",FALSE
"GO:0071397",15,"Up",0.153994955580847,0.562115021014681,"Up","Up","Up",FALSE
"GO:1901741",13,"Down",0.154292476961643,0.562115021014681,"Down","Down","Down",FALSE
"GO:0045879",25,"Up",0.155142112078067,0.563484900366643,"Up","Up","Up",FALSE
"GO:0048245",16,"Down",0.155364149483807,0.563484900366643,"Down","Down","Down",FALSE
"GO:0050870",27,"Down",0.155117865599233,0.563484900366643,"Down","Down","Down",FALSE
"GO:0031100",32,"Down",0.15578595046451,0.564172667106942,"Down","Down","Down",FALSE
"GO:0010977",61,"Up",0.15669677298612,0.564945338807524,"Up","Up","Up",FALSE
"GO:0045022",20,"Up",0.156598902905492,0.564945338807524,"Up","Up","Up",FALSE
"GO:0060020",10,"Up",0.1566180764847,0.564945338807524,"Up","Up","Up",FALSE
"GO:0006513",40,"Up",0.156969357757745,0.565089687927881,"Up","Up","Up",FALSE
"GO:0002052",34,"Up",0.15768325795113,0.566819995297703,"Up","Up","Up",FALSE
"GO:0001778",18,"Down",0.158304785078007,0.566920599214525,"Down","Down","Down",FALSE
"GO:0006913",33,"Up",0.158307343142146,0.566920599214525,"Up","Up","Up",FALSE
"GO:0019079",11,"Down",0.158411146858709,0.566920599214525,"Down","Down","Down",FALSE
"GO:0040018",25,"Up",0.158672303201713,0.567020142323769,"Up","Up","Up",FALSE
"GO:0006911",18,"Down",0.159017284421313,0.56741850388222,"Down","Down","Down",FALSE
"GO:0034727",15,"Up",0.159350717432957,0.567774550384289,"Up","Up","Up",FALSE
"GO:0046849",13,"Up",0.159622361986827,0.567909721270849,"Up","Up","Up",FALSE
"GO:0008585",18,"Down",0.1603588111471,0.569369854265041,"Down","Down","Down",FALSE
"GO:0032728",38,"Down",0.160536774358523,0.569369854265041,"Down","Down","Down",FALSE
"GO:0045869",10,"Up",0.160909638415465,0.569369854265041,"Up","Up","Up",FALSE
"GO:0048489",16,"Up",0.160969995835425,0.569369854265041,"Up","Up","Up",FALSE
"GO:0010867",10,"Up",0.161572719749134,0.570093263088016,"Up","Up","Up",FALSE
"GO:0035725",115,"Up",0.162074975208736,0.570093263088016,"Up","Up","Up",FALSE
"GO:0048144",32,"Down",0.161796099851425,0.570093263088016,"Down","Down","Down",FALSE
"GO:1902018",16,"Up",0.16211294024437,0.570093263088016,"Up","Up","Up",FALSE
"GO:0030149",11,"Up",0.162894203214102,0.572012881228712,"Up","Up","Up",FALSE
"GO:0006904",23,"Up",0.16336989141242,0.572855463394199,"Up","Up","Up",FALSE
"GO:0000302",13,"Down",0.164457995291542,0.575011407997764,"Down","Down","Down",FALSE
"GO:0003151",45,"Up",0.164294121854001,0.575011407997764,"Up","Up","Up",FALSE
"GO:0006123",16,"Down",0.165773954442733,0.577534602259927,"Down","Down","Down",FALSE
"GO:0008104",134,"Up",0.165904103299724,0.577534602259927,"Up","Up","Up",FALSE
"GO:0034976",84,"Down",0.166130323859954,0.577534602259927,"Down","Down","Down",FALSE
"GO:0071711",20,"Up",0.165907362309676,0.577534602259927,"Up","Up","Up",FALSE
"GO:0001878",12,"Down",0.167369830625945,0.578532984951703,"Down","Down","Down",FALSE
"GO:0003376",12,"Down",0.167079661246185,0.578532984951703,"Down","Down","Down",FALSE
"GO:0033120",12,"Up",0.166799163950097,0.578532984951703,"Up","Up","Up",FALSE
"GO:0060065",15,"Down",0.167157187454335,0.578532984951703,"Down","Down","Down",FALSE
"GO:0043171",12,"Up",0.167994958645116,0.579046453202314,"Up","Up","Up",FALSE
"GO:1990253",11,"Up",0.167961650907493,0.579046453202314,"Up","Up","Up",FALSE
"GO:0006796",12,"Up",0.168672396508541,0.579287142070883,"Up","Up","Up",FALSE
"GO:0042104",19,"Down",0.168779957442875,0.579287142070883,"Down","Down","Down",FALSE
"GO:1903826",11,"Down",0.168583046057282,0.579287142070883,"Down","Down","Down",FALSE
"GO:0051642",13,"Up",0.169383157333534,0.579790000753955,"Up","Up","Up",FALSE
"GO:0071314",10,"Down",0.169403662771732,0.579790000753955,"Down","Down","Down",FALSE
"GO:0072112",12,"Up",0.169709879397011,0.580021106799911,"Up","Up","Up",FALSE
"GO:0050773",15,"Up",0.169951705069779,0.580031802415117,"Up","Up","Up",FALSE
"GO:0061028",19,"Up",0.171483179983179,0.584437766282083,"Up","Up","Up",FALSE
"GO:0030168",58,"Down",0.172212449003692,0.586101191987356,"Down","Down","Down",FALSE
"GO:0006879",53,"Down",0.17287754003709,0.58614719069915,"Down","Down","Down",FALSE
"GO:0030521",22,"Up",0.173085862682224,0.58614719069915,"Up","Up","Up",FALSE
"GO:0043647",16,"Up",0.172771458438288,0.58614719069915,"Up","Up","Up",FALSE
"GO:0061952",16,"Down",0.17319081601728,0.58614719069915,"Down","Down","Down",FALSE
"GO:1904263",42,"Down",0.173645133257521,0.586867418380774,"Down","Down","Down",FALSE
"GO:0099149",20,"Up",0.174189980296744,0.587891183501512,"Up","Up","Up",FALSE
"GO:0006809",20,"Down",0.174852669837239,0.589303763127066,"Down","Down","Down",FALSE
"GO:0007417",129,"Up",0.175247445388288,0.589303763127066,"Up","Up","Up",FALSE
"GO:0035774",30,"Down",0.175578569754731,0.589303763127066,"Down","Down","Down",FALSE
"GO:0045862",18,"Down",0.175358715953538,0.589303763127066,"Down","Down","Down",FALSE
"GO:0031113",10,"Up",0.175872194175773,0.589475078409832,"Up","Up","Up",FALSE
"GO:0034198",43,"Up",0.177835714592033,0.591973680080328,"Up","Up","Up",FALSE
"GO:0035924",28,"Down",0.177091747810814,0.591973680080328,"Down","Down","Down",FALSE
"GO:0042273",25,"Down",0.177390765533669,0.591973680080328,"Down","Down","Down",FALSE
"GO:1903241",23,"Down",0.177758074338038,0.591973680080328,"Down","Down","Down",FALSE
"GO:2001238",33,"Down",0.177460486841105,0.591973680080328,"Down","Down","Down",FALSE
"GO:0006914",120,"Down",0.179563071970807,0.595277305442101,"Down","Down","Down",FALSE
"GO:0030490",16,"Down",0.179420469397693,0.595277305442101,"Down","Down","Down",FALSE
"GO:0070231",11,"Up",0.179076687436814,0.595277305442101,"Up","Up","Up",FALSE
"GO:0042147",59,"Up",0.179861480611082,0.595454220551676,"Up","Up","Up",FALSE
"GO:0000462",19,"Down",0.180655465049895,0.596457581618541,"Down","Down","Down",FALSE
"GO:0061303",12,"Down",0.180533062220485,0.596457581618541,"Down","Down","Down",FALSE
"GO:0036120",21,"Up",0.181058581559561,0.596977412740481,"Up","Up","Up",FALSE
"GO:0002087",12,"Up",0.181595902297009,0.597039300815562,"Up","Up","Up",FALSE
"GO:0032570",32,"Down",0.181814437285398,0.597039300815562,"Down","Down","Down",FALSE
"GO:0048041",22,"Up",0.181367682365231,0.597039300815562,"Up","Up","Up",FALSE
"GO:0015824",10,"Up",0.18306073918185,0.597899994908463,"Up","Up","Up",FALSE
"GO:0045778",16,"Up",0.182741930439875,0.597899994908463,"Up","Up","Up",FALSE
"GO:0050770",16,"Up",0.182963675788556,0.597899994908463,"Up","Up","Up",FALSE
"GO:1904903",10,"Down",0.182390666062865,0.597899994908463,"Down","Down","Down",FALSE
"GO:0000380",21,"Up",0.184345740273391,0.598077635332896,"Up","Up","Up",FALSE
"GO:0042789",36,"Up",0.184259758570594,0.598077635332896,"Up","Up","Up",FALSE
"GO:0045050",10,"Down",0.184111622886612,0.598077635332896,"Down","Down","Down",FALSE
"GO:0048208",19,"Down",0.183618889604223,0.598077635332896,"Up","Down","Down",FALSE
"GO:0048511",54,"Up",0.183869019863597,0.598077635332896,"Up","Up","Up",FALSE
"GO:0046329",19,"Up",0.185321575890217,0.600441905884303,"Up","Up","Up",FALSE
"GO:0009749",53,"Down",0.185772003100674,0.601099823614697,"Down","Down","Down",FALSE
"GO:0008645",10,"Down",0.187378420055374,0.605491437147021,"Down","Down","Down",FALSE
"GO:0035108",12,"Up",0.190191968809341,0.608953323782742,"Up","Up","Up",FALSE
"GO:0042327",19,"Up",0.190203939403745,0.608953323782742,"Up","Up","Up",FALSE
"GO:0042711",10,"Down",0.189628371400577,0.608953323782742,"Down","Down","Down",FALSE
"GO:0043410",154,"Down",0.189791780932503,0.608953323782742,"Down","Down","Down",FALSE
"GO:0046512",11,"Up",0.188799788018533,0.608953323782742,"Up","Up","Up",FALSE
"GO:0050860",20,"Down",0.189046870830215,0.608953323782742,"Down","Down","Down",FALSE
"GO:1902042",25,"Down",0.189649246140425,0.608953323782742,"Down","Down","Down",FALSE
"GO:0044782",15,"Up",0.190540778504268,0.608994312948068,"Up","Up","Up",FALSE
"GO:0048854",17,"Up",0.190717972079621,0.608994312948068,"Up","Up","Up",FALSE
"GO:0042098",38,"Down",0.191135310155004,0.60952598907698,"Down","Down","Down",FALSE
"GO:0030194",14,"Down",0.192384310078812,0.610428282335142,"Down","Down","Down",FALSE
"GO:0051489",10,"Up",0.192423071715522,0.610428282335142,"Up","Up","Up",FALSE
"GO:0060997",12,"Up",0.191860421077104,0.610428282335142,"Up","Up","Up",FALSE
"GO:0061744",18,"Up",0.19217250720137,0.610428282335142,"Up","Up","Up",FALSE
"GO:0051932",22,"Up",0.193466601929438,0.61293851719496,"Up","Up","Up",FALSE
"GO:0072359",11,"Up",0.193971255002625,0.612939076276174,"Up","Up","Up",FALSE
"GO:0090398",51,"Down",0.193773792319623,0.612939076276174,"Down","Down","Down",FALSE
"GO:0001666",144,"Down",0.196119485731019,0.613460482303407,"Down","Down","Down",FALSE
"GO:0001952",12,"Up",0.196290099532011,0.613460482303407,"Up","Up","Up",FALSE
"GO:0001964",13,"Down",0.196660788359816,0.613460482303407,"Down","Down","Down",FALSE
"GO:0006396",60,"Up",0.195551837580456,0.613460482303407,"Up","Down","Up",FALSE
"GO:0040015",10,"Down",0.1964725572545,0.613460482303407,"Down","Down","Down",FALSE
"GO:0042987",11,"Up",0.195687045190437,0.613460482303407,"Up","Up","Up",FALSE
"GO:0045056",11,"Up",0.196338178824974,0.613460482303407,"Up","Up","Up",FALSE
"GO:0045197",26,"Up",0.19660664946686,0.613460482303407,"Up","Up","Up",FALSE
"GO:0050919",30,"Up",0.194699708536406,0.613460482303407,"Up","Up","Up",FALSE
"GO:0051279",15,"Down",0.195940661901579,0.613460482303407,"Down","Down","Down",FALSE
"GO:2000036",10,"Up",0.197112829310829,0.61408227592989,"Up","Up","Up",FALSE
"GO:0000723",48,"Up",0.1979129775788,0.614446368575782,"Up","Up","Up",FALSE
"GO:0006936",58,"Down",0.198999708670428,0.614446368575782,"Down","Down","Down",FALSE
"GO:0031016",22,"Up",0.198824010510348,0.614446368575782,"Up","Up","Up",FALSE
"GO:0034314",10,"Down",0.198015568912587,0.614446368575782,"Down","Down","Down",FALSE
"GO:0045055",15,"Down",0.198017245180198,0.614446368575782,"Down","Down","Down",FALSE
"GO:0098656",27,"Up",0.198929933020988,0.614446368575782,"Up","Up","Up",FALSE
"GO:1990748",13,"Down",0.198715116871621,0.614446368575782,"Down","Down","Down",FALSE
"GO:0006376",18,"Up",0.199568745782845,0.615421386106995,"Up","Up","Up",FALSE
"GO:0007009",15,"Up",0.200808685849485,0.618460211171417,"Up","Up","Up",FALSE
"GO:0042594",34,"Down",0.201194713202726,0.618864750737497,"Down","Down","Down",FALSE
"GO:0006366",187,"Down",0.202895428432176,0.619054262389466,"Down","Down","Down",FALSE
"GO:0008333",35,"Up",0.202992232219586,0.619054262389466,"Up","Up","Up",FALSE
"GO:0009100",10,"Up",0.20188465311857,0.619054262389466,"Up","Up","Up",FALSE
"GO:0032480",24,"Down",0.202774955065783,0.619054262389466,"Down","Down","Down",FALSE
"GO:0071625",14,"Up",0.203294362710615,0.619054262389466,"Up","Up","Up",FALSE
"GO:0071773",26,"Up",0.203046026352539,0.619054262389466,"Up","Up","Up",FALSE
"GO:0090280",14,"Down",0.202171205779126,0.619054262389466,"Down","Down","Down",FALSE
"GO:2000300",28,"Up",0.202896152860087,0.619054262389466,"Up","Up","Up",FALSE
"GO:0007194",15,"Up",0.205309451318927,0.622216134143571,"Up","Up","Up",FALSE
"GO:0010165",16,"Down",0.205305009842388,0.622216134143571,"Down","Down","Down",FALSE
"GO:0044849",15,"Down",0.205148958646912,0.622216134143571,"Down","Down","Down",FALSE
"GO:2000377",19,"Down",0.205356929869607,0.622216134143571,"Down","Down","Down",FALSE
"GO:0003161",14,"Up",0.206294955132416,0.622805828692253,"Up","Up","Up",FALSE
"GO:0006509",21,"Up",0.206320449422742,0.622805828692253,"Up","Up","Up",FALSE
"GO:1902455",19,"Up",0.205814151715583,0.622805828692253,"Up","Up","Up",FALSE
"GO:0006821",27,"Down",0.207647551007128,0.624525337143208,"Down","Down","Down",FALSE
"GO:0043484",60,"Up",0.20811450194124,0.624525337143208,"Up","Up","Up",FALSE
"GO:0044314",10,"Up",0.208129120216705,0.624525337143208,"Up","Up","Up",FALSE
"GO:0045214",37,"Down",0.208175112381069,0.624525337143208,"Down","Down","Down",FALSE
"GO:0046328",14,"Up",0.207730648102407,0.624525337143208,"Up","Up","Up",FALSE
"GO:0048147",31,"Down",0.208436991148337,0.624539936486386,"Down","Down","Down",FALSE
"GO:0008209",16,"Down",0.209029379956222,0.625543587800025,"Down","Down","Down",FALSE
"GO:0007179",79,"Up",0.209801458595862,0.627081850415675,"Up","Up","Up",FALSE
"GO:0008053",17,"Down",0.21009672802259,0.62719293500601,"Down","Down","Down",FALSE
"GO:0000079",26,"Down",0.21168224386758,0.629356967872579,"Down","Down","Down",FALSE
"GO:0010506",64,"Up",0.211857613053403,0.629356967872579,"Up","Up","Up",FALSE
"GO:0018279",19,"Up",0.211822627541998,0.629356967872579,"Up","Up","Up",FALSE
"GO:0031145",18,"Down",0.211793331849635,0.629356967872579,"Down","Down","Down",FALSE
"GO:0006491",15,"Up",0.212217014341431,0.629654877716333,"Up","Up","Up",FALSE
"GO:0030336",116,"Up",0.21303336373478,0.631263171484072,"Up","Up","Up",FALSE
"GO:0090307",38,"Up",0.213278627073425,0.631263171484072,"Up","Up","Up",FALSE
"GO:0005513",11,"Up",0.214498546966649,0.634101543952503,"Up","Up","Up",FALSE
"GO:0001682",10,"Down",0.218864797426976,0.6349841907313,"Down","Down","Down",FALSE
"GO:0002076",15,"Down",0.218210214843531,0.6349841907313,"Down","Down","Down",FALSE
"GO:0006892",16,"Up",0.218492040048307,0.6349841907313,"Up","Up","Up",FALSE
"GO:0006919",50,"Down",0.221325585115574,0.6349841907313,"Down","Down","Down",FALSE
"GO:0007162",36,"Up",0.215150119983121,0.6349841907313,"Up","Up","Up",FALSE
"GO:0007585",22,"Up",0.2164519599903,0.6349841907313,"Up","Up","Up",FALSE
"GO:0008156",11,"Up",0.219828178144577,0.6349841907313,"Up","Up","Up",FALSE
"GO:0009612",45,"Down",0.221591190839565,0.6349841907313,"Down","Down","Down",FALSE
"GO:0022011",16,"Up",0.216503556480424,0.6349841907313,"Up","Up","Up",FALSE
"GO:0030217",29,"Down",0.216667529859019,0.6349841907313,"Down","Down","Down",FALSE
"GO:0032147",17,"Down",0.216766993642423,0.6349841907313,"Down","Down","Down",FALSE
"GO:0032790",16,"Up",0.219260324996983,0.6349841907313,"Up","Down","Up",FALSE
"GO:0032956",78,"Down",0.218786000577411,0.6349841907313,"Down","Down","Down",FALSE
"GO:0034220",96,"Up",0.221190670288532,0.6349841907313,"Up","Up","Up",FALSE
"GO:0042531",22,"Down",0.219311619662104,0.6349841907313,"Down","Down","Down",FALSE
"GO:0045744",11,"Down",0.218747353595512,0.6349841907313,"Down","Down","Down",FALSE
"GO:0045814",34,"Up",0.219606529045786,0.6349841907313,"Up","Up","Up",FALSE
"GO:0050765",12,"Down",0.219622272580301,0.6349841907313,"Down","Down","Down",FALSE
"GO:0050901",18,"Down",0.217795996852377,0.6349841907313,"Down","Down","Down",FALSE
"GO:0051090",14,"Down",0.221475998747127,0.6349841907313,"Down","Down","Down",FALSE
"GO:0071233",10,"Up",0.220386007073531,0.6349841907313,"Up","Up","Up",FALSE
"GO:0090316",20,"Up",0.220094794650793,0.6349841907313,"Up","Up","Up",FALSE
"GO:0140374",48,"Down",0.215423037290363,0.6349841907313,"Down","Down","Down",FALSE
"GO:1902459",42,"Up",0.219986701501154,0.6349841907313,"Up","Up","Up",FALSE
"GO:1904322",12,"Up",0.22082887827193,0.6349841907313,"Up","Up","Up",FALSE
"GO:1904753",11,"Up",0.220677868211721,0.6349841907313,"Up","Up","Up",FALSE
"GO:0036376",14,"Up",0.223506435208976,0.639718065439117,"Up","Up","Up",FALSE
"GO:0007015",116,"Down",0.223899053062123,0.640087881107011,"Down","Down","Down",FALSE
"GO:0050776",26,"Down",0.224650959354257,0.640729848862493,"Down","Down","Down",FALSE
"GO:0070914",10,"Up",0.22461298594305,0.640729848862493,"Up","Up","Up",FALSE
"GO:0043588",33,"Down",0.225042135273286,0.641093070004788,"Down","Down","Down",FALSE
"GO:0008625",39,"Down",0.226628271598855,0.644855620591589,"Down","Down","Down",FALSE
"GO:0018105",62,"Up",0.227416293343722,0.64573350840801,"Up","Up","Up",FALSE
"GO:0071168",17,"Up",0.227468264690229,0.64573350840801,"Up","Up","Up",FALSE
"GO:2000045",44,"Down",0.228041932622346,0.646606646758809,"Down","Down","Down",FALSE
"GO:0021953",11,"Up",0.228362223991379,0.646760144870688,"Up","Up","Up",FALSE
"GO:0050918",30,"Down",0.229653307377287,0.649659530764619,"Down","Down","Down",FALSE
"GO:0007098",33,"Up",0.230270527909843,0.650327235951799,"Up","Up","Up",FALSE
"GO:0021895",12,"Up",0.230692212917881,0.650327235951799,"Up","Up","Up",FALSE
"GO:0097242",16,"Down",0.230566501738366,0.650327235951799,"Down","Down","Down",FALSE
"GO:0006661",36,"Up",0.231556472404998,0.651469925558691,"Up","Up","Up",FALSE
"GO:0050847",12,"Up",0.231633751309757,0.651469925558691,"Up","Up","Up",FALSE
"GO:0032508",42,"Up",0.232322570786329,0.651898206709908,"Up","Up","Up",FALSE
"GO:0035235",18,"Up",0.23208280472876,0.651898206709908,"Up","Up","Up",FALSE
"GO:0001501",106,"Down",0.233907866490625,0.653348845389133,"Down","Up","Down",FALSE
"GO:0015909",12,"Down",0.234129895453301,0.653348845389133,"Down","Down","Down",FALSE
"GO:0043087",35,"Up",0.234294988560134,0.653348845389133,"Up","Up","Up",FALSE
"GO:0045786",45,"Down",0.234213184917932,0.653348845389133,"Down","Down","Down",FALSE
"GO:1902166",12,"Up",0.234452754394783,0.653348845389133,"Up","Up","Up",FALSE
"GO:2000035",10,"Up",0.23344108650539,0.653348845389133,"Up","Up","Up",FALSE
"GO:0010820",12,"Up",0.235021057164773,0.654182324066893,"Up","Up","Up",FALSE
"GO:0008542",39,"Up",0.236226062543035,0.65550639181442,"Up","Up","Up",FALSE
"GO:0010575",27,"Down",0.236186172024507,0.65550639181442,"Down","Down","Down",FALSE
"GO:2001222",17,"Up",0.236306007913347,0.65550639181442,"Up","Up","Up",FALSE
"GO:0090630",30,"Up",0.236882343044424,0.65635586499196,"Up","Up","Up",FALSE
"GO:0050862",17,"Down",0.237898453104704,0.658420547886595,"Down","Down","Down",FALSE
"GO:0022408",11,"Up",0.239075702434276,0.660174951040104,"Up","Up","Up",FALSE
"GO:0071223",10,"Down",0.238913381624999,0.660174951040104,"Down","Down","Down",FALSE
"GO:1901379",22,"Down",0.239355862226448,0.660198348706321,"Down","Down","Down",FALSE
"GO:0051764",13,"Down",0.240530869257608,0.661231132405823,"Down","Down","Down",FALSE
"GO:0070986",12,"Up",0.240241966730266,0.661231132405823,"Up","Up","Up",FALSE
"GO:2000647",18,"Up",0.240546634175616,0.661231132405823,"Up","Up","Up",FALSE
"GO:0003073",10,"Up",0.241485564240324,0.661981131501604,"Up","Up","Up",FALSE
"GO:0042325",11,"Up",0.24139222394267,0.661981131501604,"Up","Up","Up",FALSE
"GO:0045184",34,"Up",0.241636734009022,0.661981131501604,"Up","Up","Up",FALSE
"GO:0030520",15,"Up",0.242463839903765,0.662752678252136,"Up","Up","Up",FALSE
"GO:1900227",17,"Up",0.24235432307333,0.662752678252136,"Up","Up","Up",FALSE
"GO:0010466",84,"Down",0.243034860057097,0.662973500286227,"Down","Up","Down",FALSE
"GO:0043303",20,"Down",0.243153372971352,0.662973500286227,"Down","Down","Down",FALSE
"GO:0055088",41,"Down",0.243363112039224,0.662973500286227,"Down","Down","Down",FALSE
"GO:0045954",20,"Down",0.245050534931633,0.666076957364505,"Down","Down","Down",FALSE
"GO:0046907",25,"Up",0.245020905404902,0.666076957364505,"Up","Up","Up",FALSE
"GO:0009267",64,"Up",0.246685121366778,0.667658323216921,"Up","Up","Up",FALSE
"GO:0043011",15,"Down",0.246185552107323,0.667658323216921,"Down","Down","Down",FALSE
"GO:0043200",18,"Down",0.246509113210399,0.667658323216921,"Down","Down","Down",FALSE
"GO:0050909",10,"Down",0.246731347427488,0.667658323216921,"Down","Down","Down",FALSE
"GO:0007154",14,"Up",0.247482441151137,0.667764060648821,"Up","Up","Up",FALSE
"GO:0019216",29,"Down",0.24835876636179,0.667764060648821,"Down","Down","Down",FALSE
"GO:0030163",59,"Down",0.247620882783709,0.667764060648821,"Down","Down","Down",FALSE
"GO:0045059",10,"Down",0.248030890154332,0.667764060648821,"Down","Down","Down",FALSE
"GO:0045724",18,"Up",0.24841922256236,0.667764060648821,"Up","Up","Up",FALSE
"GO:0051276",24,"Down",0.247480345961179,0.667764060648821,"Down","Down","Down",FALSE
"GO:1902533",10,"Up",0.248865642637503,0.668224874706223,"Up","Up","Up",FALSE
"GO:0016197",51,"Up",0.249300977129967,0.668654938659845,"Up","Up","Up",FALSE
"GO:0000077",34,"Up",0.2513935178541,0.669668754177456,"Up","Down","Up",FALSE
"GO:0001659",19,"Down",0.250278328176739,0.669668754177456,"Down","Down","Down",FALSE
"GO:0007095",32,"Up",0.251608054553093,0.669668754177456,"Up","Up","Up",FALSE
"GO:0045582",32,"Down",0.250995662885019,0.669668754177456,"Down","Down","Down",FALSE
"GO:0070242",10,"Down",0.249994164541022,0.669668754177456,"Down","Down","Down",FALSE
"GO:1900029",13,"Down",0.250512815691962,0.669668754177456,"Down","Down","Down",FALSE
"GO:1903861",20,"Up",0.251573806107115,0.669668754177456,"Up","Up","Up",FALSE
"GO:0002286",15,"Down",0.253195099499274,0.6708978543592,"Down","Down","Down",FALSE
"GO:0007010",116,"Up",0.253450300535698,0.6708978543592,"Up","Up","Up",FALSE
"GO:0043001",26,"Up",0.253191569621627,0.6708978543592,"Up","Up","Up",FALSE
"GO:0071375",13,"Down",0.252833471298729,0.6708978543592,"Down","Down","Down",FALSE
"GO:0071398",19,"Down",0.253102480271731,0.6708978543592,"Down","Down","Down",FALSE
"GO:0070373",55,"Down",0.254306041540478,0.671699653199306,"Down","Down","Down",FALSE
"GO:2000736",16,"Up",0.254097184712984,0.671699653199306,"Up","Up","Up",FALSE
"GO:0098911",11,"Up",0.254882549475316,0.672491417182431,"Up","Up","Up",FALSE
"GO:0045104",13,"Up",0.255292455199018,0.672842371077673,"Up","Up","Up",FALSE
"GO:0047496",14,"Up",0.25568662124165,0.673151126345839,"Up","Up","Up",FALSE
"GO:0048771",11,"Down",0.257602794198988,0.677091661660667,"Down","Down","Down",FALSE
"GO:0070198",10,"Up",0.257756285048175,0.677091661660667,"Up","Up","Up",FALSE
"GO:0097178",10,"Down",0.2581863123489,0.677091661660667,"Down","Down","Down",FALSE
"GO:2000001",15,"Up",0.258297930189069,0.677091661660667,"Up","Up","Up",FALSE
"GO:0032467",30,"Up",0.258665731286889,0.677325136882694,"Up","Up","Up",FALSE
"GO:0001932",22,"Up",0.262467046696975,0.677784190726513,"Up","Up","Up",FALSE
"GO:0006744",14,"Down",0.259370095587622,0.677784190726513,"Down","Down","Down",FALSE
"GO:0007190",14,"Down",0.262395735428469,0.677784190726513,"Down","Down","Down",FALSE
"GO:0007626",71,"Up",0.260697096232656,0.677784190726513,"Up","Up","Up",FALSE
"GO:0009306",39,"Down",0.261262112734022,0.677784190726513,"Down","Down","Down",FALSE
"GO:0010596",20,"Down",0.262163097918826,0.677784190726513,"Down","Down","Down",FALSE
"GO:0017015",19,"Up",0.259939338472501,0.677784190726513,"Up","Up","Up",FALSE
"GO:0043651",14,"Down",0.260390743692802,0.677784190726513,"Down","Down","Down",FALSE
"GO:0045494",40,"Up",0.262461180246563,0.677784190726513,"Up","Up","Up",FALSE
"GO:0045995",40,"Up",0.261716513603611,0.677784190726513,"Up","Up","Up",FALSE
"GO:0046513",27,"Up",0.260801282216122,0.677784190726513,"Up","Up","Up",FALSE
"GO:0048388",12,"Down",0.261366408490007,0.677784190726513,"Down","Down","Down",FALSE
"GO:0120162",86,"Down",0.261137129027551,0.677784190726513,"Down","Down","Down",FALSE
"GO:0008210",12,"Down",0.263378827790988,0.679416721371658,"Down","Down","Down",FALSE
"GO:0006103",15,"Up",0.266133957007336,0.682263695251463,"Up","Up","Up",FALSE
"GO:0010634",31,"Up",0.265908339257651,0.682263695251463,"Up","Up","Up",FALSE
"GO:0034765",21,"Up",0.265971344887112,0.682263695251463,"Up","Up","Up",FALSE
"GO:0042730",17,"Down",0.264962651896652,0.682263695251463,"Down","Down","Down",FALSE
"GO:0045820",13,"Down",0.265399826794621,0.682263695251463,"Down","Down","Down",FALSE
"GO:0090303",23,"Up",0.266167071233904,0.682263695251463,"Up","Up","Up",FALSE
"GO:0042574",13,"Down",0.267265130755915,0.684356446508822,"Down","Down","Down",FALSE
"GO:0048477",29,"Down",0.268315430221895,0.68632262677811,"Down","Down","Down",FALSE
"GO:0097435",11,"Down",0.268837459465653,0.686934833334949,"Down","Down","Down",FALSE
"GO:0007271",21,"Down",0.269959560967296,0.687229575501594,"Down","Down","Down",FALSE
"GO:0030032",31,"Up",0.270366861802273,0.687229575501594,"Up","Up","Up",FALSE
"GO:0031954",13,"Up",0.270315161537697,0.687229575501594,"Up","Up","Up",FALSE
"GO:0043065",258,"Down",0.27013343828529,0.687229575501594,"Down","Down","Down",FALSE
"GO:1903076",22,"Up",0.270146051544808,0.687229575501594,"Up","Up","Up",FALSE
"GO:0070372",26,"Down",0.270903117013333,0.68787311843511,"Down","Down","Down",FALSE
"GO:0007264",71,"Down",0.27202946915371,0.689058449454516,"Down","Down","Down",FALSE
"GO:0014033",10,"Up",0.272327092575773,0.689058449454516,"Up","Up","Up",FALSE
"GO:0018108",39,"Down",0.272504185154646,0.689058449454516,"Down","Down","Down",FALSE
"GO:0032967",23,"Down",0.272129782346301,0.689058449454516,"Down","Down","Down",FALSE
"GO:0007281",30,"Up",0.273093586571962,0.689114657704952,"Up","Up","Up",FALSE
"GO:0046007",10,"Down",0.273018404941517,0.689114657704952,"Down","Down","Down",FALSE
"GO:0007041",19,"Up",0.274116286401294,0.689547180077788,"Up","Up","Up",FALSE
"GO:0007189",123,"Down",0.273959744200278,0.689547180077788,"Down","Down","Down",FALSE
"GO:0072593",31,"Down",0.273821908964125,0.689547180077788,"Down","Down","Down",FALSE
"GO:0007042",18,"Down",0.274537841309789,0.689893437831217,"Down","Down","Down",FALSE
"GO:0018345",20,"Up",0.276131300320089,0.690454047062726,"Up","Up","Up",FALSE
"GO:0033138",41,"Down",0.276499519473886,0.690454047062726,"Down","Down","Down",FALSE
"GO:0034145",12,"Down",0.275399975723298,0.690454047062726,"Down","Down","Down",FALSE
"GO:0050795",11,"Down",0.275735491557519,0.690454047062726,"Down","Down","Down",FALSE
"GO:0051085",22,"Down",0.276749893760944,0.690454047062726,"Down","Down","Down",FALSE
"GO:0061351",20,"Down",0.276049934772262,0.690454047062726,"Down","Down","Down",FALSE
"GO:1900273",15,"Up",0.276420235261595,0.690454047062726,"Up","Up","Up",FALSE
"GO:0048026",19,"Up",0.277130502525943,0.690694483218503,"Up","Up","Up",FALSE
"GO:0006541",17,"Up",0.278149439584935,0.691547064662112,"Up","Up","Up",FALSE
"GO:0008344",42,"Up",0.277953301745937,0.691547064662112,"Up","Up","Up",FALSE
"GO:0071354",13,"Down",0.278326349481294,0.691547064662112,"Down","Down","Down",FALSE
"GO:0042752",54,"Up",0.278670561882516,0.691695061669576,"Up","Up","Up",FALSE
"GO:0000132",31,"Up",0.279176396116759,0.692221919647412,"Up","Up","Up",FALSE
"GO:0009611",53,"Down",0.280307147709075,0.692221919647412,"Down","Down","Down",FALSE
"GO:0032486",10,"Up",0.280139369990237,0.692221919647412,"Up","Up","Up",FALSE
"GO:0036151",13,"Down",0.279652766736961,0.692221919647412,"Down","Down","Down",FALSE
"GO:1902808",11,"Down",0.279773686353539,0.692221919647412,"Down","Down","Down",FALSE
"GO:0097009",46,"Down",0.282240165787521,0.696287921689012,"Down","Down","Down",FALSE
"GO:0007409",83,"Up",0.28267639419282,0.69665683355837,"Up","Up","Up",FALSE
"GO:1902774",14,"Down",0.283706980540235,0.698488310752554,"Down","Down","Down",FALSE
"GO:0043547",89,"Up",0.28405300716478,0.698632396164389,"Up","Up","Up",FALSE
"GO:0034501",10,"Up",0.28436366247565,0.698689281916914,"Up","Up","Up",FALSE
"GO:0035865",11,"Up",0.285273916336945,0.700217794645227,"Up","Up","Up",FALSE
"GO:0045777",14,"Down",0.285966156297779,0.701208637541475,"Down","Down","Down",FALSE
"GO:0008360",109,"Up",0.28662345585527,0.702111892871277,"Up","Up","Up",FALSE
"GO:0050730",12,"Down",0.287808608205576,0.704305053312738,"Down","Down","Down",FALSE
"GO:0060999",17,"Up",0.288622636875759,0.705586526768706,"Up","Up","Up",FALSE
"GO:0006091",36,"Down",0.289109532764473,0.70562701554392,"Down","Down","Down",FALSE
"GO:0051290",14,"Up",0.289219961926644,0.70562701554392,"Up","Up","Up",FALSE
"GO:0035914",43,"Down",0.290405430205184,0.705841749033495,"Down","Down","Down",FALSE
"GO:0050868",13,"Down",0.289949797148311,0.705841749033495,"Down","Down","Down",FALSE
"GO:2000773",19,"Down",0.290384118535741,0.705841749033495,"Down","Down","Down",FALSE
"GO:2000819",23,"Up",0.29046985556934,0.705841749033495,"Up","Up","Up",FALSE
"GO:0048514",17,"Up",0.290871105347036,0.706110675317979,"Up","Up","Up",FALSE
"GO:0006897",136,"Up",0.292892165905744,0.709599165653996,"Up","Up","Up",FALSE
"GO:0016236",55,"Down",0.292739594742445,0.709599165653996,"Up","Down","Down",FALSE
"GO:0001913",12,"Up",0.293928054295912,0.710530115745603,"Up","Up","Up",FALSE
"GO:0001921",12,"Up",0.295243496960801,0.710530115745603,"Up","Up","Up",FALSE
"GO:0006974",245,"Up",0.294655746608187,0.710530115745603,"Up","Down","Up",FALSE
"GO:0009880",22,"Up",0.294493381958983,0.710530115745603,"Up","Up","Up",FALSE
"GO:0051056",86,"Up",0.295615616057121,0.710530115745603,"Up","Up","Up",FALSE
"GO:0061045",13,"Down",0.295599511681746,0.710530115745603,"Down","Down","Down",FALSE
"GO:0072332",25,"Down",0.294087542920612,0.710530115745603,"Down","Down","Down",FALSE
"GO:1902230",12,"Up",0.295600010396513,0.710530115745603,"Up","Up","Up",FALSE
"GO:0036297",35,"Up",0.296210639047986,0.711256771627082,"Up","Up","Up",FALSE
"GO:1900242",12,"Up",0.296640370656305,0.711585489333486,"Up","Up","Up",FALSE
"GO:0010719",29,"Down",0.297525570808995,0.7130050661399,"Down","Down","Down",FALSE
"GO:0008544",58,"Down",0.298636077767527,0.714851385189112,"Down","Down","Down",FALSE
"GO:0030502",15,"Down",0.298884365165489,0.714851385189112,"Down","Down","Down",FALSE
"GO:0045739",39,"Up",0.2995763675076,0.715801940062407,"Up","Up","Up",FALSE
"GO:0048025",18,"Down",0.29996206774234,0.716019474080438,"Down","Down","Down",FALSE
"GO:0044255",12,"Down",0.300853230515764,0.717441953045443,"Down","Down","Down",FALSE
"GO:0006805",69,"Down",0.303057272462594,0.718345223450636,"Down","Down","Down",FALSE
"GO:0006940",11,"Up",0.304979636356165,0.718345223450636,"Up","Up","Up",FALSE
"GO:0007586",12,"Down",0.303438689038758,0.718345223450636,"Down","Down","Down",FALSE
"GO:0042326",13,"Down",0.303320900980413,0.718345223450636,"Down","Down","Down",FALSE
"GO:0043113",21,"Down",0.302823950667522,0.718345223450636,"Down","Down","Down",FALSE
"GO:0043525",55,"Down",0.304581160781073,0.718345223450636,"Down","Down","Down",FALSE
"GO:0046676",31,"Up",0.304409145686884,0.718345223450636,"Up","Up","Up",FALSE
"GO:0048143",14,"Down",0.302517559417931,0.718345223450636,"Down","Down","Down",FALSE
"GO:0048681",10,"Up",0.305644908635663,0.718345223450636,"Up","Up","Up",FALSE
"GO:0051258",13,"Down",0.305666239114386,0.718345223450636,"Down","Down","Down",FALSE
"GO:0051457",13,"Up",0.305297434322105,0.718345223450636,"Up","Up","Up",FALSE
"GO:0071108",18,"Up",0.304313482044882,0.718345223450636,"Up","Up","Up",FALSE
"GO:0086002",23,"Up",0.303009123519252,0.718345223450636,"Up","Up","Up",FALSE
"GO:0140052",11,"Down",0.304056195142637,0.718345223450636,"Down","Down","Down",FALSE
"GO:1904707",35,"Up",0.303456217396081,0.718345223450636,"Up","Up","Up",FALSE
"GO:0002224",24,"Down",0.306891004819633,0.720526706967833,"Down","Down","Down",FALSE
"GO:2001046",10,"Up",0.307405458839468,0.721037900559757,"Up","Up","Up",FALSE
"GO:0007019",13,"Down",0.308506525096655,0.722922715510967,"Down","Down","Down",FALSE
"GO:0007062",13,"Up",0.309604518113207,0.723090322212319,"Up","Up","Up",FALSE
"GO:0007623",54,"Up",0.309564023826421,0.723090322212319,"Up","Up","Up",FALSE
"GO:0008015",28,"Down",0.309235689954564,0.723090322212319,"Down","Down","Down",FALSE
"GO:0010212",33,"Up",0.31003727507956,0.723090322212319,"Up","Up","Up",FALSE
"GO:0030308",96,"Down",0.310065891253184,0.723090322212319,"Down","Down","Down",FALSE
"GO:0030968",44,"Down",0.310913647435917,0.723678317307739,"Down","Down","Down",FALSE
"GO:0099170",22,"Up",0.310832543955439,0.723678317307739,"Up","Up","Up",FALSE
"GO:0006898",59,"Down",0.312607520356187,0.726050020081847,"Down","Down","Down",FALSE
"GO:0045176",13,"Up",0.312828959269833,0.726050020081847,"Up","Up","Up",FALSE
"GO:0071285",14,"Down",0.312656167946143,0.726050020081847,"Down","Down","Down",FALSE
"GO:0006520",14,"Down",0.314958680355797,0.727518624776223,"Down","Down","Down",FALSE
"GO:0042573",12,"Down",0.314721028718249,0.727518624776223,"Down","Down","Down",FALSE
"GO:0042797",11,"Down",0.314145360908671,0.727518624776223,"Down","Down","Down",FALSE
"GO:0043277",17,"Down",0.314270957475354,0.727518624776223,"Down","Down","Down",FALSE
"GO:0048661",48,"Down",0.31466955232806,0.727518624776223,"Down","Down","Down",FALSE
"GO:0006518",11,"Up",0.318206276370757,0.727718893650052,"Up","Up","Up",FALSE
"GO:0007420",159,"Up",0.318919321258713,0.727718893650052,"Up","Up","Up",FALSE
"GO:0008406",12,"Down",0.319047415251045,0.727718893650052,"Down","Down","Down",FALSE
"GO:0009950",11,"Up",0.317726858892974,0.727718893650052,"Up","Up","Up",FALSE
"GO:0019395",15,"Up",0.317263875076244,0.727718893650052,"Up","Up","Up",FALSE
"GO:0030214",13,"Down",0.31921239546808,0.727718893650052,"Down","Down","Down",FALSE
"GO:0030879",19,"Up",0.319238000259653,0.727718893650052,"Up","Up","Up",FALSE
"GO:0032924",20,"Up",0.316745092054713,0.727718893650052,"Up","Up","Up",FALSE
"GO:0048701",24,"Down",0.317828721788389,0.727718893650052,"Down","Down","Down",FALSE
"GO:0050732",10,"Down",0.318555254855662,0.727718893650052,"Down","Down","Down",FALSE
"GO:0070536",18,"Up",0.316919592149002,0.727718893650052,"Up","Down","Up",FALSE
"GO:0071549",22,"Up",0.316738339258993,0.727718893650052,"Up","Up","Up",FALSE
"GO:0099054",11,"Up",0.318009907084774,0.727718893650052,"Up","Up","Up",FALSE
"GO:1901524",11,"Down",0.318489083646535,0.727718893650052,"Down","Down","Down",FALSE
"GO:0001707",29,"Up",0.320264361217705,0.727752196962469,"Up","Up","Up",FALSE
"GO:0006325",152,"Up",0.319603774434153,0.727752196962469,"Up","Up","Up",FALSE
"GO:0046889",18,"Up",0.320104703287294,0.727752196962469,"Up","Up","Up",FALSE
"GO:0048278",17,"Down",0.320450555864133,0.727752196962469,"Down","Down","Down",FALSE
"GO:0034115",10,"Up",0.321179074201355,0.728045849169117,"Up","Up","Up",FALSE
"GO:0060348",44,"Up",0.321041696635738,0.728045849169117,"Up","Up","Up",FALSE
"GO:0035987",31,"Down",0.322136302342947,0.729293073347735,"Down","Down","Down",FALSE
"GO:0051453",22,"Up",0.32232953118332,0.729293073347735,"Up","Up","Up",FALSE
"GO:0007263",10,"Down",0.323393779966508,0.729662846163987,"Down","Down","Down",FALSE
"GO:0050821",172,"Down",0.323362285515464,0.729662846163987,"Down","Down","Down",FALSE
"GO:1901673",17,"Down",0.322805519386873,0.729662846163987,"Down","Down","Down",FALSE
"GO:0043518",15,"Up",0.324053012351126,0.730472003722853,"Up","Up","Up",FALSE
"GO:0010804",22,"Down",0.325099474431965,0.732151735745759,"Down","Down","Down",FALSE
"GO:0015918",15,"Up",0.326349470039171,0.734148959668259,"Up","Up","Up",FALSE
"GO:0031214",22,"Down",0.32659054543267,0.734148959668259,"Down","Down","Down",FALSE
"GO:1990573",38,"Up",0.326894535257104,0.734153161436934,"Up","Up","Up",FALSE
"GO:0043488",32,"Up",0.327521046673542,0.734203084332755,"Up","Up","Up",FALSE
"GO:1904862",21,"Up",0.327442655955088,0.734203084332755,"Up","Up","Up",FALSE
"GO:0090314",24,"Down",0.328469718656775,0.73565107496402,"Down","Down","Down",FALSE
"GO:0002063",16,"Up",0.330145807539443,0.737859675875682,"Up","Up","Up",FALSE
"GO:0007213",13,"Down",0.330010821856091,0.737859675875682,"Down","Down","Down",FALSE
"GO:0045926",14,"Down",0.330366801379729,0.737859675875682,"Down","Down","Down",FALSE
"GO:0007628",31,"Up",0.330696472981938,0.737917749629118,"Up","Up","Up",FALSE
"GO:0002687",14,"Down",0.331252819718092,0.737992589717978,"Down","Down","Down",FALSE
"GO:0006457",115,"Down",0.331734591035926,0.737992589717978,"Up","Down","Down",FALSE
"GO:0015810",12,"Up",0.332133939078344,0.737992589717978,"Up","Up","Up",FALSE
"GO:0036342",18,"Down",0.33202437059452,0.737992589717978,"Down","Down","Down",FALSE
"GO:0090110",13,"Up",0.332248515700193,0.737992589717978,"Up","Up","Up",FALSE
"GO:0023019",22,"Down",0.333193328547935,0.739415331846102,"Down","Down","Down",FALSE
"GO:0007188",42,"Down",0.334431606382467,0.740081107406358,"Down","Down","Down",FALSE
"GO:0007584",51,"Down",0.334830092195893,0.740081107406358,"Down","Down","Down",FALSE
"GO:0015867",10,"Down",0.335187128773445,0.740081107406358,"Down","Down","Down",FALSE
"GO:0030301",21,"Up",0.335320699281646,0.740081107406358,"Up","Up","Up",FALSE
"GO:0046339",11,"Down",0.334124770317203,0.740081107406358,"Down","Down","Down",FALSE
"GO:0097421",27,"Down",0.333977724955591,0.740081107406358,"Down","Down","Down",FALSE
"GO:0016477",225,"Up",0.337292769911216,0.74214304237753,"Up","Up","Up",FALSE
"GO:0042254",22,"Down",0.336768318139212,0.74214304237753,"Down","Down","Down",FALSE
"GO:0071548",15,"Down",0.337476568653157,0.74214304237753,"Down","Down","Down",FALSE
"GO:2001234",21,"Down",0.337324681174051,0.74214304237753,"Down","Down","Down",FALSE
"GO:0002720",15,"Down",0.338014868380774,0.742547415430828,"Down","Down","Down",FALSE
"GO:0007611",49,"Up",0.338271600362933,0.742547415430828,"Up","Up","Up",FALSE
"GO:0016125",13,"Down",0.339036566423829,0.742884451226243,"Down","Down","Down",FALSE
"GO:0016925",42,"Up",0.338883427628233,0.742884451226243,"Up","Up","Up",FALSE
"GO:0001837",39,"Up",0.34109869170952,0.742927011064943,"Up","Up","Up",FALSE
"GO:0007031",19,"Up",0.339378907858255,0.742927011064943,"Up","Up","Up",FALSE
"GO:0032331",20,"Up",0.341523282152258,0.742927011064943,"Up","Up","Up",FALSE
"GO:0048568",24,"Down",0.340483602846024,0.742927011064943,"Down","Down","Down",FALSE
"GO:0050890",39,"Up",0.341485203892533,0.742927011064943,"Up","Up","Up",FALSE
"GO:0055007",17,"Up",0.340291754791493,0.742927011064943,"Up","Up","Up",FALSE
"GO:1905168",34,"Up",0.341374897575555,0.742927011064943,"Up","Down","Up",FALSE
"GO:2000146",11,"Down",0.341807571345929,0.742927011064943,"Down","Down","Down",FALSE
"GO:2000672",10,"Up",0.341725909841587,0.742927011064943,"Up","Up","Up",FALSE
"GO:0009312",19,"Up",0.342756314701923,0.743658789933638,"Up","Up","Up",FALSE
"GO:0043923",15,"Up",0.342708565385934,0.743658789933638,"Up","Up","Up",FALSE
"GO:0030324",64,"Down",0.343512128619898,0.744633784608699,"Down","Down","Down",FALSE
"GO:0001649",108,"Up",0.350354813544238,0.745313943654144,"Up","Up","Up",FALSE
"GO:0001934",112,"Down",0.354342762106071,0.745313943654144,"Down","Down","Down",FALSE
"GO:0001935",26,"Up",0.350071279156373,0.745313943654144,"Up","Up","Up",FALSE
"GO:0002726",10,"Down",0.351074339176761,0.745313943654144,"Down","Down","Down",FALSE
"GO:0003091",14,"Up",0.351815407904561,0.745313943654144,"Up","Up","Up",FALSE
"GO:0005975",89,"Down",0.346813976908196,0.745313943654144,"Down","Down","Down",FALSE
"GO:0006476",10,"Down",0.351869034119652,0.745313943654144,"Down","Down","Down",FALSE
"GO:0006665",12,"Up",0.352427547554686,0.745313943654144,"Up","Up","Up",FALSE
"GO:0006694",21,"Down",0.345908213864879,0.745313943654144,"Down","Down","Down",FALSE
"GO:0006695",31,"Down",0.35390111010763,0.745313943654144,"Down","Down","Down",FALSE
"GO:0007204",126,"Down",0.353491891137892,0.745313943654144,"Down","Up","Down",FALSE
"GO:0007528",24,"Up",0.351780123350134,0.745313943654144,"Up","Up","Up",FALSE
"GO:0010971",24,"Up",0.354705896115919,0.745313943654144,"Up","Up","Up",FALSE
"GO:0030099",17,"Down",0.354128024430436,0.745313943654144,"Down","Down","Down",FALSE
"GO:0032012",18,"Up",0.346799336187175,0.745313943654144,"Up","Up","Up",FALSE
"GO:0032526",37,"Down",0.346155782499576,0.745313943654144,"Down","Down","Down",FALSE
"GO:0034389",12,"Up",0.347087044402925,0.745313943654144,"Up","Up","Up",FALSE
"GO:0035023",26,"Up",0.352180350563594,0.745313943654144,"Up","Up","Up",FALSE
"GO:0038166",12,"Down",0.349876559530758,0.745313943654144,"Down","Down","Down",FALSE
"GO:0038180",12,"Up",0.350280451827547,0.745313943654144,"Up","Up","Up",FALSE
"GO:0042149",41,"Up",0.350898071891215,0.745313943654144,"Up","Down","Up",FALSE
"GO:0044342",15,"Down",0.350525295642527,0.745313943654144,"Down","Down","Down",FALSE
"GO:0045542",10,"Up",0.355021779170852,0.745313943654144,"Up","Up","Up",FALSE
"GO:0045662",24,"Down",0.346692514971092,0.745313943654144,"Down","Down","Down",FALSE
"GO:0050808",40,"Up",0.34554469685597,0.745313943654144,"Up","Up","Up",FALSE
"GO:0051146",13,"Up",0.354092975702811,0.745313943654144,"Up","Up","Up",FALSE
"GO:0051247",17,"Down",0.349268889194828,0.745313943654144,"Down","Down","Down",FALSE
"GO:0051445",17,"Down",0.351797081693138,0.745313943654144,"Down","Down","Down",FALSE
"GO:0051881",20,"Down",0.355174299074691,0.745313943654144,"Down","Down","Down",FALSE
"GO:0051899",28,"Down",0.345339907340304,0.745313943654144,"Down","Down","Down",FALSE
"GO:0051963",16,"Up",0.353806099754598,0.745313943654144,"Up","Up","Up",FALSE
"GO:0060379",10,"Up",0.353971877370844,0.745313943654144,"Up","Up","Up",FALSE
"GO:0090026",18,"Down",0.353099194955234,0.745313943654144,"Down","Down","Down",FALSE
"GO:1902093",10,"Down",0.345824405707635,0.745313943654144,"Down","Down","Down",FALSE
"GO:2000010",15,"Down",0.355069865801322,0.745313943654144,"Down","Down","Down",FALSE
"GO:2000781",31,"Up",0.349397218185572,0.745313943654144,"Up","Up","Up",FALSE
"GO:2001028",10,"Up",0.344388357312715,0.745313943654144,"Up","Up","Up",FALSE
"GO:0045070",23,"Up",0.355736627854647,0.745378971310746,"Up","Up","Up",FALSE
"GO:0048010",28,"Down",0.355818768197723,0.745378971310746,"Down","Down","Down",FALSE
"GO:0042116",16,"Down",0.356439549054633,0.745394237696005,"Down","Down","Down",FALSE
"GO:0043279",10,"Up",0.356179963635223,0.745394237696005,"Up","Up","Up",FALSE
"GO:0030155",39,"Up",0.357562283702394,0.746409493424623,"Up","Up","Up",FALSE
"GO:0043330",25,"Down",0.358458266968305,0.746409493424623,"Down","Down","Down",FALSE
"GO:0051145",15,"Up",0.357867132752674,0.746409493424623,"Up","Up","Up",FALSE
"GO:0060075",11,"Up",0.358105219319174,0.746409493424623,"Up","Up","Up",FALSE
"GO:0071404",14,"Down",0.358460855484171,0.746409493424623,"Down","Down","Down",FALSE
"GO:0001708",25,"Down",0.365423165545707,0.747358726916084,"Down","Up","Down",FALSE
"GO:0003184",13,"Up",0.366885179112016,0.747358726916084,"Up","Up","Up",FALSE
"GO:0006006",50,"Down",0.368203808121683,0.747358726916084,"Down","Down","Down",FALSE
"GO:0006869",54,"Up",0.364870403930406,0.747358726916084,"Up","Up","Up",FALSE
"GO:0007140",22,"Up",0.363046126040037,0.747358726916084,"Up","Up","Up",FALSE
"GO:0008217",62,"Down",0.359734841795628,0.747358726916084,"Down","Up","Down",FALSE
"GO:0009314",13,"Down",0.361042967409015,0.747358726916084,"Down","Down","Down",FALSE
"GO:0010468",129,"Up",0.369028522931179,0.747358726916084,"Up","Up","Up",FALSE
"GO:0010524",13,"Up",0.365431861051747,0.747358726916084,"Up","Up","Up",FALSE
"GO:0016075",12,"Down",0.369003825700882,0.747358726916084,"Down","Down","Down",FALSE
"GO:0016601",25,"Up",0.36886274902466,0.747358726916084,"Up","Up","Up",FALSE
"GO:0019915",21,"Down",0.368799223973768,0.747358726916084,"Down","Down","Down",FALSE
"GO:0019934",18,"Up",0.369273803973584,0.747358726916084,"Up","Up","Up",FALSE
"GO:0030174",10,"Down",0.364583706405289,0.747358726916084,"Down","Down","Down",FALSE
"GO:0030282",46,"Down",0.368099392779145,0.747358726916084,"Down","Down","Down",FALSE
"GO:0030516",13,"Up",0.365730499458744,0.747358726916084,"Up","Up","Up",FALSE
"GO:0030866",21,"Up",0.364332424190152,0.747358726916084,"Up","Up","Up",FALSE
"GO:0032024",52,"Down",0.362781045839233,0.747358726916084,"Down","Down","Down",FALSE
"GO:0033077",32,"Down",0.364749815336203,0.747358726916084,"Down","Down","Down",FALSE
"GO:0034620",14,"Down",0.360854428791313,0.747358726916084,"Down","Down","Down",FALSE
"GO:0042491",10,"Up",0.367722145523254,0.747358726916084,"Up","Up","Up",FALSE
"GO:0043523",18,"Down",0.369270802520038,0.747358726916084,"Down","Down","Down",FALSE
"GO:0048268",17,"Up",0.368611407827585,0.747358726916084,"Up","Up","Up",FALSE
"GO:0048384",20,"Up",0.361676230499555,0.747358726916084,"Up","Up","Up",FALSE
"GO:0050680",49,"Up",0.367897809111229,0.747358726916084,"Up","Up","Up",FALSE
"GO:0051298",14,"Up",0.366601581491361,0.747358726916084,"Up","Up","Up",FALSE
"GO:0061640",14,"Up",0.367305004152303,0.747358726916084,"Up","Up","Up",FALSE
"GO:0070593",11,"Up",0.359491043724471,0.747358726916084,"Up","Up","Up",FALSE
"GO:0071786",11,"Up",0.366109836465794,0.747358726916084,"Up","Up","Up",FALSE
"GO:0072089",39,"Up",0.365007397960776,0.747358726916084,"Up","Up","Up",FALSE
"GO:0090103",19,"Down",0.369373593014904,0.747358726916084,"Down","Up","Down",FALSE
"GO:0098693",12,"Up",0.363371458293758,0.747358726916084,"Up","Up","Up",FALSE
"GO:1904706",21,"Up",0.365832616840081,0.747358726916084,"Up","Up","Up",FALSE
"GO:2000042",20,"Down",0.361945138077414,0.747358726916084,"Down","Down","Down",FALSE
"GO:0030198",132,"Down",0.370149203809721,0.748304962776723,"Down","Up","Down",FALSE
"GO:0006629",130,"Down",0.371400116994413,0.749808842920031,"Down","Down","Down",FALSE
"GO:0022409",16,"Up",0.371510225051735,0.749808842920031,"Up","Up","Up",FALSE
"GO:0032418",28,"Down",0.372146932374288,0.750470577319104,"Down","Down","Down",FALSE
"GO:0007389",30,"Up",0.372746031931985,0.751055437474895,"Up","Up","Up",FALSE
"GO:0045717",15,"Up",0.373525114413254,0.752001680218895,"Up","Up","Up",FALSE
"GO:0046415",10,"Up",0.374537012909477,0.752791514780836,"Up","Up","Up",FALSE
"GO:0061635",12,"Down",0.374460403219209,0.752791514780836,"Down","Down","Down",FALSE
"GO:0000281",55,"Up",0.375269100393709,0.753017269989027,"Up","Up","Up",FALSE
"GO:0099505",28,"Up",0.375052475806802,0.753017269989027,"Up","Up","Up",FALSE
"GO:0016558",12,"Up",0.376149345004847,0.754160815480015,"Up","Down","Up",FALSE
"GO:0003254",10,"Down",0.377187865309942,0.754997127432585,"Down","Down","Down",FALSE
"GO:0095500",19,"Down",0.377171792269452,0.754997127432585,"Down","Down","Down",FALSE
"GO:0006506",26,"Up",0.378200498108903,0.75515793788384,"Up","Down","Up",FALSE
"GO:0035338",12,"Up",0.37818008468145,0.75515793788384,"Up","Up","Up",FALSE
"GO:0043162",25,"Down",0.377867698164499,0.75515793788384,"Down","Down","Down",FALSE
"GO:0003094",16,"Up",0.378909922525604,0.755953293708718,"Up","Up","Up",FALSE
"GO:0072091",10,"Up",0.379767612107652,0.757042901904507,"Up","Up","Up",FALSE
"GO:0061462",14,"Up",0.380166741414368,0.757217361997471,"Up","Down","Up",FALSE
"GO:0032367",11,"Up",0.382849288618663,0.759479286339102,"Up","Up","Up",FALSE
"GO:0032801",12,"Up",0.38212486531505,0.759479286339102,"Up","Up","Up",FALSE
"GO:0045722",20,"Up",0.38286507233144,0.759479286339102,"Up","Up","Up",FALSE
"GO:0048675",28,"Up",0.382404570623693,0.759479286339102,"Up","Up","Up",FALSE
"GO:1904294",17,"Down",0.381829845788688,0.759479286339102,"Down","Down","Down",FALSE
"GO:0003148",22,"Up",0.385054576291128,0.763199527232822,"Up","Up","Up",FALSE
"GO:0034315",11,"Up",0.386481389466982,0.765266429292493,"Up","Up","Up",FALSE
"GO:0048266",16,"Down",0.386829386061791,0.765266429292493,"Down","Down","Down",FALSE
"GO:0060009",10,"Up",0.387042157037232,0.765266429292493,"Up","Up","Up",FALSE
"GO:0000245",22,"Up",0.388943491543113,0.766608337475676,"Up","Down","Up",FALSE
"GO:0001886",10,"Up",0.389358498335915,0.766608337475676,"Up","Up","Up",FALSE
"GO:0002027",28,"Up",0.390249068478653,0.766608337475676,"Up","Up","Up",FALSE
"GO:0007216",12,"Up",0.389645771212521,0.766608337475676,"Up","Up","Up",FALSE
"GO:0019731",45,"Down",0.391191085790057,0.766608337475676,"Down","Down","Down",FALSE
"GO:0031103",12,"Up",0.390729950868844,0.766608337475676,"Up","Up","Up",FALSE
"GO:0031623",46,"Down",0.391009436746496,0.766608337475676,"Down","Down","Down",FALSE
"GO:0038202",19,"Down",0.38891899521043,0.766608337475676,"Down","Down","Down",FALSE
"GO:0048671",10,"Up",0.389707481418815,0.766608337475676,"Up","Up","Up",FALSE
"GO:0050709",17,"Down",0.390592271212718,0.766608337475676,"Down","Down","Down",FALSE
"GO:0141198",14,"Up",0.389032127546974,0.766608337475676,"Up","Up","Up",FALSE
"GO:0016973",15,"Up",0.391669767820888,0.766927909592875,"Up","Up","Up",FALSE
"GO:0042438",10,"Down",0.393168719695984,0.768624287096735,"Down","Down","Down",FALSE
"GO:0043278",11,"Down",0.392979783886344,0.768624287096735,"Down","Down","Down",FALSE
"GO:0042462",18,"Up",0.394877909825223,0.770545745817575,"Up","Up","Up",FALSE
"GO:0051966",25,"Up",0.395102880365719,0.770545745817575,"Up","Up","Up",FALSE
"GO:0060068",10,"Down",0.394944763378427,0.770545745817575,"Down","Down","Down",FALSE
"GO:0044790",11,"Down",0.395636528079497,0.770967733146094,"Down","Down","Down",FALSE
"GO:0006688",17,"Up",0.396240618846327,0.771526204965205,"Up","Up","Up",FALSE
"GO:0001975",31,"Down",0.397762062551046,0.772218636879056,"Down","Down","Down",FALSE
"GO:0007029",29,"Up",0.397867379988715,0.772218636879056,"Up","Down","Up",FALSE
"GO:0030003",14,"Down",0.397274505443311,0.772218636879056,"Down","Down","Down",FALSE
"GO:0051301",290,"Up",0.397572264999286,0.772218636879056,"Up","Down","Up",FALSE
"GO:0045595",24,"Down",0.398346466901563,0.772531456161849,"Down","Down","Down",FALSE
"GO:0006479",15,"Down",0.400474195752942,0.775237442709456,"Down","Down","Down",FALSE
"GO:0007605",128,"Down",0.400703225774921,0.775237442709456,"Down","Down","Down",FALSE
"GO:0032727",23,"Down",0.400823858387425,0.775237442709456,"Down","Down","Down",FALSE
"GO:0048666",42,"Up",0.401303286315551,0.775237442709456,"Up","Up","Up",FALSE
"GO:0050772",24,"Up",0.401535856062782,0.775237442709456,"Up","Up","Up",FALSE
"GO:0071385",22,"Down",0.401655942539591,0.775237442709456,"Down","Down","Down",FALSE
"GO:0046627",35,"Down",0.402021332740235,0.775326855999025,"Down","Down","Down",FALSE
"GO:0071391",16,"Up",0.402865468520456,0.776338690328872,"Up","Up","Up",FALSE
"GO:0016233",11,"Up",0.403685179675163,0.777301891133633,"Up","Up","Up",FALSE
"GO:0008380",142,"Up",0.404076948605818,0.77744020990668,"Up","Down","Up",FALSE
"GO:0000956",16,"Down",0.406557334283513,0.777979509527728,"Down","Down","Up",FALSE
"GO:0001953",15,"Up",0.405210730969703,0.777979509527728,"Up","Up","Up",FALSE
"GO:0003007",34,"Up",0.405341434509455,0.777979509527728,"Up","Up","Up",FALSE
"GO:0006309",11,"Up",0.406598344485685,0.777979509527728,"Up","Up","Up",FALSE
"GO:0032148",15,"Down",0.405316801518223,0.777979509527728,"Down","Down","Down",FALSE
"GO:0045591",11,"Down",0.405688825975706,0.777979509527728,"Down","Down","Down",FALSE
"GO:0097190",53,"Up",0.406254724906205,0.777979509527728,"Up","Up","Up",FALSE
"GO:0051895",14,"Up",0.407065932964406,0.778261382457518,"Up","Up","Up",FALSE
"GO:0001937",30,"Down",0.407960372981225,0.778278375875708,"Down","Down","Down",FALSE
"GO:0060749",14,"Up",0.407909736126488,0.778278375875708,"Up","Up","Up",FALSE
"GO:1903427",12,"Down",0.408035658792449,0.778278375875708,"Down","Down","Down",FALSE
"GO:1903077",20,"Up",0.40874396588715,0.779017911455509,"Up","Up","Up",FALSE
"GO:0030851",10,"Down",0.41139429924952,0.781089764436213,"Down","Down","Down",FALSE
"GO:0034599",81,"Down",0.411438229826482,0.781089764436213,"Down","Down","Down",FALSE
"GO:0038063",10,"Down",0.411121931550222,0.781089764436213,"Down","Down","Down",FALSE
"GO:0043517",10,"Up",0.410598571411449,0.781089764436213,"Up","Up","Up",FALSE
"GO:0060045",21,"Up",0.411121585678732,0.781089764436213,"Up","Up","Up",FALSE
"GO:0002088",40,"Up",0.413106049867084,0.782606553585332,"Up","Up","Up",FALSE
"GO:0035640",18,"Down",0.413087453163383,0.782606553585332,"Down","Down","Down",FALSE
"GO:0042391",65,"Up",0.413525438190768,0.782606553585332,"Up","Up","Up",FALSE
"GO:0046037",10,"Up",0.413454855382932,0.782606553585332,"Up","Up","Up",FALSE
"GO:0002089",12,"Up",0.414995785195821,0.783045275169529,"Up","Up","Up",FALSE
"GO:0019432",11,"Down",0.41430845841574,0.783045275169529,"Down","Down","Down",FALSE
"GO:0043589",11,"Up",0.415690701633207,0.783045275169529,"Up","Up","Up",FALSE
"GO:0048286",36,"Up",0.415632389192074,0.783045275169529,"Up","Up","Up",FALSE
"GO:0061436",23,"Down",0.414916467210427,0.783045275169529,"Down","Up","Down",FALSE
"GO:1902237",10,"Up",0.415219327792532,0.783045275169529,"Up","Up","Up",FALSE
"GO:0071300",63,"Down",0.416125982797661,0.783258046629214,"Down","Down","Down",FALSE
"GO:0051497",25,"Up",0.416629326332519,0.783598500764722,"Up","Up","Up",FALSE
"GO:0010001",22,"Up",0.417682729287605,0.78420478892265,"Up","Up","Up",FALSE
"GO:0043409",33,"Down",0.417887415965545,0.78420478892265,"Down","Down","Down",FALSE
"GO:0046902",10,"Down",0.417919836071947,0.78420478892265,"Down","Down","Down",FALSE
"GO:0006281",201,"Up",0.418474269306828,0.784639254950303,"Up","Down","Up",FALSE
"GO:0000244",15,"Down",0.428066700532591,0.786142721669503,"Down","Down","Down",FALSE
"GO:0001701",175,"Up",0.421133745198003,0.786142721669503,"Up","Up","Up",FALSE
"GO:0002437",18,"Down",0.421256234527056,0.786142721669503,"Down","Down","Down",FALSE
"GO:0003203",18,"Up",0.422868491373877,0.786142721669503,"Up","Up","Up",FALSE
"GO:0006891",19,"Up",0.428453958624171,0.786142721669503,"Up","Down","Up",FALSE
"GO:0010043",22,"Up",0.42093057223155,0.786142721669503,"Up","Up","Up",FALSE
"GO:0016241",49,"Down",0.42331353078502,0.786142721669503,"Down","Down","Down",FALSE
"GO:0017157",20,"Down",0.425182599389622,0.786142721669503,"Down","Down","Down",FALSE
"GO:0031929",15,"Down",0.426365778419955,0.786142721669503,"Down","Down","Down",FALSE
"GO:0034067",17,"Down",0.427213596334959,0.786142721669503,"Down","Down","Down",FALSE
"GO:0034375",15,"Down",0.429423971993575,0.786142721669503,"Down","Down","Down",FALSE
"GO:0034614",37,"Up",0.42224293268253,0.786142721669503,"Up","Up","Up",FALSE
"GO:0035036",10,"Down",0.42979705006609,0.786142721669503,"Down","Up","Down",FALSE
"GO:0038061",18,"Down",0.428626156276028,0.786142721669503,"Down","Down","Down",FALSE
"GO:0038084",14,"Down",0.424048519128817,0.786142721669503,"Down","Down","Down",FALSE
"GO:0042759",12,"Up",0.429952130493321,0.786142721669503,"Up","Up","Up",FALSE
"GO:0042908",21,"Up",0.42484840252907,0.786142721669503,"Up","Up","Up",FALSE
"GO:0048015",17,"Up",0.422061624867079,0.786142721669503,"Up","Up","Up",FALSE
"GO:0048260",20,"Up",0.429714355137244,0.786142721669503,"Up","Up","Up",FALSE
"GO:0048708",15,"Up",0.429011158475167,0.786142721669503,"Up","Up","Up",FALSE
"GO:0050850",30,"Down",0.426674861944885,0.786142721669503,"Down","Up","Down",FALSE
"GO:0051016",18,"Down",0.42746327315052,0.786142721669503,"Down","Down","Down",FALSE
"GO:0051168",10,"Up",0.422748479124612,0.786142721669503,"Up","Up","Up",FALSE
"GO:0055085",163,"Up",0.425629591183285,0.786142721669503,"Up","Up","Up",FALSE
"GO:0060021",57,"Up",0.429192815496474,0.786142721669503,"Up","Up","Up",FALSE
"GO:0061053",13,"Up",0.42069290516634,0.786142721669503,"Up","Up","Up",FALSE
"GO:0070213",10,"Up",0.426536488089273,0.786142721669503,"Up","Up","Up",FALSE
"GO:0090181",13,"Down",0.425677823419483,0.786142721669503,"Down","Down","Down",FALSE
"GO:0090190",16,"Up",0.425591500868368,0.786142721669503,"Up","Up","Up",FALSE
"GO:0098742",15,"Down",0.423583502319096,0.786142721669503,"Down","Down","Down",FALSE
"GO:0099022",11,"Down",0.428850194413139,0.786142721669503,"Up","Down","Down",FALSE
"GO:0099175",23,"Up",0.427834369857275,0.786142721669503,"Up","Up","Up",FALSE
"GO:1990000",23,"Down",0.429388788238464,0.786142721669503,"Down","Down","Down",FALSE
"GO:0002467",10,"Down",0.430817231302475,0.787132234635349,"Down","Down","Down",FALSE
"GO:1990830",84,"Up",0.432235837270836,0.789130792312645,"Up","Up","Up",FALSE
"GO:0030100",25,"Up",0.433038701521279,0.789504111375004,"Up","Up","Up",FALSE
"GO:0032332",16,"Up",0.433090115416823,0.789504111375004,"Up","Up","Up",FALSE
"GO:0016051",10,"Down",0.434418806772836,0.789767362652234,"Down","Down","Down",FALSE
"GO:0019229",19,"Up",0.434343014911541,0.789767362652234,"Up","Up","Up",FALSE
"GO:0030512",74,"Up",0.434534553031291,0.789767362652234,"Up","Up","Up",FALSE
"GO:0050769",25,"Up",0.434267098176782,0.789767362652234,"Up","Up","Up",FALSE
"GO:0030513",34,"Up",0.435607776957891,0.791088747351897,"Up","Up","Up",FALSE
"GO:0150052",41,"Up",0.435912688355634,0.791088747351897,"Up","Up","Up",FALSE
"GO:2000767",13,"Up",0.436284649581101,0.791172909314982,"Up","Up","Up",FALSE
"GO:0035810",12,"Down",0.436994587030697,0.791279319288074,"Down","Down","Down",FALSE
"GO:0061178",13,"Up",0.436762551415139,0.791279319288074,"Up","Up","Up",FALSE
"GO:0002024",11,"Down",0.440213061480761,0.791809968855001,"Down","Down","Down",FALSE
"GO:0003272",10,"Up",0.439436790767706,0.791809968855001,"Up","Up","Up",FALSE
"GO:0003341",30,"Up",0.439259698345297,0.791809968855001,"Up","Up","Up",FALSE
"GO:0009311",14,"Down",0.439577438081467,0.791809968855001,"Down","Down","Down",FALSE
"GO:0010763",11,"Up",0.438952213952788,0.791809968855001,"Up","Up","Up",FALSE
"GO:0045165",52,"Down",0.438023000178976,0.791809968855001,"Down","Up","Down",FALSE
"GO:0055001",16,"Up",0.438243860614642,0.791809968855001,"Up","Up","Up",FALSE
"GO:0061136",16,"Down",0.440049246306754,0.791809968855001,"Up","Down","Down",FALSE
"GO:0072659",118,"Up",0.440220274865476,0.791809968855001,"Up","Up","Up",FALSE
"GO:0051602",26,"Down",0.441207152876898,0.792998063232886,"Down","Down","Down",FALSE
"GO:0006637",14,"Down",0.44239874032247,0.793108156105302,"Down","Down","Down",FALSE
"GO:0042307",32,"Down",0.442251354055406,0.793108156105302,"Down","Down","Down",FALSE
"GO:0043252",11,"Up",0.442573934024193,0.793108156105302,"Up","Up","Up",FALSE
"GO:1904507",13,"Down",0.442145095078384,0.793108156105302,"Down","Down","Down",FALSE
"GO:0048246",11,"Down",0.443789659208179,0.794700716194454,"Down","Down","Down",FALSE
"GO:0045945",16,"Up",0.445480723824102,0.797141501393643,"Up","Down","Up",FALSE
"GO:0050900",23,"Down",0.445923261201838,0.797346228639049,"Down","Down","Down",FALSE
"GO:0051289",55,"Down",0.446472385727644,0.797741100969246,"Down","Down","Down",FALSE
"GO:0006811",92,"Up",0.448463055840049,0.798240617160884,"Up","Up","Up",FALSE
"GO:0006941",13,"Up",0.450313600610587,0.798240617160884,"Up","Up","Up",FALSE
"GO:0021846",10,"Up",0.449437961045097,0.798240617160884,"Up","Up","Up",FALSE
"GO:0033137",12,"Up",0.450484244081055,0.798240617160884,"Up","Up","Up",FALSE
"GO:0042981",135,"Down",0.448331256186691,0.798240617160884,"Down","Down","Down",FALSE
"GO:0045773",26,"Up",0.449276622245649,0.798240617160884,"Up","Up","Up",FALSE
"GO:0045776",26,"Down",0.449871891591507,0.798240617160884,"Down","Down","Down",FALSE
"GO:0048009",26,"Up",0.448566026276557,0.798240617160884,"Up","Up","Up",FALSE
"GO:0051209",37,"Down",0.45069387931882,0.798240617160884,"Down","Down","Down",FALSE
"GO:0060285",10,"Up",0.44731413416995,0.798240617160884,"Up","Up","Up",FALSE
"GO:0086009",11,"Up",0.448840976359644,0.798240617160884,"Up","Up","Up",FALSE
"GO:1904645",13,"Down",0.448220346265136,0.798240617160884,"Down","Down","Down",FALSE
"GO:0000463",10,"Down",0.454548760560845,0.798431645618016,"Up","Down","Down",FALSE
"GO:0003180",31,"Up",0.454148181212219,0.798431645618016,"Up","Up","Up",FALSE
"GO:0006855",15,"Up",0.456327331105692,0.798431645618016,"Up","Up","Up",FALSE
"GO:0007157",39,"Down",0.456366895324862,0.798431645618016,"Down","Down","Down",FALSE
"GO:0008361",22,"Up",0.454355170135344,0.798431645618016,"Up","Up","Up",FALSE
"GO:0010629",207,"Up",0.455647008782407,0.798431645618016,"Up","Up","Up",FALSE
"GO:0030501",36,"Up",0.451749984845699,0.798431645618016,"Up","Up","Up",FALSE
"GO:0031018",14,"Down",0.455546101294241,0.798431645618016,"Down","Down","Down",FALSE
"GO:0031529",12,"Down",0.456387471507582,0.798431645618016,"Down","Down","Down",FALSE
"GO:0042059",14,"Down",0.453310385269508,0.798431645618016,"Down","Down","Down",FALSE
"GO:0045943",20,"Up",0.454470035840235,0.798431645618016,"Up","Down","Up",FALSE
"GO:0048545",20,"Down",0.455227902067332,0.798431645618016,"Down","Down","Down",FALSE
"GO:0060041",51,"Up",0.453224083482051,0.798431645618016,"Up","Up","Up",FALSE
"GO:0060287",11,"Up",0.452839071945016,0.798431645618016,"Up","Up","Up",FALSE
"GO:0071468",12,"Down",0.454711634857915,0.798431645618016,"Down","Down","Down",FALSE
"GO:0071493",10,"Down",0.452444335704538,0.798431645618016,"Down","Down","Down",FALSE
"GO:1903671",11,"Down",0.454514554329231,0.798431645618016,"Down","Down","Down",FALSE
"GO:0008630",38,"Down",0.456800291246767,0.798578926424204,"Down","Down","Down",FALSE
"GO:0006820",14,"Down",0.457983863700696,0.798794642112927,"Down","Up","Down",FALSE
"GO:0010269",11,"Down",0.458204697906286,0.798794642112927,"Down","Down","Down",FALSE
"GO:0015711",15,"Up",0.458025886833435,0.798794642112927,"Up","Up","Up",FALSE
"GO:0030522",26,"Up",0.458238572471366,0.798794642112927,"Up","Up","Up",FALSE
"GO:0016338",20,"Down",0.460992974940376,0.799909093288958,"Down","Up","Down",FALSE
"GO:0019433",17,"Down",0.461840517647905,0.799909093288958,"Down","Down","Down",FALSE
"GO:0032212",21,"Up",0.460474559275218,0.799909093288958,"Up","Down","Up",FALSE
"GO:0032874",19,"Down",0.461810998617961,0.799909093288958,"Down","Down","Down",FALSE
"GO:0035264",79,"Up",0.461422312309432,0.799909093288958,"Up","Up","Up",FALSE
"GO:0045668",41,"Up",0.461073021529591,0.799909093288958,"Up","Up","Up",FALSE
"GO:0045907",26,"Down",0.459772112614498,0.799909093288958,"Down","Down","Down",FALSE
"GO:0046716",22,"Up",0.460362485290622,0.799909093288958,"Up","Up","Up",FALSE
"GO:1900087",35,"Up",0.461667816185744,0.799909093288958,"Up","Down","Up",FALSE
"GO:0061036",16,"Up",0.463445515831418,0.802117238938993,"Up","Up","Up",FALSE
"GO:0030511",26,"Up",0.464145452656113,0.802756903882103,"Up","Up","Up",FALSE
"GO:0042692",16,"Down",0.464808191801544,0.803331369898828,"Down","Down","Down",FALSE
"GO:0031667",34,"Down",0.466134817821647,0.805051604340159,"Down","Up","Down",FALSE
"GO:0021762",36,"Up",0.467340848634569,0.805982915607092,"Up","Up","Up",FALSE
"GO:0031648",43,"Up",0.467669099179424,0.805982915607092,"Up","Down","Up",FALSE
"GO:0050885",38,"Up",0.467029077791612,0.805982915607092,"Up","Up","Up",FALSE
"GO:0099072",24,"Up",0.468432359870008,0.806726176104974,"Up","Down","Up",FALSE
"GO:0001889",63,"Up",0.46900929174487,0.807127526991424,"Up","Up","Up",FALSE
"GO:0002042",16,"Up",0.469329710139457,0.807127526991424,"Up","Up","Up",FALSE
"GO:0033690",13,"Up",0.470064533945535,0.80781953146227,"Up","Up","Up",FALSE
"GO:0021766",57,"Up",0.471059323461072,0.808400776581585,"Up","Up","Up",FALSE
"GO:0050678",16,"Up",0.47118361150656,0.808400776581585,"Up","Up","Up",FALSE
"GO:0051491",22,"Up",0.471400782064241,0.808400776581585,"Up","Up","Up",FALSE
"GO:0046470",14,"Down",0.473829179572434,0.811475474112095,"Down","Down","Down",FALSE
"GO:0070166",11,"Down",0.473861604018544,0.811475474112095,"Down","Up","Down",FALSE
"GO:0030177",33,"Up",0.474579687454882,0.812132845433355,"Up","Up","Up",FALSE
"GO:0097091",12,"Up",0.477610027215102,0.816743396293243,"Up","Up","Up",FALSE
"GO:0006968",39,"Down",0.478436484187843,0.81758133373872,"Down","Down","Down",FALSE
"GO:0070848",12,"Down",0.478804483608079,0.817635203912601,"Down","Down","Down",FALSE
"GO:0000338",11,"Down",0.479291173094681,0.817891538356795,"Up","Down","Down",FALSE
"GO:0034058",11,"Up",0.480127720977211,0.818744113666403,"Up","Down","Up",FALSE
"GO:1903779",16,"Up",0.480649123326462,0.819058464013536,"Up","Up","Up",FALSE
"GO:0072577",10,"Down",0.48138026037424,0.819729525374495,"Down","Down","Down",FALSE
"GO:0033044",14,"Down",0.482191013528998,0.820535128064052,"Down","Down","Down",FALSE
"GO:0035092",15,"Down",0.48291915685967,0.821199126080474,"Down","Down","Down",FALSE
"GO:0019233",36,"Down",0.483373001142794,0.821396078865027,"Down","Down","Down",FALSE
"GO:0044794",11,"Down",0.483814815943741,0.82157232896107,"Down","Down","Down",FALSE
"GO:0006890",40,"Down",0.485040034460961,0.821752503821194,"Up","Down","Down",FALSE
"GO:0021854",10,"Down",0.48561176769022,0.821752503821194,"Down","Down","Down",FALSE
"GO:0035855",20,"Up",0.48508778736556,0.821752503821194,"Up","Up","Up",FALSE
"GO:0051028",47,"Up",0.484785299096873,0.821752503821194,"Up","Down","Up",FALSE
"GO:0051149",12,"Up",0.485394239731105,0.821752503821194,"Up","Up","Up",FALSE
"GO:0007163",28,"Up",0.487175511894919,0.823824978360929,"Up","Up","Up",FALSE
"GO:0006368",27,"Up",0.488999063609219,0.82388230870186,"Up","Down","Up",FALSE
"GO:0007616",34,"Down",0.488530776841832,0.82388230870186,"Down","Down","Down",FALSE
"GO:0033198",16,"Up",0.488535647446573,0.82388230870186,"Up","Up","Up",FALSE
"GO:0035694",10,"Down",0.490599876827815,0.82388230870186,"Up","Down","Down",FALSE
"GO:0042475",50,"Down",0.49017989142115,0.82388230870186,"Down","Up","Down",FALSE
"GO:0045815",33,"Down",0.488040813321291,0.82388230870186,"Down","Down","Down",FALSE
"GO:0045880",32,"Up",0.490361211511589,0.82388230870186,"Down","Up","Up",FALSE
"GO:0060425",14,"Down",0.489832915722527,0.82388230870186,"Down","Down","Down",FALSE
"GO:0090331",11,"Down",0.489093740028935,0.82388230870186,"Down","Down","Down",FALSE
"GO:1902895",47,"Down",0.490476272303964,0.82388230870186,"Down","Down","Down",FALSE
"GO:0001675",27,"Up",0.494792186266946,0.83034876562754,"Up","Up","Up",FALSE
"GO:0014850",24,"Up",0.496877758053105,0.832698587633825,"Up","Up","Up",FALSE
"GO:0051924",21,"Up",0.496664615305303,0.832698587633825,"Up","Up","Up",FALSE
"GO:0000423",40,"Up",0.49890804295368,0.834429188766628,"Up","Down","Up",FALSE
"GO:0036158",21,"Down",0.498779692838739,0.834429188766628,"Down","Down","Down",FALSE
"GO:0048598",10,"Up",0.498940580772802,0.834429188766628,"Up","Up","Up",FALSE
"GO:0140042",12,"Up",0.499697659016434,0.835120571808758,"Up","Up","Up",FALSE
"GO:0008203",62,"Down",0.500384673750152,0.83535478695655,"Down","Down","Down",FALSE
"GO:0071320",48,"Up",0.500525337369851,0.83535478695655,"Up","Up","Up",FALSE
"GO:0051898",48,"Down",0.502141635521174,0.837477127190428,"Down","Down","Down",FALSE
"GO:0001818",23,"Up",0.507037858502681,0.838164623239125,"Up","Up","Up",FALSE
"GO:0001894",23,"Up",0.503090030984061,0.838164623239125,"Up","Up","Up",FALSE
"GO:0006164",11,"Up",0.504207377122482,0.838164623239125,"Up","Down","Up",FALSE
"GO:0006801",14,"Down",0.506652392494944,0.838164623239125,"Down","Down","Down",FALSE
"GO:0009408",32,"Down",0.506553219063254,0.838164623239125,"Up","Down","Down",FALSE
"GO:0030216",50,"Down",0.506641030356311,0.838164623239125,"Down","Down","Down",FALSE
"GO:0030510",11,"Down",0.506835548168912,0.838164623239125,"Down","Down","Down",FALSE
"GO:0044319",14,"Down",0.505951317266229,0.838164623239125,"Down","Down","Down",FALSE
"GO:0050807",22,"Up",0.506158493885715,0.838164623239125,"Up","Up","Up",FALSE
"GO:0050852",88,"Down",0.504672068295398,0.838164623239125,"Down","Down","Down",FALSE
"GO:0051291",13,"Down",0.506362348550358,0.838164623239125,"Down","Down","Down",FALSE
"GO:0055117",15,"Up",0.506720900871328,0.838164623239125,"Up","Up","Up",FALSE
"GO:0060079",58,"Down",0.503570021283317,0.838164623239125,"Down","Up","Down",FALSE
"GO:0030238",11,"Up",0.508415403646644,0.838756880134683,"Down","Up","Up",FALSE
"GO:0051493",16,"Down",0.508431639686579,0.838756880134683,"Down","Down","Down",FALSE
"GO:0060291",43,"Up",0.508285102377061,0.838756880134683,"Up","Up","Up",FALSE
"GO:0001736",12,"Up",0.510764377922752,0.838932919629715,"Up","Up","Up",FALSE
"GO:0001782",23,"Down",0.509267696066792,0.838932919629715,"Down","Down","Down",FALSE
"GO:0003158",10,"Up",0.511010585251046,0.838932919629715,"Up","Up","Up",FALSE
"GO:0010507",42,"Up",0.509148930405809,0.838932919629715,"Up","Down","Up",FALSE
"GO:0040019",11,"Up",0.510019689226052,0.838932919629715,"Up","Up","Up",FALSE
"GO:0043392",17,"Down",0.511300269124119,0.838932919629715,"Down","Down","Down",FALSE
"GO:0045039",12,"Down",0.510229224722968,0.838932919629715,"Up","Down","Down",FALSE
"GO:0050806",15,"Down",0.510936776521412,0.838932919629715,"Down","Down","Down",FALSE
"GO:0010824",15,"Down",0.513994725127602,0.841997213820112,"Down","Down","Down",FALSE
"GO:0043408",29,"Up",0.514080824767469,0.841997213820112,"Up","Up","Up",FALSE
"GO:0070102",11,"Down",0.514207351979032,0.841997213820112,"Down","Down","Down",FALSE
"GO:0043328",15,"Down",0.514805115700785,0.84240837114674,"Up","Down","Down",FALSE
"GO:0001833",12,"Up",0.521214231146579,0.842484814329759,"Up","Up","Up",FALSE
"GO:0001958",26,"Up",0.519711365330674,0.842484814329759,"Up","Up","Up",FALSE
"GO:0003016",16,"Down",0.515234130843908,0.842484814329759,"Down","Down","Down",FALSE
"GO:0006310",40,"Down",0.516214421066696,0.842484814329759,"Down","Down","Up",FALSE
"GO:0006516",12,"Down",0.516922578130049,0.842484814329759,"Down","Down","Down",FALSE
"GO:0007175",11,"Down",0.517285336297225,0.842484814329759,"Down","Down","Down",FALSE
"GO:0007340",15,"Down",0.517236100239404,0.842484814329759,"Down","Down","Down",FALSE
"GO:0007613",67,"Up",0.521785862372958,0.842484814329759,"Up","Up","Up",FALSE
"GO:0010463",11,"Down",0.519875453561848,0.842484814329759,"Down","Up","Down",FALSE
"GO:0015804",20,"Up",0.519329754826289,0.842484814329759,"Up","Up","Down",FALSE
"GO:0034113",28,"Down",0.520392701154528,0.842484814329759,"Down","Down","Down",FALSE
"GO:0045071",36,"Down",0.521715497004235,0.842484814329759,"Down","Down","Down",FALSE
"GO:0045747",35,"Up",0.517718547244172,0.842484814329759,"Up","Up","Up",FALSE
"GO:0046777",115,"Up",0.5181168499743,0.842484814329759,"Up","Up","Up",FALSE
"GO:0051781",37,"Down",0.520911082891829,0.842484814329759,"Down","Down","Down",FALSE
"GO:0055010",16,"Up",0.520330737209452,0.842484814329759,"Down","Up","Up",FALSE
"GO:0060325",23,"Up",0.519047746434811,0.842484814329759,"Up","Up","Up",FALSE
"GO:0060349",23,"Down",0.51760814910195,0.842484814329759,"Down","Up","Down",FALSE
"GO:0071361",12,"Up",0.515782656479117,0.842484814329759,"Up","Up","Up",FALSE
"GO:0071872",10,"Up",0.521394024566862,0.842484814329759,"Up","Up","Up",FALSE
"GO:0009395",13,"Down",0.52350125911502,0.843013956030152,"Down","Down","Down",FALSE
"GO:0035335",20,"Up",0.52277608348229,0.843013956030152,"Up","Up","Up",FALSE
"GO:0042177",40,"Down",0.523213692032888,0.843013956030152,"Down","Down","Up",FALSE
"GO:0071806",16,"Up",0.522858347509286,0.843013956030152,"Up","Up","Up",FALSE
"GO:0031397",47,"Down",0.524993054089559,0.844856371812999,"Down","Down","Down",FALSE
"GO:0009313",12,"Down",0.526936000234643,0.84582850242142,"Down","Down","Down",FALSE
"GO:0009887",64,"Down",0.526782733988085,0.84582850242142,"Down","Down","Down",FALSE
"GO:0048711",10,"Down",0.526564542639917,0.84582850242142,"Down","Down","Down",FALSE
"GO:1990166",16,"Up",0.526989445541576,0.84582850242142,"Up","Down","Up",FALSE
"GO:0008277",35,"Down",0.529398164961788,0.84913369033475,"Down","Down","Down",FALSE
"GO:2001240",28,"Down",0.529993574357335,0.849527958897311,"Down","Up","Down",FALSE
"GO:0051402",73,"Up",0.53073106044491,0.85014929260457,"Up","Up","Up",FALSE
"GO:0035567",24,"Down",0.532055378709042,0.851709203071786,"Down","Down","Down",FALSE
"GO:0033617",14,"Down",0.532505989322799,0.851869357507836,"Down","Down","Down",FALSE
"GO:0006606",83,"Up",0.534028681406325,0.852621350734146,"Up","Down","Up",FALSE
"GO:0035729",14,"Up",0.533469549078502,0.852621350734146,"Up","Up","Up",FALSE
"GO:0045766",121,"Down",0.533849781421088,0.852621350734146,"Down","Down","Down",FALSE
"GO:0001706",13,"Down",0.53488827165331,0.852629407727262,"Down","Up","Down",FALSE
"GO:0033622",10,"Up",0.535086356701265,0.852629407727262,"Up","Up","Up",FALSE
"GO:0050884",13,"Down",0.534476706285207,0.852629407727262,"Down","Down","Down",FALSE
"GO:0006605",36,"Up",0.535621449015107,0.852922753018814,"Up","Up","Up",FALSE
"GO:0015721",23,"Up",0.537420612766251,0.853550384981692,"Up","Up","Up",FALSE
"GO:0016266",33,"Up",0.537071178629842,0.853550384981692,"Up","Up","Up",FALSE
"GO:0035988",13,"Down",0.536381844308737,0.853550384981692,"Down","Down","Down",FALSE
"GO:0120163",40,"Up",0.537351988385567,0.853550384981692,"Up","Up","Up",FALSE
"GO:0034587",15,"Down",0.538247249020194,0.853747268354486,"Down","Down","Down",FALSE
"GO:0051321",62,"Up",0.538139435373677,0.853747268354486,"Up","Up","Up",FALSE
"GO:0045580",12,"Down",0.539704537384092,0.85550034301588,"Down","Down","Down",FALSE
"GO:0006836",35,"Down",0.540277841578643,0.85585081814609,"Down","Up","Down",FALSE
"GO:0007141",22,"Down",0.545431709357046,0.857042401171862,"Down","Down","Down",FALSE
"GO:0007229",84,"Down",0.541576849356966,0.857042401171862,"Down","Down","Up",FALSE
"GO:0007368",43,"Up",0.544615098046804,0.857042401171862,"Up","Up","Up",FALSE
"GO:0019985",12,"Up",0.545507622756691,0.857042401171862,"Up","Down","Up",FALSE
"GO:0035589",11,"Up",0.544182323262049,0.857042401171862,"Up","Up","Up",FALSE
"GO:0045860",40,"Down",0.543186895268376,0.857042401171862,"Down","Down","Down",FALSE
"GO:0048738",15,"Up",0.54317028027923,0.857042401171862,"Up","Up","Up",FALSE
"GO:0060441",16,"Up",0.543896927055174,0.857042401171862,"Up","Up","Up",FALSE
"GO:0071901",12,"Down",0.544819332982934,0.857042401171862,"Down","Down","Down",FALSE
"GO:0072583",25,"Up",0.545615059511469,0.857042401171862,"Up","Down","Up",FALSE
"GO:0098719",18,"Down",0.544311528218563,0.857042401171862,"Down","Up","Down",FALSE
"GO:1903078",51,"Down",0.543381343376795,0.857042401171862,"Down","Down","Down",FALSE
"GO:1903955",26,"Down",0.543211279063445,0.857042401171862,"Down","Down","Down",FALSE
"GO:0043950",11,"Down",0.54782927392499,0.858501168876341,"Down","Up","Down",FALSE
"GO:0045727",57,"Down",0.547566189992803,0.858501168876341,"Down","Down","Up",FALSE
"GO:0051225",27,"Up",0.546978838051231,0.858501168876341,"Up","Down","Up",FALSE
"GO:0061484",18,"Down",0.547956918900084,0.858501168876341,"Down","Down","Down",FALSE
"GO:1902017",21,"Up",0.548470623767222,0.858752329738627,"Up","Down","Up",FALSE
"GO:0008631",14,"Down",0.548970239034567,0.858928312438698,"Up","Down","Down",FALSE
"GO:0071805",122,"Up",0.549289957831167,0.858928312438698,"Up","Up","Down",FALSE
"GO:0035094",37,"Down",0.550656239722654,0.859292328507103,"Down","Down","Down",FALSE
"GO:0036302",10,"Up",0.550937221322661,0.859292328507103,"Up","Up","Up",FALSE
"GO:0043069",19,"Up",0.55022851985294,0.859292328507103,"Up","Up","Up",FALSE
"GO:0043691",13,"Down",0.550549989194094,0.859292328507103,"Down","Down","Down",FALSE
"GO:0048844",20,"Down",0.552259164370795,0.860801648121253,"Down","Up","Down",FALSE
"GO:0009650",10,"Down",0.552973524468286,0.861362605421753,"Down","Down","Down",FALSE
"GO:0035265",17,"Up",0.553974658820635,0.861817170892537,"Up","Up","Up",FALSE
"GO:0042551",12,"Up",0.553644192020501,0.861817170892537,"Up","Up","Up",FALSE
"GO:0021670",10,"Up",0.554511396361862,0.862100251541475,"Up","Up","Up",FALSE
"GO:0007406",10,"Up",0.557213439506657,0.863093645871907,"Up","Up","Up",FALSE
"GO:0030316",40,"Up",0.557773669252819,0.863093645871907,"Up","Up","Up",FALSE
"GO:0031167",13,"Down",0.558859110538619,0.863093645871907,"Up","Down","Down",FALSE
"GO:0031274",10,"Up",0.555806473938585,0.863093645871907,"Up","Up","Up",FALSE
"GO:0042060",58,"Up",0.558078748575458,0.863093645871907,"Up","Up","Up",FALSE
"GO:0048870",33,"Up",0.55660903938018,0.863093645871907,"Up","Up","Up",FALSE
"GO:0060395",22,"Up",0.558598468164493,0.863093645871907,"Up","Up","Up",FALSE
"GO:0060444",11,"Down",0.558483092079696,0.863093645871907,"Down","Down","Down",FALSE
"GO:0070050",26,"Down",0.559057365679993,0.863093645871907,"Down","Down","Down",FALSE
"GO:1990535",10,"Up",0.558976693443711,0.863093645871907,"Up","Up","Up",FALSE
"GO:2000134",31,"Up",0.558142880730685,0.863093645871907,"Up","Up","Up",FALSE
"GO:0008340",28,"Down",0.560480862438918,0.864741902048617,"Down","Down","Down",FALSE
"GO:0045348",12,"Down",0.561594109561441,0.865657494645858,"Down","Down","Down",FALSE
"GO:0045672",21,"Down",0.561786777389513,0.865657494645858,"Down","Up","Down",FALSE
"GO:0001954",23,"Up",0.562999369717694,0.866055447671853,"Up","Up","Up",FALSE
"GO:0003085",17,"Down",0.562610557219916,0.866055447671853,"Down","Up","Down",FALSE
"GO:0007548",15,"Up",0.563317985120727,0.866055447671853,"Down","Up","Up",FALSE
"GO:0034260",14,"Up",0.563470643114897,0.866055447671853,"Up","Up","Up",FALSE
"GO:0007193",50,"Up",0.565103353893425,0.866801271547433,"Up","Up","Up",FALSE
"GO:0015698",11,"Up",0.565117612163191,0.866801271547433,"Up","Up","Up",FALSE
"GO:0051480",33,"Up",0.566075050467172,0.866801271547433,"Up","Up","Down",FALSE
"GO:0060322",11,"Down",0.564912392408055,0.866801271547433,"Down","Down","Down",FALSE
"GO:0060324",17,"Down",0.566175145236138,0.866801271547433,"Down","Down","Down",FALSE
"GO:0071498",13,"Down",0.565985990982677,0.866801271547433,"Down","Down","Down",FALSE
"GO:0097049",13,"Up",0.566452847414536,0.866801271547433,"Up","Up","Up",FALSE
"GO:0007601",176,"Down",0.567986309310178,0.866964027401842,"Down","Up","Down",FALSE
"GO:0043491",59,"Up",0.567402852364136,0.866964027401842,"Up","Up","Up",FALSE
"GO:0043568",11,"Up",0.56785825450481,0.866964027401842,"Up","Up","Up",FALSE
"GO:0090161",10,"Up",0.567957013297492,0.866964027401842,"Up","Down","Up",FALSE
"GO:0006730",28,"Down",0.570946180266939,0.867327968963745,"Down","Down","Down",FALSE
"GO:0010631",13,"Up",0.570925178825467,0.867327968963745,"Up","Up","Up",FALSE
"GO:0032469",18,"Down",0.57054525975676,0.867327968963745,"Down","Down","Down",FALSE
"GO:0040029",41,"Down",0.571080144173659,0.867327968963745,"Down","Down","Down",FALSE
"GO:0048468",17,"Up",0.570507805396956,0.867327968963745,"Up","Up","Up",FALSE
"GO:0048873",27,"Up",0.569040903397591,0.867327968963745,"Up","Up","Up",FALSE
"GO:1900119",14,"Down",0.569449808282439,0.867327968963745,"Down","Down","Down",FALSE
"GO:2000008",10,"Up",0.570194158737698,0.867327968963745,"Up","Up","Up",FALSE
"GO:0002040",30,"Up",0.574183385685994,0.86780742930974,"Up","Up","Up",FALSE
"GO:0002098",11,"Up",0.573580137182791,0.86780742930974,"Up","Up","Up",FALSE
"GO:0010614",12,"Down",0.575558830062367,0.86780742930974,"Down","Down","Down",FALSE
"GO:0015701",32,"Down",0.575629281278118,0.86780742930974,"Down","Up","Down",FALSE
"GO:0016486",14,"Down",0.572808597180976,0.86780742930974,"Down","Down","Down",FALSE
"GO:0031115",12,"Up",0.57568130701535,0.86780742930974,"Up","Up","Up",FALSE
"GO:0045190",15,"Up",0.574251423104618,0.86780742930974,"Up","Up","Up",FALSE
"GO:0048240",17,"Down",0.57484725929644,0.86780742930974,"Down","Down","Down",FALSE
"GO:0050777",10,"Down",0.573752662868582,0.86780742930974,"Down","Down","Down",FALSE
"GO:0062009",11,"Up",0.572623258789647,0.86780742930974,"Up","Up","Up",FALSE
"GO:0070371",41,"Down",0.574471284127837,0.86780742930974,"Down","Down","Down",FALSE
"GO:1905564",13,"Up",0.572889694113934,0.86780742930974,"Down","Up","Up",FALSE
"GO:0006833",15,"Down",0.578615142624672,0.871117351324327,"Down","Up","Down",FALSE
"GO:0008089",24,"Down",0.578866888519482,0.871117351324327,"Up","Down","Down",FALSE
"GO:0050768",20,"Up",0.578952478349295,0.871117351324327,"Up","Up","Up",FALSE
"GO:0033619",11,"Down",0.580379442024999,0.872724037203434,"Down","Down","Down",FALSE
"GO:0010467",138,"Up",0.581358340951717,0.873536849698994,"Up","Up","Up",FALSE
"GO:0060382",14,"Down",0.581638939429207,0.873536849698994,"Down","Down","Up",FALSE
"GO:1902305",11,"Up",0.582018179210382,0.873566507400389,"Up","Up","Up",FALSE
"GO:0046785",13,"Up",0.582682776556721,0.874024164835082,"Up","Up","Up",FALSE
"GO:0002009",19,"Up",0.584654611463365,0.876440904291164,"Up","Up","Up",FALSE
"GO:0048485",16,"Up",0.585732345132258,0.876974490863455,"Down","Up","Down",FALSE
"GO:0060218",16,"Down",0.585518664194495,0.876974490863455,"Down","Down","Down",FALSE
"GO:0044029",11,"Up",0.586195315736824,0.87712722736483,"Up","Up","Up",FALSE
"GO:0007026",25,"Up",0.592381009885726,0.878956876587964,"Up","Up","Up",FALSE
"GO:0007032",34,"Up",0.59052101202451,0.878956876587964,"Up","Down","Up",FALSE
"GO:0015732",11,"Down",0.59107320150534,0.878956876587964,"Down","Up","Down",FALSE
"GO:0032793",13,"Up",0.592482042737072,0.878956876587964,"Up","Up","Up",FALSE
"GO:0035313",13,"Up",0.590189160703149,0.878956876587964,"Up","Up","Up",FALSE
"GO:0045019",10,"Up",0.588973886842491,0.878956876587964,"Up","Up","Up",FALSE
"GO:0050767",31,"Up",0.590917094689444,0.878956876587964,"Up","Up","Up",FALSE
"GO:0060052",10,"Up",0.592338974283597,0.878956876587964,"Up","Up","Up",FALSE
"GO:0070085",17,"Up",0.59194592412605,0.878956876587964,"Up","Down","Up",FALSE
"GO:0070306",11,"Up",0.589940866368635,0.878956876587964,"Up","Up","Up",FALSE
"GO:0071526",38,"Up",0.591162635590938,0.878956876587964,"Up","Up","Up",FALSE
"GO:0071577",22,"Down",0.590999289854715,0.878956876587964,"Down","Down","Down",FALSE
"GO:0097623",13,"Down",0.588926622936955,0.878956876587964,"Down","Up","Down",FALSE
"GO:1901526",11,"Up",0.592444875066843,0.878956876587964,"Up","Down","Up",FALSE
"GO:0010469",11,"Down",0.592975607180192,0.879152364519747,"Down","Down","Down",FALSE
"GO:0000278",96,"Down",0.600080571363858,0.884719601750511,"Down","Down","Up",FALSE
"GO:0001654",36,"Up",0.602655547005126,0.884719601750511,"Up","Up","Up",FALSE
"GO:0003139",11,"Up",0.599711555829603,0.884719601750511,"Up","Up","Up",FALSE
"GO:0003183",10,"Up",0.602143455015937,0.884719601750511,"Up","Up","Up",FALSE
"GO:0006270",24,"Down",0.602506892910404,0.884719601750511,"Up","Down","Down",FALSE
"GO:0007018",46,"Down",0.602349469239382,0.884719601750511,"Down","Down","Down",FALSE
"GO:0007160",90,"Up",0.602908108133661,0.884719601750511,"Down","Up","Up",FALSE
"GO:0007369",22,"Up",0.602558805593322,0.884719601750511,"Up","Up","Up",FALSE
"GO:0010667",22,"Down",0.600749800009242,0.884719601750511,"Down","Down","Down",FALSE
"GO:0030279",17,"Up",0.599655765905301,0.884719601750511,"Up","Up","Up",FALSE
"GO:0035115",30,"Down",0.602450983708984,0.884719601750511,"Down","Up","Down",FALSE
"GO:0036211",79,"Up",0.600321617861123,0.884719601750511,"Up","Down","Up",FALSE
"GO:0042311",38,"Up",0.602580589589956,0.884719601750511,"Up","Up","Down",FALSE
"GO:0045723",10,"Up",0.602920024896645,0.884719601750511,"Up","Up","Up",FALSE
"GO:0048535",18,"Down",0.602375997763764,0.884719601750511,"Down","Down","Down",FALSE
"GO:0048589",22,"Up",0.60085823232804,0.884719601750511,"Up","Up","Up",FALSE
"GO:0051384",44,"Down",0.597679073391008,0.884719601750511,"Down","Down","Down",FALSE
"GO:0001556",18,"Up",0.603674421903347,0.885080659234784,"Down","Up","Up",FALSE
"GO:0007596",70,"Down",0.603894540333857,0.885080659234784,"Down","Up","Down",FALSE
"GO:0036465",11,"Up",0.60485767147828,0.885424181742301,"Up","Up","Up",FALSE
"GO:0071476",10,"Up",0.604512715042981,0.885424181742301,"Up","Up","Up",FALSE
"GO:0000184",27,"Up",0.606193539381026,0.885778893984301,"Up","Down","Up",FALSE
"GO:0006816",68,"Down",0.605599599739632,0.885778893984301,"Down","Down","Down",FALSE
"GO:0010765",17,"Up",0.605934815165569,0.885778893984301,"Up","Up","Up",FALSE
"GO:0007398",12,"Up",0.608129223472864,0.885943652901115,"Up","Up","Up",FALSE
"GO:0010460",20,"Down",0.607825813785662,0.885943652901115,"Down","Down","Down",FALSE
"GO:0010832",14,"Down",0.608026716741616,0.885943652901115,"Down","Down","Down",FALSE
"GO:0036503",83,"Down",0.60757559871364,0.885943652901115,"Up","Down","Up",FALSE
"GO:0043254",16,"Down",0.607911513809388,0.885943652901115,"Down","Down","Down",FALSE
"GO:0098662",18,"Down",0.60861453369863,0.886119422940485,"Down","Up","Down",FALSE
"GO:0008543",47,"Up",0.609099953629394,0.886295142107442,"Up","Up","Up",FALSE
"GO:0002312",10,"Down",0.610463425600689,0.886686266712297,"Down","Down","Down",FALSE
"GO:0015031",296,"Up",0.610372623705963,0.886686266712297,"Up","Down","Up",FALSE
"GO:0046847",19,"Down",0.610424389967759,0.886686266712297,"Down","Up","Down",FALSE
"GO:0030071",28,"Up",0.612186650662393,0.887597590160868,"Up","Up","Up",FALSE
"GO:0061003",14,"Up",0.611700419868662,0.887597590160868,"Up","Up","Up",FALSE
"GO:0071470",12,"Up",0.611924984600719,0.887597590160868,"Up","Up","Up",FALSE
"GO:0008016",28,"Down",0.612800862201573,0.887958315533585,"Down","Up","Down",FALSE
"GO:0032435",28,"Up",0.613620307534846,0.888086567784203,"Up","Down","Up",FALSE
"GO:0090399",14,"Down",0.613484084085222,0.888086567784203,"Down","Down","Down",FALSE
"GO:0030334",79,"Up",0.615290912165064,0.889974355095896,"Up","Up","Up",FALSE
"GO:0045663",38,"Up",0.616044150220992,0.890533780509822,"Up","Up","Up",FALSE
"GO:0000165",103,"Down",0.616771691990996,0.891055417085684,"Down","Down","Down",FALSE
"GO:0071407",31,"Down",0.61729263926764,0.89127814225809,"Down","Down","Down",FALSE
"GO:0019226",19,"Up",0.619468942279294,0.893197336746862,"Up","Up","Up",FALSE
"GO:0071230",46,"Down",0.619724571915724,0.893197336746862,"Down","Down","Down",FALSE
"GO:2000179",16,"Down",0.619546812816247,0.893197336746862,"Down","Down","Down",FALSE
"GO:0043249",15,"Down",0.620585195234284,0.893907542631482,"Down","Down","Down",FALSE
"GO:0006401",28,"Down",0.624990082782627,0.897592140166539,"Down","Down","Up",FALSE
"GO:0010807",10,"Down",0.624159225183714,0.897592140166539,"Down","Down","Down",FALSE
"GO:0032206",28,"Up",0.624423266017438,0.897592140166539,"Up","Up","Up",FALSE
"GO:0099645",15,"Up",0.624170757965598,0.897592140166539,"Up","Up","Up",FALSE
"GO:1904646",32,"Up",0.624916197429974,0.897592140166539,"Up","Up","Up",FALSE
"GO:0006635",36,"Down",0.625630792302297,0.8976001581671,"Down","Down","Up",FALSE
"GO:0051894",22,"Up",0.625734431248999,0.8976001581671,"Up","Up","Up",FALSE
"GO:0009101",10,"Down",0.627488480799919,0.899585255660061,"Down","Down","Down",FALSE
"GO:0006633",34,"Down",0.628242089749097,0.899604170943021,"Up","Down","Down",FALSE
"GO:0098609",163,"Up",0.627993994762011,0.899604170943021,"Down","Up","Up",FALSE
"GO:0006470",98,"Up",0.629434303704759,0.899720798825038,"Up","Down","Up",FALSE
"GO:0046827",19,"Up",0.629326988800009,0.899720798825038,"Up","Down","Up",FALSE
"GO:0055013",23,"Up",0.628933342643488,0.899720798825038,"Up","Up","Up",FALSE
"GO:0006888",85,"Up",0.632359947228831,0.901780910660833,"Up","Down","Up",FALSE
"GO:0030335",215,"Down",0.632060383027993,0.901780910660833,"Down","Down","Down",FALSE
"GO:0031333",25,"Down",0.632223506862565,0.901780910660833,"Down","Down","Down",FALSE
"GO:0060088",14,"Down",0.631329483200487,0.901780910660833,"Down","Down","Down",FALSE
"GO:0001655",11,"Up",0.638454664801713,0.90394806778662,"Down","Up","Down",FALSE
"GO:0002244",54,"Down",0.634789576291632,0.90394806778662,"Down","Down","Down",FALSE
"GO:0003084",10,"Up",0.638202266407801,0.90394806778662,"Down","Up","Up",FALSE
"GO:0006783",22,"Down",0.63871556888462,0.90394806778662,"Up","Down","Down",FALSE
"GO:0008593",10,"Down",0.637387597775087,0.90394806778662,"Down","Down","Down",FALSE
"GO:0009617",67,"Down",0.638328035941811,0.90394806778662,"Down","Up","Down",FALSE
"GO:0016042",45,"Down",0.635214812073148,0.90394806778662,"Down","Down","Down",FALSE
"GO:0021819",12,"Down",0.637063304120885,0.90394806778662,"Up","Down","Down",FALSE
"GO:0034122",11,"Down",0.634828936099892,0.90394806778662,"Down","Down","Down",FALSE
"GO:0043085",11,"Up",0.638628384545566,0.90394806778662,"Up","Down","Up",FALSE
"GO:0048814",19,"Up",0.637215258381346,0.90394806778662,"Up","Up","Up",FALSE
"GO:0051017",33,"Down",0.638107284421126,0.90394806778662,"Down","Down","Down",FALSE
"GO:0071363",49,"Down",0.637945327846904,0.90394806778662,"Down","Down","Down",FALSE
"GO:0045948",14,"Down",0.639753301160291,0.904889710022997,"Up","Down","Down",FALSE
"GO:0008584",93,"Up",0.640982998059522,0.90568137381222,"Down","Up","Up",FALSE
"GO:0048566",12,"Down",0.641058420969966,0.90568137381222,"Down","Down","Down",FALSE
"GO:0000398",144,"Down",0.644907838815918,0.906448275763817,"Up","Down","Up",FALSE
"GO:0006986",47,"Down",0.644958464524955,0.906448275763817,"Up","Down","Up",FALSE
"GO:0010976",100,"Up",0.643219618790802,0.906448275763817,"Up","Up","Up",FALSE
"GO:0014898",12,"Up",0.644583830225672,0.906448275763817,"Up","Up","Up",FALSE
"GO:0030278",13,"Down",0.642200984350226,0.906448275763817,"Up","Down","Down",FALSE
"GO:0045429",30,"Down",0.642788167596703,0.906448275763817,"Down","Up","Down",FALSE
"GO:0046488",14,"Up",0.644130893673859,0.906448275763817,"Up","Up","Up",FALSE
"GO:0048169",15,"Up",0.643630530690183,0.906448275763817,"Up","Up","Up",FALSE
"GO:0050775",15,"Up",0.644489219745824,0.906448275763817,"Up","Up","Up",FALSE
"GO:0001662",30,"Up",0.645881871984949,0.907221357759205,"Up","Up","Up",FALSE
"GO:0010659",11,"Up",0.646544115093416,0.907558466930486,"Up","Up","Up",FALSE
"GO:2000434",15,"Up",0.646868833219589,0.907558466930486,"Up","Down","Up",FALSE
"GO:0002223",14,"Up",0.648293050720088,0.907983926945138,"Down","Up","Up",FALSE
"GO:0085029",13,"Down",0.647681330865478,0.907983926945138,"Down","Down","Down",FALSE
"GO:0099502",10,"Up",0.648187189094511,0.907983926945138,"Up","Up","Up",FALSE
"GO:0051968",26,"Up",0.649504536727842,0.908872634331397,"Up","Up","Up",FALSE
"GO:0070588",104,"Up",0.649675623799851,0.908872634331397,"Up","Up","Down",FALSE
"GO:0014002",12,"Up",0.650645451969225,0.909182546454984,"Up","Up","Up",FALSE
"GO:0043536",28,"Up",0.650583793573594,0.909182546454984,"Up","Up","Up",FALSE
"GO:0001881",10,"Up",0.651999873826276,0.909691786317632,"Up","Up","Up",FALSE
"GO:0001892",16,"Up",0.660494659567632,0.909691786317632,"Up","Up","Up",FALSE
"GO:0001895",11,"Down",0.651420837949743,0.909691786317632,"Down","Up","Down",FALSE
"GO:0001946",12,"Up",0.65780979469712,0.909691786317632,"Up","Up","Up",FALSE
"GO:0003382",13,"Down",0.652861953472732,0.909691786317632,"Down","Up","Down",FALSE
"GO:0006044",12,"Down",0.660269339189699,0.909691786317632,"Up","Down","Down",FALSE
"GO:0006351",53,"Up",0.662059443315235,0.909691786317632,"Up","Down","Up",FALSE
"GO:0006352",15,"Down",0.655951457481631,0.909691786317632,"Up","Down","Down",FALSE
"GO:0007268",199,"Up",0.6616904344963,0.909691786317632,"Up","Up","Down",FALSE
"GO:0007602",21,"Down",0.654367019303101,0.909691786317632,"Down","Up","Down",FALSE
"GO:0009416",19,"Down",0.661072487634593,0.909691786317632,"Down","Down","Down",FALSE
"GO:0009948",18,"Down",0.662240646088844,0.909691786317632,"Down","Down","Down",FALSE
"GO:0015813",23,"Up",0.657089492273557,0.909691786317632,"Up","Up","Down",FALSE
"GO:0016540",22,"Down",0.657650046992729,0.909691786317632,"Down","Down","Down",FALSE
"GO:0022008",67,"Up",0.653820029812535,0.909691786317632,"Up","Up","Up",FALSE
"GO:0030307",71,"Down",0.657856861430408,0.909691786317632,"Down","Down","Down",FALSE
"GO:0031398",65,"Up",0.660855109981728,0.909691786317632,"Up","Down","Up",FALSE
"GO:0031571",12,"Down",0.659942808752351,0.909691786317632,"Down","Down","Up",FALSE
"GO:0031647",82,"Up",0.655196065519894,0.909691786317632,"Up","Down","Up",FALSE
"GO:0042127",112,"Down",0.661535355800533,0.909691786317632,"Down","Down","Down",FALSE
"GO:0048013",47,"Up",0.660567304586392,0.909691786317632,"Up","Up","Up",FALSE
"GO:0050684",14,"Up",0.658599866929163,0.909691786317632,"Up","Down","Up",FALSE
"GO:0055075",15,"Down",0.654744897365886,0.909691786317632,"Down","Up","Down",FALSE
"GO:0060070",95,"Up",0.65316191934885,0.909691786317632,"Up","Up","Down",FALSE
"GO:0061564",32,"Up",0.661122161403967,0.909691786317632,"Up","Up","Down",FALSE
"GO:0071480",21,"Down",0.653315481609388,0.909691786317632,"Down","Down","Up",FALSE
"GO:0090009",10,"Down",0.65262022212667,0.909691786317632,"Down","Up","Down",FALSE
"GO:0098696",16,"Up",0.657981200309617,0.909691786317632,"Up","Up","Up",FALSE
"GO:1901029",11,"Down",0.661929716789225,0.909691786317632,"Down","Down","Down",FALSE
"GO:2000463",25,"Up",0.659812844768405,0.909691786317632,"Up","Up","Up",FALSE
"GO:0002026",14,"Up",0.663902701243014,0.910430905203456,"Up","Up","Up",FALSE
"GO:0034380",10,"Down",0.663743128175527,0.910430905203456,"Down","Down","Down",FALSE
"GO:0060038",20,"Up",0.663458861117732,0.910430905203456,"Up","Up","Up",FALSE
"GO:0016082",15,"Up",0.666489806434805,0.91243393218962,"Up","Up","Up",FALSE
"GO:0045598",10,"Down",0.666162678814357,0.91243393218962,"Down","Down","Down",FALSE
"GO:0065003",128,"Up",0.665953459922687,0.91243393218962,"Up","Up","Up",FALSE
"GO:0000045",54,"Up",0.667633945296478,0.912879976418039,"Up","Down","Up",FALSE
"GO:0030218",47,"Down",0.667728268045177,0.912879976418039,"Down","Down","Down",FALSE
"GO:0060575",10,"Up",0.667942632951141,0.912879976418039,"Up","Up","Up",FALSE
"GO:0006334",89,"Down",0.672019694982775,0.91639049315833,"Down","Down","Down",FALSE
"GO:0014044",12,"Up",0.671150232088366,0.91639049315833,"Up","Up","Up",FALSE
"GO:0043433",48,"Down",0.671847292116139,0.91639049315833,"Down","Down","Down",FALSE
"GO:0060044",10,"Down",0.671562513478224,0.91639049315833,"Down","Down","Down",FALSE
"GO:0016446",11,"Down",0.676444958801813,0.92190759948873,"Down","Down","Down",FALSE
"GO:0016485",70,"Up",0.677550651770023,0.9223798788802,"Up","Up","Up",FALSE
"GO:2000147",20,"Down",0.677546482584384,0.9223798788802,"Down","Up","Down",FALSE
"GO:0000266",16,"Down",0.681448079669059,0.922707830473832,"Up","Down","Down",FALSE
"GO:0006119",10,"Down",0.681784552465952,0.922707830473832,"Up","Down","Down",FALSE
"GO:0006337",17,"Down",0.694377088962871,0.922707830473832,"Down","Down","Down",FALSE
"GO:0006383",24,"Down",0.694811057309783,0.922707830473832,"Up","Down","Up",FALSE
"GO:0006413",37,"Down",0.692187877244985,0.922707830473832,"Up","Down","Up",FALSE
"GO:0007338",59,"Up",0.688182443839977,0.922707830473832,"Up","Up","Up",FALSE
"GO:0007507",161,"Up",0.68586690396508,0.922707830473832,"Down","Up","Up",FALSE
"GO:0008033",16,"Up",0.693772129247904,0.922707830473832,"Up","Down","Up",FALSE
"GO:0009410",205,"Down",0.686530127293588,0.922707830473832,"Down","Up","Down",FALSE
"GO:0010744",17,"Down",0.69375332866371,0.922707830473832,"Down","Down","Down",FALSE
"GO:0010811",31,"Up",0.696197008938009,0.922707830473832,"Down","Up","Up",FALSE
"GO:0010954",12,"Down",0.68616872537142,0.922707830473832,"Down","Down","Down",FALSE
"GO:0014075",10,"Up",0.693213149280352,0.922707830473832,"Up","Up","Up",FALSE
"GO:0015914",26,"Down",0.69017416063307,0.922707830473832,"Down","Down","Down",FALSE
"GO:0016081",10,"Down",0.679868116663153,0.922707830473832,"Down","Down","Down",FALSE
"GO:0019222",22,"Down",0.691182327413309,0.922707830473832,"Down","Up","Down",FALSE
"GO:0021549",40,"Up",0.678799207462147,0.922707830473832,"Up","Up","Up",FALSE
"GO:0021904",10,"Up",0.679695979670852,0.922707830473832,"Down","Up","Up",FALSE
"GO:0030199",55,"Up",0.684887091119584,0.922707830473832,"Down","Up","Up",FALSE
"GO:0032230",14,"Down",0.678357699574499,0.922707830473832,"Down","Down","Down",FALSE
"GO:0032233",10,"Down",0.6806167253715,0.922707830473832,"Down","Up","Down",FALSE
"GO:0032781",23,"Up",0.696466889367473,0.922707830473832,"Up","Down","Up",FALSE
"GO:0032869",74,"Up",0.684264654102546,0.922707830473832,"Up","Up","Up",FALSE
"GO:0034379",10,"Up",0.693276737702033,0.922707830473832,"Up","Up","Up",FALSE
"GO:0034383",13,"Down",0.689512387223348,0.922707830473832,"Down","Up","Down",FALSE
"GO:0034497",13,"Down",0.68752959711771,0.922707830473832,"Up","Down","Down",FALSE
"GO:0035082",26,"Up",0.693956128196346,0.922707830473832,"Down","Up","Up",FALSE
"GO:0035234",14,"Up",0.691367151514296,0.922707830473832,"Up","Down","Up",FALSE
"GO:0035493",12,"Up",0.685446404857326,0.922707830473832,"Up","Up","Up",FALSE
"GO:0040037",13,"Down",0.683174499640964,0.922707830473832,"Down","Down","Down",FALSE
"GO:0042982",11,"Up",0.687984733842556,0.922707830473832,"Up","Down","Up",FALSE
"GO:0043542",28,"Up",0.695053717267903,0.922707830473832,"Down","Up","Up",FALSE
"GO:0046475",13,"Down",0.683684348563697,0.922707830473832,"Down","Down","Up",FALSE
"GO:0048754",17,"Down",0.688982074222555,0.922707830473832,"Down","Down","Down",FALSE
"GO:0048839",37,"Down",0.691703467342668,0.922707830473832,"Down","Up","Down",FALSE
"GO:0048863",37,"Up",0.689483631597519,0.922707830473832,"Up","Up","Up",FALSE
"GO:0048872",14,"Down",0.687083710269515,0.922707830473832,"Down","Down","Down",FALSE
"GO:0050905",26,"Up",0.691180917336704,0.922707830473832,"Up","Up","Up",FALSE
"GO:0051481",10,"Up",0.696600989891243,0.922707830473832,"Up","Up","Down",FALSE
"GO:0051726",191,"Up",0.685203904094518,0.922707830473832,"Up","Down","Up",FALSE
"GO:0060411",13,"Up",0.692677699013149,0.922707830473832,"Up","Down","Up",FALSE
"GO:0070286",13,"Up",0.696777312312544,0.922707830473832,"Up","Down","Up",FALSE
"GO:0070979",31,"Up",0.695840461236213,0.922707830473832,"Up","Down","Up",FALSE
"GO:0071380",15,"Down",0.679131013723854,0.922707830473832,"Down","Down","Down",FALSE
"GO:0098703",20,"Up",0.685786817162963,0.922707830473832,"Up","Up","Down",FALSE
"GO:1902902",10,"Up",0.690103899060695,0.922707830473832,"Up","Down","Up",FALSE
"GO:1903432",10,"Up",0.687919377669141,0.922707830473832,"Up","Down","Up",FALSE
"GO:2000178",11,"Up",0.685475171097273,0.922707830473832,"Up","Up","Up",FALSE
"GO:2000679",10,"Down",0.682652187409506,0.922707830473832,"Down","Up","Down",FALSE
"GO:2001235",27,"Down",0.694288026053564,0.922707830473832,"Down","Down","Down",FALSE
"GO:0002755",13,"Down",0.69832522111888,0.922746213876497,"Down","Down","Up",FALSE
"GO:0007612",45,"Up",0.697350062809255,0.922746213876497,"Up","Up","Up",FALSE
"GO:0007625",13,"Down",0.698112846504075,0.922746213876497,"Down","Up","Down",FALSE
"GO:0045618",17,"Down",0.698272129913708,0.922746213876497,"Down","Down","Down",FALSE
"GO:0007269",16,"Down",0.699613674173809,0.922788250823812,"Down","Up","Down",FALSE
"GO:0043114",10,"Down",0.7000296032622,0.922788250823812,"Down","Up","Down",FALSE
"GO:0055078",12,"Up",0.699731188817281,0.922788250823812,"Up","Up","Up",FALSE
"GO:0060074",13,"Down",0.699100207351814,0.922788250823812,"Down","Down","Down",FALSE
"GO:0060586",26,"Up",0.700255775522267,0.922788250823812,"Up","Up","Up",FALSE
"GO:0000070",26,"Up",0.704040011337131,0.92294531499604,"Down","Up","Up",FALSE
"GO:0002323",11,"Down",0.70497554208818,0.92294531499604,"Down","Up","Down",FALSE
"GO:0007423",23,"Down",0.705692343729483,0.92294531499604,"Down","Up","Down",FALSE
"GO:0007519",50,"Down",0.70411585707157,0.92294531499604,"Down","Down","Down",FALSE
"GO:0008306",29,"Up",0.701243294416487,0.92294531499604,"Up","Up","Up",FALSE
"GO:0030206",17,"Down",0.705210178007019,0.92294531499604,"Down","Down","Down",FALSE
"GO:0031669",32,"Down",0.703269472814595,0.92294531499604,"Down","Down","Down",FALSE
"GO:0033344",24,"Down",0.705084908761454,0.92294531499604,"Down","Down","Down",FALSE
"GO:0044027",14,"Up",0.704453922026675,0.92294531499604,"Up","Down","Up",FALSE
"GO:0045742",23,"Down",0.702714061500675,0.92294531499604,"Down","Down","Down",FALSE
"GO:0051923",10,"Up",0.703762872391214,0.92294531499604,"Up","Up","Up",FALSE
"GO:0070365",13,"Down",0.705488788678444,0.92294531499604,"Down","Down","Down",FALSE
"GO:0086012",12,"Up",0.702292877668623,0.92294531499604,"Up","Up","Up",FALSE
"GO:1903428",11,"Up",0.705171364887331,0.92294531499604,"Up","Up","Up",FALSE
"GO:0000086",41,"Up",0.709547141288876,0.923068642663456,"Up","Up","Up",FALSE
"GO:0021527",11,"Up",0.708819645171548,0.923068642663456,"Down","Up","Down",FALSE
"GO:0021675",19,"Down",0.709352888541208,0.923068642663456,"Up","Down","Down",FALSE
"GO:0030833",24,"Down",0.707681908513664,0.923068642663456,"Up","Down","Down",FALSE
"GO:0034638",12,"Up",0.706704184813831,0.923068642663456,"Up","Up","Up",FALSE
"GO:0043153",21,"Up",0.709585277570097,0.923068642663456,"Up","Up","Up",FALSE
"GO:0045746",32,"Down",0.708801316173085,0.923068642663456,"Down","Down","Down",FALSE
"GO:0046677",16,"Up",0.708230503912817,0.923068642663456,"Up","Down","Up",FALSE
"GO:0060047",17,"Up",0.708383332371963,0.923068642663456,"Up","Up","Up",FALSE
"GO:0060261",46,"Down",0.707154995217383,0.923068642663456,"Up","Down","Up",FALSE
"GO:0006024",14,"Up",0.710335613420376,0.92346955523921,"Up","Up","Up",FALSE
"GO:0071277",61,"Down",0.711033554671836,0.92346955523921,"Down","Down","Down",FALSE
"GO:0090128",11,"Up",0.710924579260442,0.92346955523921,"Up","Up","Up",FALSE
"GO:0006465",10,"Up",0.713125041815115,0.923717404909771,"Up","Down","Up",FALSE
"GO:0006887",75,"Up",0.7127361180138,0.923717404909771,"Up","Up","Up",FALSE
"GO:0009966",46,"Down",0.712906437933645,0.923717404909771,"Down","Down","Down",FALSE
"GO:0010498",17,"Down",0.711887890294351,0.923717404909771,"Up","Down","Down",FALSE
"GO:0043931",11,"Up",0.712327462355106,0.923717404909771,"Up","Up","Up",FALSE
"GO:0010761",15,"Up",0.713558201803925,0.923786057742961,"Up","Down","Up",FALSE
"GO:0007274",17,"Up",0.716074679199158,0.926057195558251,"Up","Up","Down",FALSE
"GO:0014823",43,"Down",0.715959999484458,0.926057195558251,"Down","Down","Down",FALSE
"GO:0009411",40,"Down",0.717323229532664,0.926212934691041,"Down","Down","Down",FALSE
"GO:0018146",13,"Down",0.717338577402691,0.926212934691041,"Down","Down","Down",FALSE
"GO:0033314",11,"Up",0.716803046856208,0.926212934691041,"Up","Down","Up",FALSE
"GO:0000731",14,"Up",0.718914898134377,0.92677092969047,"Up","Up","Up",FALSE
"GO:0015871",10,"Up",0.718323566655268,0.92677092969047,"Up","Up","Up",FALSE
"GO:0050982",12,"Down",0.718827134948252,0.92677092969047,"Down","Up","Down",FALSE
"GO:0030166",18,"Up",0.719373482899306,0.926870394191577,"Up","Up","Down",FALSE
"GO:0099509",16,"Up",0.719781613304617,0.926904780249189,"Up","Up","Up",FALSE
"GO:0033173",17,"Up",0.721457328613043,0.928556070860625,"Up","Up","Up",FALSE
"GO:0061029",12,"Up",0.721828155496181,0.928556070860625,"Down","Up","Up",FALSE
"GO:0007265",71,"Up",0.724181333243032,0.929614706698663,"Up","Down","Up",FALSE
"GO:0014070",47,"Down",0.72400799129899,0.929614706698663,"Down","Down","Down",FALSE
"GO:0051403",19,"Up",0.723824787612924,0.929614706698663,"Up","Down","Up",FALSE
"GO:0086010",10,"Down",0.723231905135051,0.929614706698663,"Down","Up","Down",FALSE
"GO:0001824",16,"Down",0.725410202306243,0.929632069828767,"Down","Down","Down",FALSE
"GO:0007131",22,"Up",0.725292879195351,0.929632069828767,"Up","Up","Up",FALSE
"GO:0061157",16,"Up",0.724945064305985,0.929632069828767,"Up","Down","Up",FALSE
"GO:0071374",10,"Down",0.725725117886902,0.929632069828767,"Down","Down","Down",FALSE
"GO:0001822",96,"Up",0.728277544505022,0.930961324813633,"Up","Up","Up",FALSE
"GO:0045765",34,"Up",0.728094210610812,0.930961324813633,"Up","Up","Up",FALSE
"GO:0060236",16,"Up",0.728295258629925,0.930961324813633,"Up","Down","Up",FALSE
"GO:1902476",89,"Down",0.727559499355218,0.930961324813633,"Down","Up","Down",FALSE
"GO:0001558",65,"Down",0.730508294557719,0.933299240680998,"Down","Down","Down",FALSE
"GO:0006656",21,"Up",0.731483593809575,0.934054194932879,"Up","Down","Up",FALSE
"GO:0006754",11,"Down",0.732814900003707,0.93464873223007,"Up","Down","Down",FALSE
"GO:0007187",49,"Down",0.73389647911721,0.93464873223007,"Down","Up","Down",FALSE
"GO:0031639",10,"Down",0.73541085433082,0.93464873223007,"Down","Up","Down",FALSE
"GO:0032006",15,"Down",0.733555785401718,0.93464873223007,"Down","Down","Down",FALSE
"GO:0036152",10,"Up",0.734729314873359,0.93464873223007,"Up","Down","Up",FALSE
"GO:0045116",19,"Down",0.735248724778623,0.93464873223007,"Up","Down","Down",FALSE
"GO:0071542",20,"Up",0.734406577626608,0.93464873223007,"Down","Up","Down",FALSE
"GO:0120009",23,"Up",0.73441111345045,0.93464873223007,"Up","Down","Up",FALSE
"GO:1990845",11,"Down",0.733874308770759,0.93464873223007,"Down","Down","Down",FALSE
"GO:0007129",21,"Up",0.73769350200897,0.935950107466996,"Up","Up","Up",FALSE
"GO:0009952",75,"Up",0.740640977774657,0.935950107466996,"Down","Up","Down",FALSE
"GO:0010812",15,"Down",0.741856876924349,0.935950107466996,"Down","Down","Down",FALSE
"GO:0014032",17,"Up",0.740805786697176,0.935950107466996,"Up","Up","Up",FALSE
"GO:0030595",11,"Down",0.740017650377562,0.935950107466996,"Down","Down","Down",FALSE
"GO:0035845",12,"Up",0.739091983334096,0.935950107466996,"Down","Up","Up",FALSE
"GO:0043524",115,"Down",0.742460024981645,0.935950107466996,"Down","Down","Down",FALSE
"GO:0048557",14,"Down",0.738307178188109,0.935950107466996,"Down","Up","Down",FALSE
"GO:0048704",35,"Down",0.739398803022986,0.935950107466996,"Down","Up","Down",FALSE
"GO:0060173",32,"Up",0.737261961725232,0.935950107466996,"Up","Up","Up",FALSE
"GO:0060384",17,"Up",0.742083632747856,0.935950107466996,"Up","Up","Down",FALSE
"GO:0070316",21,"Up",0.742597451521139,0.935950107466996,"Up","Up","Up",FALSE
"GO:0090148",38,"Down",0.741678833212432,0.935950107466996,"Up","Down","Down",FALSE
"GO:0097284",12,"Down",0.737688812170506,0.935950107466996,"Down","Down","Down",FALSE
"GO:1904019",17,"Down",0.740849296017745,0.935950107466996,"Down","Down","Down",FALSE
"GO:2000279",10,"Down",0.739542276436473,0.935950107466996,"Down","Up","Down",FALSE
"GO:0000082",66,"Down",0.74711401586362,0.93859264743722,"Down","Down","Up",FALSE
"GO:0006099",28,"Down",0.746166266729838,0.93859264743722,"Up","Down","Down",FALSE
"GO:0007608",85,"Down",0.747057924984873,0.93859264743722,"Down","Up","Down",FALSE
"GO:0048251",10,"Up",0.746288663618117,0.93859264743722,"Down","Up","Up",FALSE
"GO:0048538",41,"Up",0.746612289475987,0.93859264743722,"Down","Up","Up",FALSE
"GO:0055074",29,"Up",0.746468974663998,0.93859264743722,"Up","Up","Down",FALSE
"GO:0061098",16,"Down",0.747397848885194,0.93859264743722,"Down","Down","Down",FALSE
"GO:0045047",13,"Down",0.748772386658122,0.939833109286796,"Up","Down","Up",FALSE
"GO:0006260",77,"Up",0.751178474128724,0.940244150887892,"Up","Down","Up",FALSE
"GO:0007004",15,"Up",0.752195320710314,0.940244150887892,"Up","Up","Up",FALSE
"GO:0017156",16,"Up",0.75191070062581,0.940244150887892,"Up","Up","Up",FALSE
"GO:0030317",98,"Down",0.749566392577935,0.940244150887892,"Down","Up","Down",FALSE
"GO:0045446",12,"Up",0.751442054329459,0.940244150887892,"Up","Up","Up",FALSE
"GO:0071456",107,"Up",0.751901820806679,0.940244150887892,"Up","Up","Up",FALSE
"GO:0071985",19,"Down",0.752089335734565,0.940244150887892,"Up","Down","Down",FALSE
"GO:0098976",12,"Down",0.750887041243242,0.940244150887892,"Down","Up","Down",FALSE
"GO:0001823",10,"Up",0.75491824722257,0.941074432491988,"Down","Up","Down",FALSE
"GO:0008206",11,"Down",0.755203336574509,0.941074432491988,"Down","Down","Down",FALSE
"GO:0016239",29,"Up",0.755957733425662,0.941074432491988,"Up","Down","Up",FALSE
"GO:0051928",23,"Down",0.755837680338468,0.941074432491988,"Down","Down","Down",FALSE
"GO:0060339",19,"Down",0.753777663974292,0.941074432491988,"Down","Down","Up",FALSE
"GO:0060840",11,"Down",0.755650885224067,0.941074432491988,"Down","Up","Down",FALSE
"GO:0071425",20,"Down",0.753499625782844,0.941074432491988,"Down","Down","Down",FALSE
"GO:2000573",15,"Down",0.755330879410421,0.941074432491988,"Down","Up","Down",FALSE
"GO:0001508",44,"Up",0.759457088379212,0.942533567293914,"Up","Up","Up",FALSE
"GO:0006654",28,"Down",0.75874759764148,0.942533567293914,"Up","Down","Down",FALSE
"GO:0008608",14,"Down",0.759307722579755,0.942533567293914,"Down","Down","Down",FALSE
"GO:0038095",19,"Up",0.757942904284022,0.942533567293914,"Up","Down","Up",FALSE
"GO:0042632",76,"Down",0.759125299521669,0.942533567293914,"Down","Down","Down",FALSE
"GO:0097352",38,"Up",0.757814493083351,0.942533567293914,"Up","Down","Up",FALSE
"GO:0005978",15,"Up",0.760516265230887,0.942654702835372,"Up","Down","Up",FALSE
"GO:0030517",22,"Up",0.760247835069694,0.942654702835372,"Up","Up","Up",FALSE
"GO:0060765",10,"Down",0.760718465950685,0.942654702835372,"Up","Down","Down",FALSE
"GO:0005977",27,"Down",0.764807124617804,0.944360021592947,"Up","Down","Down",FALSE
"GO:0006090",11,"Down",0.76570687736458,0.944360021592947,"Down","Down","Down",FALSE
"GO:0006402",20,"Up",0.762970121645271,0.944360021592947,"Up","Down","Up",FALSE
"GO:0006536",11,"Down",0.76455988406589,0.944360021592947,"Up","Down","Down",FALSE
"GO:0016024",11,"Up",0.765988041060817,0.944360021592947,"Up","Down","Up",FALSE
"GO:0035269",17,"Up",0.766170699315551,0.944360021592947,"Up","Down","Up",FALSE
"GO:0035455",10,"Down",0.766369531926458,0.944360021592947,"Down","Down","Up",FALSE
"GO:0051930",15,"Up",0.763021797011221,0.944360021592947,"Up","Up","Down",FALSE
"GO:0060306",11,"Up",0.765711601602751,0.944360021592947,"Down","Up","Up",FALSE
"GO:0071318",15,"Up",0.764510993493986,0.944360021592947,"Up","Up","Up",FALSE
"GO:1904659",19,"Down",0.764252425275764,0.944360021592947,"Down","Up","Down",FALSE
"GO:0006111",13,"Down",0.770160433086431,0.946269132756162,"Down","Down","Up",FALSE
"GO:0006367",33,"Up",0.770644697005944,0.946269132756162,"Up","Down","Up",FALSE
"GO:0008090",10,"Up",0.77046403383262,0.946269132756162,"Up","Up","Up",FALSE
"GO:0048536",33,"Up",0.769619941756129,0.946269132756162,"Up","Up","Up",FALSE
"GO:0048706",29,"Down",0.769114809855387,0.946269132756162,"Down","Up","Down",FALSE
"GO:0070542",15,"Up",0.769444158594459,0.946269132756162,"Up","Up","Down",FALSE
"GO:0090102",25,"Up",0.769591300650504,0.946269132756162,"Up","Up","Down",FALSE
"GO:0030539",16,"Up",0.77204317841446,0.946624963808605,"Up","Up","Down",FALSE
"GO:0038092",10,"Down",0.771780746977437,0.946624963808605,"Down","Up","Down",FALSE
"GO:0050910",13,"Up",0.772103159781339,0.946624963808605,"Up","Up","Down",FALSE
"GO:0001503",68,"Up",0.774621694591122,0.946726629477688,"Down","Up","Down",FALSE
"GO:0001510",10,"Down",0.773704333391302,0.946726629477688,"Up","Down","Down",FALSE
"GO:0001756",34,"Down",0.774178300640862,0.946726629477688,"Down","Down","Down",FALSE
"GO:0001771",11,"Down",0.777264929552145,0.946726629477688,"Down","Up","Up",FALSE
"GO:0001947",56,"Up",0.774240572553197,0.946726629477688,"Down","Up","Up",FALSE
"GO:0016126",10,"Up",0.776666362344544,0.946726629477688,"Up","Down","Up",FALSE
"GO:0030857",12,"Up",0.773404288469262,0.946726629477688,"Up","Up","Down",FALSE
"GO:0032091",36,"Down",0.776020715044556,0.946726629477688,"Down","Down","Down",FALSE
"GO:0032434",11,"Down",0.77603704434289,0.946726629477688,"Up","Down","Down",FALSE
"GO:0035994",18,"Down",0.77688388009819,0.946726629477688,"Down","Down","Down",FALSE
"GO:0045669",62,"Up",0.774804691521698,0.946726629477688,"Up","Up","Up",FALSE
"GO:0051897",155,"Up",0.777640474254101,0.946726629477688,"Up","Up","Up",FALSE
"GO:0060402",11,"Down",0.77760778458876,0.946726629477688,"Down","Down","Down",FALSE
"GO:0060627",12,"Down",0.776911215027655,0.946726629477688,"Down","Down","Down",FALSE
"GO:0048705",24,"Up",0.778701074366217,0.947543120035007,"Up","Up","Up",FALSE
"GO:0030261",19,"Down",0.779692055228784,0.947922338292343,"Down","Up","Down",FALSE
"GO:0070294",10,"Down",0.779792902982055,0.947922338292343,"Down","Down","Down",FALSE
"GO:0046839",10,"Up",0.781024515154144,0.947996789123162,"Up","Down","Up",FALSE
"GO:1903377",10,"Down",0.78068039834339,0.947996789123162,"Up","Down","Down",FALSE
"GO:1990403",13,"Up",0.78030607006258,0.947996789123162,"Up","Up","Up",FALSE
"GO:0006906",21,"Up",0.781691737566232,0.948332961700421,"Up","Down","Up",FALSE
"GO:0050872",15,"Up",0.782670306564587,0.948572990000971,"Up","Up","Up",FALSE
"GO:0060612",30,"Up",0.782658594148818,0.948572990000971,"Up","Down","Up",FALSE
"GO:0000422",20,"Up",0.791416663416678,0.948894221393986,"Up","Down","Up",FALSE
"GO:0001938",55,"Up",0.801530984379175,0.948894221393986,"Up","Down","Up",FALSE
"GO:0001974",35,"Up",0.80461833738995,0.948894221393986,"Up","Up","Up",FALSE
"GO:0002092",23,"Up",0.807147062283249,0.948894221393986,"Up","Up","Up",FALSE
"GO:0003197",10,"Up",0.803662182920171,0.948894221393986,"Down","Up","Down",FALSE
"GO:0006784",10,"Down",0.799789809192974,0.948894221393986,"Down","Down","Down",FALSE
"GO:0006829",10,"Down",0.785402236567369,0.948894221393986,"Down","Down","Down",FALSE
"GO:0006886",199,"Down",0.797592058432769,0.948894221393986,"Up","Down","Up",FALSE
"GO:0006997",26,"Up",0.80454285389751,0.948894221393986,"Up","Down","Up",FALSE
"GO:0006998",13,"Up",0.814565162892121,0.948894221393986,"Up","Down","Up",FALSE
"GO:0007286",84,"Down",0.78656969290889,0.948894221393986,"Down","Down","Down",FALSE
"GO:0007346",44,"Down",0.808702586131116,0.948894221393986,"Up","Down","Up",FALSE
"GO:0007595",33,"Up",0.814064203487809,0.948894221393986,"Up","Up","Up",FALSE
"GO:0007631",23,"Down",0.798084148717318,0.948894221393986,"Down","Up","Down",FALSE
"GO:0008283",126,"Up",0.796616697150706,0.948894221393986,"Up","Up","Up",FALSE
"GO:0009058",11,"Up",0.807591074226747,0.948894221393986,"Down","Up","Up",FALSE
"GO:0010800",19,"Down",0.814208147600709,0.948894221393986,"Down","Down","Down",FALSE
"GO:0010944",11,"Down",0.790272425051417,0.948894221393986,"Down","Down","Down",FALSE
"GO:0010996",20,"Down",0.800995426827986,0.948894221393986,"Down","Down","Down",FALSE
"GO:0016311",29,"Down",0.806458416112204,0.948894221393986,"Up","Down","Down",FALSE
"GO:0016322",14,"Down",0.784083948039741,0.948894221393986,"Down","Down","Down",FALSE
"GO:0017158",13,"Up",0.811951873712301,0.948894221393986,"Down","Up","Down",FALSE
"GO:0030036",166,"Down",0.810285321614488,0.948894221393986,"Down","Down","Up",FALSE
"GO:0030048",16,"Down",0.812208280250891,0.948894221393986,"Down","Down","Up",FALSE
"GO:0030162",10,"Up",0.798589455714565,0.948894221393986,"Up","Down","Up",FALSE
"GO:0030239",10,"Up",0.813095905589032,0.948894221393986,"Down","Up","Up",FALSE
"GO:0030326",26,"Up",0.79533459290057,0.948894221393986,"Up","Up","Down",FALSE
"GO:0030970",14,"Down",0.791368466477723,0.948894221393986,"Up","Down","Up",FALSE
"GO:0032092",37,"Up",0.793722956754537,0.948894221393986,"Up","Up","Up",FALSE
"GO:0032204",16,"Up",0.796577304247664,0.948894221393986,"Up","Down","Up",FALSE
"GO:0032456",49,"Up",0.78449690977037,0.948894221393986,"Up","Down","Up",FALSE
"GO:0034504",35,"Down",0.814095111912587,0.948894221393986,"Down","Down","Up",FALSE
"GO:0042129",11,"Down",0.809179637481237,0.948894221393986,"Down","Down","Up",FALSE
"GO:0042220",30,"Up",0.796368639684946,0.948894221393986,"Up","Up","Down",FALSE
"GO:0042445",11,"Up",0.792190115807963,0.948894221393986,"Down","Up","Up",FALSE
"GO:0042542",25,"Up",0.792618516517379,0.948894221393986,"Up","Down","Up",FALSE
"GO:0043403",14,"Up",0.800653327152592,0.948894221393986,"Up","Up","Up",FALSE
"GO:0043434",38,"Down",0.812867920036205,0.948894221393986,"Down","Down","Up",FALSE
"GO:0043507",25,"Up",0.801820102501303,0.948894221393986,"Up","Down","Up",FALSE
"GO:0045216",17,"Down",0.803167339161383,0.948894221393986,"Up","Down","Down",FALSE
"GO:0045638",11,"Up",0.806337275883075,0.948894221393986,"Up","Down","Up",FALSE
"GO:0045664",24,"Up",0.791318461282354,0.948894221393986,"Up","Up","Up",FALSE
"GO:0045840",24,"Down",0.814131273750251,0.948894221393986,"Down","Up","Down",FALSE
"GO:0045930",20,"Down",0.784606366748044,0.948894221393986,"Down","Down","Down",FALSE
"GO:0046549",11,"Up",0.810209400827252,0.948894221393986,"Up","Up","Down",FALSE
"GO:0046685",11,"Up",0.808765001756993,0.948894221393986,"Down","Up","Up",FALSE
"GO:0046718",85,"Down",0.795943167138836,0.948894221393986,"Down","Down","Up",FALSE
"GO:0046928",17,"Up",0.794788486046029,0.948894221393986,"Up","Up","Up",FALSE
"GO:0048167",47,"Down",0.807103269478183,0.948894221393986,"Down","Up","Down",FALSE
"GO:0048304",10,"Down",0.786897836844266,0.948894221393986,"Down","Down","Up",FALSE
"GO:0048484",11,"Up",0.792560415725221,0.948894221393986,"Down","Up","Down",FALSE
"GO:0048490",12,"Down",0.8079006775239,0.948894221393986,"Up","Down","Down",FALSE
"GO:0048513",12,"Down",0.791776350801166,0.948894221393986,"Down","Up","Down",FALSE
"GO:0050687",11,"Down",0.811352923171637,0.948894221393986,"Up","Down","Down",FALSE
"GO:0050892",10,"Down",0.805683997252523,0.948894221393986,"Down","Down","Down",FALSE
"GO:0051123",37,"Down",0.808802568754404,0.948894221393986,"Up","Down","Up",FALSE
"GO:0051302",15,"Down",0.805472417325144,0.948894221393986,"Down","Down","Up",FALSE
"GO:0051315",14,"Down",0.783554897115606,0.948894221393986,"Down","Down","Down",FALSE
"GO:0051382",11,"Down",0.792674492113542,0.948894221393986,"Down","Up","Down",FALSE
"GO:0051560",12,"Down",0.794730061781794,0.948894221393986,"Up","Down","Down",FALSE
"GO:0055093",12,"Down",0.812684033463973,0.948894221393986,"Down","Down","Down",FALSE
"GO:0060155",17,"Down",0.801460820388064,0.948894221393986,"Down","Down","Down",FALSE
"GO:0061709",18,"Down",0.8035265967745,0.948894221393986,"Down","Down","Down",FALSE
"GO:0070327",11,"Up",0.791908412733668,0.948894221393986,"Up","Up","Down",FALSE
"GO:0070585",11,"Down",0.807444186600931,0.948894221393986,"Down","Down","Down",FALSE
"GO:0070885",12,"Down",0.800567051069266,0.948894221393986,"Up","Down","Down",FALSE
"GO:0071333",59,"Down",0.786359634918208,0.948894221393986,"Down","Down","Down",FALSE
"GO:0071345",24,"Down",0.791194108289708,0.948894221393986,"Down","Down","Down",FALSE
"GO:0072344",30,"Up",0.804344405388213,0.948894221393986,"Up","Down","Up",FALSE
"GO:0090050",19,"Up",0.79984408141633,0.948894221393986,"Up","Up","Up",FALSE
"GO:0090051",14,"Up",0.79016365318366,0.948894221393986,"Up","Down","Up",FALSE
"GO:0160049",11,"Down",0.799067115339439,0.948894221393986,"Down","Down","Up",FALSE
"GO:1900226",11,"Down",0.790268836495304,0.948894221393986,"Down","Down","Down",FALSE
"GO:1900747",12,"Down",0.809590374430881,0.948894221393986,"Down","Up","Down",FALSE
"GO:1901381",14,"Down",0.792873661468073,0.948894221393986,"Down","Up","Down",FALSE
"GO:1902430",15,"Down",0.796608835505261,0.948894221393986,"Up","Down","Down",FALSE
"GO:1902894",26,"Up",0.791107950149783,0.948894221393986,"Down","Up","Up",FALSE
"GO:1903672",17,"Down",0.805540581510727,0.948894221393986,"Down","Up","Down",FALSE
"GO:1904888",16,"Up",0.813160822614103,0.948894221393986,"Down","Up","Down",FALSE
"GO:1990090",26,"Up",0.813275816908852,0.948894221393986,"Up","Down","Up",FALSE
"GO:2000738",11,"Down",0.788376529114372,0.948894221393986,"Down","Up","Down",FALSE
"GO:0090336",14,"Down",0.815229119684219,0.949212630969167,"Down","Down","Down",FALSE
"GO:0035909",15,"Up",0.816680948998616,0.950447656162183,"Down","Up","Up",FALSE
"GO:0048565",23,"Up",0.81715454253621,0.95054357987697,"Up","Up","Down",FALSE
"GO:0030901",22,"Up",0.817939202787373,0.951001082666658,"Down","Up","Down",FALSE
"GO:0006259",17,"Down",0.818893341812857,0.951482806468832,"Down","Down","Down",FALSE
"GO:0071880",17,"Up",0.819136638326254,0.951482806468832,"Down","Up","Down",FALSE
"GO:0035970",13,"Up",0.821063453069086,0.951900854464637,"Up","Down","Up",FALSE
"GO:0045616",11,"Up",0.820894385307957,0.951900854464637,"Up","Up","Up",FALSE
"GO:1901380",10,"Up",0.819965749486203,0.951900854464637,"Up","Up","Down",FALSE
"GO:2001256",12,"Down",0.82078534000805,0.951900854464637,"Down","Up","Down",FALSE
"GO:0000413",15,"Down",0.830538321753984,0.951991811682506,"Up","Down","Up",FALSE
"GO:0001676",20,"Up",0.825968611454519,0.951991811682506,"Up","Up","Up",FALSE
"GO:0001825",13,"Down",0.824550616317918,0.951991811682506,"Up","Down","Up",FALSE
"GO:0006302",57,"Up",0.827626894234459,0.951991811682506,"Up","Down","Up",FALSE
"GO:0006388",10,"Down",0.826967325388225,0.951991811682506,"Up","Down","Up",FALSE
"GO:0007059",72,"Down",0.827361021346302,0.951991811682506,"Down","Down","Up",FALSE
"GO:0009953",32,"Down",0.825333539653013,0.951991811682506,"Down","Up","Down",FALSE
"GO:0010248",10,"Down",0.8264421146503,0.951991811682506,"Down","Up","Down",FALSE
"GO:0010447",12,"Down",0.830349629516898,0.951991811682506,"Down","Up","Down",FALSE
"GO:0010745",12,"Up",0.823753731415707,0.951991811682506,"Down","Up","Up",FALSE
"GO:0030030",35,"Down",0.828855774512819,0.951991811682506,"Down","Down","Up",FALSE
"GO:0030111",15,"Up",0.825443326384474,0.951991811682506,"Up","Up","Down",FALSE
"GO:0032094",22,"Down",0.830544296611899,0.951991811682506,"Down","Up","Down",FALSE
"GO:0032402",16,"Down",0.821789007234331,0.951991811682506,"Down","Down","Down",FALSE
"GO:0032897",14,"Down",0.82715082445328,0.951991811682506,"Down","Down","Down",FALSE
"GO:0034101",10,"Down",0.830218207173799,0.951991811682506,"Up","Down","Down",FALSE
"GO:0048593",17,"Down",0.829883195830942,0.951991811682506,"Down","Up","Down",FALSE
"GO:0050679",51,"Up",0.825150879931429,0.951991811682506,"Down","Up","Down",FALSE
"GO:0050848",10,"Up",0.82644523763166,0.951991811682506,"Up","Down","Up",FALSE
"GO:0050891",11,"Up",0.83016807187046,0.951991811682506,"Down","Up","Down",FALSE
"GO:0050911",257,"Down",0.824364642855499,0.951991811682506,"Down","Up","Down",FALSE
"GO:0060716",18,"Down",0.829718751758303,0.951991811682506,"Down","Down","Down",FALSE
"GO:0097084",10,"Up",0.827653636859198,0.951991811682506,"Up","Up","Up",FALSE
"GO:0097192",28,"Down",0.825420417241733,0.951991811682506,"Down","Down","Down",FALSE
"GO:0030182",151,"Down",0.831328438803596,0.952441351387429,"Down","Up","Down",FALSE
"GO:0010564",14,"Down",0.831969615272305,0.95272675075952,"Down","Up","Down",FALSE
"GO:0061760",10,"Down",0.832542887205575,0.952934157281935,"Down","Up","Down",FALSE
"GO:0032465",33,"Up",0.834200034499389,0.953483576591494,"Up","Down","Up",FALSE
"GO:0042474",17,"Down",0.834076628254671,0.953483576591494,"Down","Up","Down",FALSE
"GO:0051649",86,"Up",0.833670580883244,0.953483576591494,"Up","Up","Up",FALSE
"GO:0030837",18,"Up",0.836336103962145,0.953682183307374,"Up","Down","Up",FALSE
"GO:0034392",10,"Down",0.836166098305092,0.953682183307374,"Down","Down","Down",FALSE
"GO:0045787",31,"Up",0.83610498792498,0.953682183307374,"Up","Up","Down",FALSE
"GO:0048678",31,"Down",0.835389840294479,0.953682183307374,"Down","Down","Down",FALSE
"GO:0061512",24,"Up",0.835039327943711,0.953682183307374,"Up","Down","Up",FALSE
"GO:0046686",18,"Up",0.836762287842495,0.953720618882393,"Up","Up","Up",FALSE
"GO:0007517",76,"Up",0.838535917608002,0.954415972760724,"Down","Up","Up",FALSE
"GO:0014059",14,"Down",0.838653582189698,0.954415972760724,"Up","Up","Down",FALSE
"GO:0048745",13,"Up",0.839336186744719,0.954415972760724,"Down","Up","Up",FALSE
"GO:0070534",44,"Up",0.839275128473817,0.954415972760724,"Up","Down","Up",FALSE
"GO:0090277",10,"Down",0.83888850810232,0.954415972760724,"Down","Up","Down",FALSE
"GO:0032963",11,"Up",0.839872146596066,0.954578726018915,"Down","Up","Up",FALSE
"GO:0008045",20,"Down",0.841489140970207,0.954630538075445,"Down","Up","Down",FALSE
"GO:0033540",10,"Down",0.841436193155483,0.954630538075445,"Up","Down","Down",FALSE
"GO:0035176",44,"Down",0.840988611437246,0.954630538075445,"Down","Up","Down",FALSE
"GO:0045445",17,"Up",0.84076072142607,0.954630538075445,"Up","Up","Up",FALSE
"GO:0046835",17,"Up",0.843445214593806,0.955066109721784,"Up","Down","Up",FALSE
"GO:0060252",19,"Down",0.843166072287885,0.955066109721784,"Down","Down","Down",FALSE
"GO:0070233",10,"Down",0.842448717244235,0.955066109721784,"Down","Up","Down",FALSE
"GO:1900026",37,"Down",0.842831662211183,0.955066109721784,"Down","Down","Down",FALSE
"GO:0097062",10,"Up",0.844557091858386,0.955879708065151,"Down","Up","Up",FALSE
"GO:0043280",27,"Down",0.845353229451193,0.955890343213774,"Down","Down","Down",FALSE
"GO:0061052",10,"Up",0.845151959016978,0.955890343213774,"Up","Up","Up",FALSE
"GO:0071364",36,"Down",0.847951313283304,0.958382181989967,"Down","Down","Up",FALSE
"GO:0010288",13,"Down",0.850271843645698,0.960124536082765,"Down","Down","Up",FALSE
"GO:0045987",18,"Down",0.850283128251074,0.960124536082765,"Down","Up","Down",FALSE
"GO:0019896",10,"Down",0.850971873487984,0.960455946389132,"Up","Down","Up",FALSE
"GO:0040008",11,"Down",0.851898300976556,0.960609221054771,"Down","Down","Up",FALSE
"GO:2000060",22,"Down",0.851651112527035,0.960609221054771,"Up","Down","Down",FALSE
"GO:0003351",16,"Down",0.852953523153651,0.960636315698635,"Down","Down","Up",FALSE
"GO:0006883",19,"Down",0.852741720835313,0.960636315698635,"Down","Up","Down",FALSE
"GO:0043276",10,"Down",0.853108300114261,0.960636315698635,"Down","Down","Up",FALSE
"GO:0006874",88,"Down",0.853852022563832,0.961028445961145,"Down","Up","Down",FALSE
"GO:0006515",15,"Down",0.85694728141979,0.961314586636219,"Up","Down","Up",FALSE
"GO:0007005",86,"Down",0.8551136932534,0.961314586636219,"Up","Down","Up",FALSE
"GO:0021772",15,"Up",0.856751576798921,0.961314586636219,"Down","Up","Up",FALSE
"GO:0032330",11,"Down",0.856011828315105,0.961314586636219,"Up","Down","Down",FALSE
"GO:0035162",15,"Up",0.857271073761599,0.961314586636219,"Up","Up","Down",FALSE
"GO:0043627",43,"Down",0.85596479509778,0.961314586636219,"Down","Up","Down",FALSE
"GO:0045671",24,"Up",0.854981031338219,0.961314586636219,"Up","Up","Down",FALSE
"GO:0045806",13,"Up",0.857096737175592,0.961314586636219,"Up","Down","Up",FALSE
"GO:0021510",19,"Up",0.857920536808276,0.961599125666103,"Up","Up","Down",FALSE
"GO:0006400",26,"Down",0.860219515841991,0.96219029330603,"Up","Down","Up",FALSE
"GO:0006672",16,"Up",0.860709803064249,0.96219029330603,"Up","Down","Up",FALSE
"GO:0006970",10,"Down",0.861219706971446,0.96219029330603,"Down","Down","Up",FALSE
"GO:0010955",10,"Down",0.859639042871292,0.96219029330603,"Down","Down","Down",FALSE
"GO:0031122",37,"Down",0.860290116953722,0.96219029330603,"Up","Down","Up",FALSE
"GO:0060307",17,"Up",0.860209126195779,0.96219029330603,"Down","Up","Down",FALSE
"GO:0071479",35,"Down",0.861021713422065,0.96219029330603,"Up","Down","Down",FALSE
"GO:0010669",10,"Up",0.862072084592806,0.962214304235571,"Down","Up","Up",FALSE
"GO:0048935",11,"Up",0.861688057421583,0.962214304235571,"Down","Up","Down",FALSE
"GO:0051592",43,"Up",0.862429117129659,0.962214304235571,"Down","Up","Up",FALSE
"GO:0009653",102,"Up",0.86621391270808,0.962465973190404,"Down","Up","Down",FALSE
"GO:0030041",31,"Up",0.865603043209158,0.962465973190404,"Up","Down","Up",FALSE
"GO:0032717",14,"Down",0.863506560833729,0.962465973190404,"Down","Up","Down",FALSE
"GO:0032964",10,"Down",0.863992456940657,0.962465973190404,"Down","Up","Down",FALSE
"GO:0043149",17,"Up",0.865272634131608,0.962465973190404,"Down","Down","Up",FALSE
"GO:0060317",13,"Down",0.863573235756264,0.962465973190404,"Down","Down","Down",FALSE
"GO:1901796",34,"Down",0.866219375871363,0.962465973190404,"Up","Down","Up",FALSE
"GO:1904948",12,"Down",0.865404152857833,0.962465973190404,"Down","Up","Down",FALSE
"GO:2000059",14,"Down",0.865387030555286,0.962465973190404,"Up","Down","Up",FALSE
"GO:0000460",11,"Down",0.871340565666623,0.962490190669507,"Up","Down","Up",FALSE
"GO:0001578",27,"Up",0.868253126599037,0.962490190669507,"Down","Up","Up",FALSE
"GO:0001678",23,"Down",0.868005946423925,0.962490190669507,"Down","Down","Down",FALSE
"GO:0001944",12,"Up",0.871825686885859,0.962490190669507,"Down","Up","Up",FALSE
"GO:0006261",27,"Down",0.871229605217847,0.962490190669507,"Up","Down","Up",FALSE
"GO:0006446",28,"Down",0.870768466078714,0.962490190669507,"Up","Down","Up",FALSE
"GO:0006813",72,"Up",0.872482188273124,0.962490190669507,"Down","Up","Down",FALSE
"GO:0006939",19,"Up",0.87056189960412,0.962490190669507,"Up","Up","Down",FALSE
"GO:0019082",27,"Down",0.871630048622601,0.962490190669507,"Up","Down","Up",FALSE
"GO:0034374",15,"Down",0.87297464207226,0.962490190669507,"Down","Up","Down",FALSE
"GO:0043161",238,"Up",0.871481404260818,0.962490190669507,"Up","Down","Up",FALSE
"GO:0043687",31,"Up",0.872513135955157,0.962490190669507,"Up","Down","Up",FALSE
"GO:0045198",12,"Down",0.871658920824824,0.962490190669507,"Down","Up","Down",FALSE
"GO:0051496",45,"Down",0.867029163956291,0.962490190669507,"Down","Down","Down",FALSE
"GO:0085020",14,"Up",0.869812605927436,0.962490190669507,"Up","Down","Up",FALSE
"GO:2000311",13,"Up",0.86727419438954,0.962490190669507,"Up","Up","Down",FALSE
"GO:2000737",15,"Up",0.872696659857481,0.962490190669507,"Down","Down","Up",FALSE
"GO:0045444",68,"Up",0.87493564753635,0.964214795244141,"Up","Up","Down",FALSE
"GO:0001779",13,"Down",0.876362220272359,0.964474726114961,"Down","Down","Down",FALSE
"GO:0033628",12,"Up",0.87604870093475,0.964474726114961,"Up","Down","Up",FALSE
"GO:0045780",16,"Down",0.875682686030093,0.964474726114961,"Down","Down","Up",FALSE
"GO:0006631",66,"Down",0.877175287650027,0.964495904520165,"Down","Down","Up",FALSE
"GO:0045597",50,"Up",0.877127828425314,0.964495904520165,"Down","Up","Down",FALSE
"GO:0009566",34,"Up",0.878082218169285,0.964549150161422,"Down","Up","Up",FALSE
"GO:0042417",13,"Down",0.877919095413058,0.964549150161422,"Down","Up","Down",FALSE
"GO:0140861",20,"Up",0.8784145141182,0.964549150161422,"Up","Down","Up",FALSE
"GO:0035050",14,"Down",0.878853756036397,0.964595585893607,"Down","Up","Down",FALSE
"GO:0045453",20,"Up",0.879776636726463,0.965172563090431,"Down","Up","Up",FALSE
"GO:0006878",14,"Down",0.881220113438807,0.966319889736598,"Up","Down","Down",FALSE
"GO:0000712",14,"Down",0.882419658274568,0.966327070575574,"Down","Down","Up",FALSE
"GO:0007051",13,"Down",0.882134788362898,0.966327070575574,"Down","Down","Down",FALSE
"GO:0034244",15,"Down",0.881644948989229,0.966327070575574,"Up","Down","Up",FALSE
"GO:0006885",11,"Up",0.883114562324053,0.96665242632768,"Up","Up","Down",FALSE
"GO:0070509",19,"Down",0.88374723415812,0.966909400722302,"Down","Up","Down",FALSE
"GO:0031110",12,"Up",0.885920703330684,0.967979905167968,"Up","Up","Down",FALSE
"GO:0045737",13,"Down",0.88567900048971,0.967979905167968,"Up","Down","Down",FALSE
"GO:0046825",10,"Up",0.885366139593989,0.967979905167968,"Up","Down","Down",FALSE
"GO:0032438",22,"Down",0.886348265421037,0.968011813471065,"Up","Down","Down",FALSE
"GO:0019076",15,"Down",0.887237553056278,0.968547733120734,"Up","Down","Up",FALSE
"GO:0009954",21,"Down",0.888934471696991,0.968980203918669,"Down","Up","Down",FALSE
"GO:0016556",11,"Down",0.889627504091585,0.968980203918669,"Up","Down","Up",FALSE
"GO:0045931",27,"Up",0.889293772286157,0.968980203918669,"Up","Down","Up",FALSE
"GO:0050927",12,"Up",0.888915466721242,0.968980203918669,"Down","Up","Up",FALSE
"GO:0061025",29,"Up",0.888300870201515,0.968980203918669,"Up","Down","Up",FALSE
"GO:0061001",14,"Up",0.890307257520077,0.969286127138793,"Up","Up","Up",FALSE
"GO:0007097",15,"Down",0.890768587079265,0.969354082670225,"Down","Down","Up",FALSE
"GO:0045956",12,"Down",0.891675822744323,0.969473042178391,"Down","Up","Down",FALSE
"GO:0051603",28,"Up",0.891403249426067,0.969473042178391,"Down","Down","Up",FALSE
"GO:0006112",13,"Up",0.892457343009769,0.969888794058022,"Up","Up","Down",FALSE
"GO:0001933",41,"Up",0.895178283301245,0.97090557469635,"Up","Down","Up",FALSE
"GO:0002021",12,"Up",0.894856316628118,0.97090557469635,"Up","Down","Down",FALSE
"GO:0031175",99,"Up",0.894556277960976,0.97090557469635,"Up","Up","Up",FALSE
"GO:0032482",12,"Down",0.89488287186637,0.97090557469635,"Up","Down","Down",FALSE
"GO:0060294",19,"Up",0.895390696664412,0.97090557469635,"Down","Up","Down",FALSE
"GO:0007191",10,"Down",0.895800178466324,0.970916339729335,"Up","Up","Down",FALSE
"GO:0010526",10,"Down",0.89684632993877,0.971616844293897,"Down","Up","Down",FALSE
"GO:0031641",17,"Down",0.897979369594611,0.971726596852473,"Down","Down","Up",FALSE
"GO:0045596",24,"Down",0.897973989052629,0.971726596852473,"Down","Down","Down",FALSE
"GO:0060037",17,"Down",0.898147298983808,0.971726596852473,"Down","Up","Down",FALSE
"GO:0007040",39,"Up",0.900508171041503,0.973446544970026,"Up","Down","Up",FALSE
"GO:0060392",20,"Down",0.900538202918774,0.973446544970026,"Down","Up","Down",FALSE
"GO:0032868",68,"Down",0.901132897564589,0.973656265487751,"Down","Down","Down",FALSE
"GO:0009792",17,"Up",0.901619980185663,0.973749578600516,"Down","Up","Up",FALSE
"GO:0006282",47,"Down",0.907112459712229,0.975613836897933,"Up","Down","Up",FALSE
"GO:0016242",12,"Down",0.907301243247487,0.975613836897933,"Up","Down","Up",FALSE
"GO:0016358",33,"Up",0.904428155722417,0.975613836897933,"Up","Up","Down",FALSE
"GO:0042476",27,"Down",0.906157164460748,0.975613836897933,"Down","Up","Down",FALSE
"GO:0050908",20,"Down",0.904664621905796,0.975613836897933,"Down","Up","Down",FALSE
"GO:0051492",13,"Down",0.907361017032646,0.975613836897933,"Up","Up","Down",FALSE
"GO:0055062",13,"Up",0.907237959501719,0.975613836897933,"Down","Up","Down",FALSE
"GO:0071377",12,"Up",0.904925146734125,0.975613836897933,"Down","Up","Down",FALSE
"GO:0098974",11,"Up",0.906005123680025,0.975613836897933,"Up","Up","Up",FALSE
"GO:2000786",14,"Down",0.907001834883248,0.975613836897933,"Up","Up","Down",FALSE
"GO:0006826",21,"Up",0.90860624785173,0.97594317881755,"Down","Up","Up",FALSE
"GO:0046325",12,"Down",0.908872186693052,0.97594317881755,"Down","Down","Down",FALSE
"GO:0048168",23,"Down",0.90855302360115,0.97594317881755,"Down","Up","Down",FALSE
"GO:0001525",209,"Down",0.914532040076432,0.97603054747982,"Down","Up","Up",FALSE
"GO:0003215",11,"Up",0.919387550113447,0.97603054747982,"Down","Up","Down",FALSE
"GO:0006298",18,"Down",0.911756318269255,0.97603054747982,"Down","Down","Up",FALSE
"GO:0006418",17,"Down",0.911424795309995,0.97603054747982,"Up","Down","Up",FALSE
"GO:0008610",14,"Down",0.916116083897009,0.97603054747982,"Up","Down","Down",FALSE
"GO:0010592",22,"Down",0.917142017937272,0.97603054747982,"Up","Down","Up",FALSE
"GO:0010906",22,"Up",0.919396676206299,0.97603054747982,"Up","Down","Up",FALSE
"GO:0019732",10,"Up",0.916949178262274,0.97603054747982,"Up","Up","Down",FALSE
"GO:0031069",28,"Up",0.913904206216658,0.97603054747982,"Down","Up","Down",FALSE
"GO:0034644",46,"Up",0.911481797055,0.97603054747982,"Up","Down","Up",FALSE
"GO:0035418",19,"Up",0.917529245884972,0.97603054747982,"Up","Up","Down",FALSE
"GO:0035435",12,"Up",0.918344685096762,0.97603054747982,"Up","Up","Down",FALSE
"GO:0035641",14,"Up",0.914757466362035,0.97603054747982,"Up","Up","Down",FALSE
"GO:0040014",21,"Down",0.918791130989664,0.97603054747982,"Up","Down","Down",FALSE
"GO:0043068",12,"Up",0.910805323872043,0.97603054747982,"Down","Up","Up",FALSE
"GO:0048741",25,"Down",0.917765306679027,0.97603054747982,"Down","Up","Down",FALSE
"GO:0050714",36,"Up",0.911193467778056,0.97603054747982,"Up","Up","Down",FALSE
"GO:0086005",15,"Down",0.918526849528558,0.97603054747982,"Down","Up","Down",FALSE
"GO:0086091",38,"Down",0.909386962445505,0.97603054747982,"Down","Up","Down",FALSE
"GO:0090090",111,"Down",0.915479263895452,0.97603054747982,"Down","Up","Down",FALSE
"GO:0090267",12,"Down",0.912314435473331,0.97603054747982,"Down","Up","Down",FALSE
"GO:0098664",15,"Up",0.913010954986444,0.97603054747982,"Up","Up","Down",FALSE
"GO:0140627",12,"Up",0.915674802663554,0.97603054747982,"Up","Down","Up",FALSE
"GO:2000145",11,"Down",0.915935785528076,0.97603054747982,"Up","Down","Up",FALSE
"GO:2000273",10,"Down",0.913285612745519,0.97603054747982,"Down","Down","Down",FALSE
"GO:2000648",25,"Up",0.917984655788885,0.97603054747982,"Down","Up","Down",FALSE
"GO:0010633",13,"Up",0.919914045818688,0.976153332462625,"Up","Down","Up",FALSE
"GO:0007169",95,"Down",0.921525512166936,0.977436488243411,"Down","Up","Down",FALSE
"GO:0007052",43,"Up",0.923534970591898,0.978539892894208,"Down","Down","Up",FALSE
"GO:0009968",38,"Up",0.924726307486812,0.978539892894208,"Down","Up","Up",FALSE
"GO:0022904",15,"Down",0.924981948139093,0.978539892894208,"Up","Down","Up",FALSE
"GO:0045910",15,"Down",0.923182986276928,0.978539892894208,"Down","Down","Up",FALSE
"GO:0060048",35,"Down",0.924030173366272,0.978539892894208,"Down","Up","Down",FALSE
"GO:0061158",12,"Down",0.924643970254246,0.978539892894208,"Down","Down","Up",FALSE
"GO:0000375",23,"Down",0.926682345901978,0.979281490834396,"Up","Down","Up",FALSE
"GO:0044344",26,"Down",0.926891946057247,0.979281490834396,"Down","Up","Up",FALSE
"GO:2001243",15,"Up",0.926789212455355,0.979281490834396,"Up","Down","Up",FALSE
"GO:0007219",80,"Up",0.928317909626786,0.979947094505684,"Up","Up","Down",FALSE
"GO:0034138",13,"Down",0.928731752529461,0.979947094505684,"Down","Down","Up",FALSE
"GO:0045292",15,"Down",0.92842223057761,0.979947094505684,"Up","Down","Up",FALSE
"GO:0071372",10,"Down",0.933021524886529,0.98361922146389,"Down","Up","Up",FALSE
"GO:0071392",35,"Up",0.9328965222204,0.98361922146389,"Down","Up","Up",FALSE
"GO:0033554",13,"Up",0.933696837673079,0.983904299889671,"Up","Down","Up",FALSE
"GO:0032436",55,"Down",0.934784959915654,0.98458065546542,"Up","Down","Up",FALSE
"GO:0048488",35,"Down",0.935149034079913,0.98458065546542,"Up","Down","Up",FALSE
"GO:0001835",19,"Down",0.937213002148299,0.984867124483215,"Up","Down","Down",FALSE
"GO:0006590",11,"Up",0.936779673412709,0.984867124483215,"Down","Up","Down",FALSE
"GO:0007342",17,"Up",0.936241365857568,0.984867124483215,"Down","Up","Down",FALSE
"GO:0010569",13,"Up",0.938722308681638,0.984867124483215,"Up","Down","Down",FALSE
"GO:0033189",14,"Up",0.939052313359718,0.984867124483215,"Down","Up","Down",FALSE
"GO:0042026",12,"Down",0.938956146579493,0.984867124483215,"Up","Down","Up",FALSE
"GO:0042771",29,"Up",0.936588959812991,0.984867124483215,"Up","Down","Up",FALSE
"GO:0046580",15,"Down",0.938938363174371,0.984867124483215,"Up","Down","Up",FALSE
"GO:2001034",14,"Down",0.939068776719181,0.984867124483215,"Up","Down","Up",FALSE
"GO:0001541",34,"Down",0.949179452493568,0.987044360851328,"Down","Down","Up",FALSE
"GO:0001658",39,"Down",0.9491967889442,0.987044360851328,"Down","Up","Down",FALSE
"GO:0002091",13,"Up",0.94661635211569,0.987044360851328,"Up","Down","Up",FALSE
"GO:0006900",12,"Down",0.949227453019602,0.987044360851328,"Up","Down","Up",FALSE
"GO:0016192",147,"Down",0.944085187759878,0.987044360851328,"Up","Down","Down",FALSE
"GO:0030073",32,"Down",0.949268589016277,0.987044360851328,"Up","Down","Down",FALSE
"GO:0030178",39,"Up",0.947267707484643,0.987044360851328,"Down","Up","Down",FALSE
"GO:0030325",19,"Up",0.948220664195969,0.987044360851328,"Down","Up","Up",FALSE
"GO:0032880",59,"Up",0.946872484066247,0.987044360851328,"Up","Down","Up",FALSE
"GO:0034695",13,"Down",0.94558721292812,0.987044360851328,"Down","Up","Down",FALSE
"GO:0042310",17,"Up",0.946107824068472,0.987044360851328,"Down","Up","Down",FALSE
"GO:0042953",13,"Down",0.943539405925947,0.987044360851328,"Down","Down","Down",FALSE
"GO:0043010",35,"Up",0.944447545184788,0.987044360851328,"Down","Up","Down",FALSE
"GO:0045842",10,"Down",0.943861393755218,0.987044360851328,"Down","Down","Down",FALSE
"GO:0048011",13,"Down",0.946575092952286,0.987044360851328,"Up","Down","Up",FALSE
"GO:0050427",10,"Down",0.948945284727569,0.987044360851328,"Down","Up","Down",FALSE
"GO:0070417",10,"Down",0.943746004316653,0.987044360851328,"Down","Up","Down",FALSE
"GO:0097264",10,"Down",0.944322722926831,0.987044360851328,"Down","Up","Down",FALSE
"GO:0097746",22,"Up",0.943874091146695,0.987044360851328,"Down","Up","Down",FALSE
"GO:1900271",12,"Up",0.948931840390861,0.987044360851328,"Up","Down","Up",FALSE
"GO:0046854",26,"Up",0.951327054246579,0.98751662907595,"Up","Down","Up",FALSE
"GO:0051260",111,"Up",0.950785697185178,0.98751662907595,"Up","Down","Up",FALSE
"GO:0060347",12,"Down",0.951348324554239,0.98751662907595,"Down","Down","Down",FALSE
"GO:0098915",12,"Up",0.951262650649362,0.98751662907595,"Down","Up","Down",FALSE
"GO:0038083",14,"Down",0.952011309968675,0.987782870718992,"Down","Up","Up",FALSE
"GO:0045830",10,"Down",0.953441035465106,0.98884409568084,"Up","Down","Up",FALSE
"GO:0046427",26,"Down",0.95618837455799,0.990232841459323,"Down","Down","Up",FALSE
"GO:0070886",19,"Up",0.955605093587942,0.990232841459323,"Up","Up","Down",FALSE
"GO:0099151",13,"Up",0.956114251956846,0.990232841459323,"Up","Up","Down",FALSE
"GO:1900181",18,"Up",0.95641007362347,0.990232841459323,"Up","Down","Down",FALSE
"GO:0051896",19,"Down",0.957071019509984,0.99049513518282,"Down","Up","Down",FALSE
"GO:2000378",17,"Down",0.957754492773239,0.990780509765419,"Up","Down","Down",FALSE
"GO:0043388",13,"Down",0.958925337471308,0.991569604278842,"Down","Down","Up",FALSE
"GO:0006699",26,"Down",0.961808161441142,0.992728595867067,"Up","Down","Down",FALSE
"GO:0009636",67,"Up",0.960935288415389,0.992728595867067,"Down","Up","Up",FALSE
"GO:0010666",13,"Up",0.962088824389689,0.992728595867067,"Down","Down","Up",FALSE
"GO:0032211",18,"Down",0.96184691826286,0.992728595867067,"Down","Down","Up",FALSE
"GO:0070830",39,"Up",0.960885494425098,0.992728595867067,"Down","Up","Down",FALSE
"GO:0001502",17,"Up",0.966654404654432,0.992748633276057,"Down","Up","Down",FALSE
"GO:0001523",22,"Down",0.970427483962404,0.992748633276057,"Down","Up","Down",FALSE
"GO:0001967",11,"Down",0.972281247290759,0.992748633276057,"Up","Down","Up",FALSE
"GO:0006289",34,"Up",0.971501413846358,0.992748633276057,"Up","Down","Up",FALSE
"GO:0006851",12,"Up",0.963680207128521,0.992748633276057,"Up","Down","Up",FALSE
"GO:0010039",15,"Down",0.968755321666255,0.992748633276057,"Down","Down","Up",FALSE
"GO:0010875",21,"Down",0.964553377254986,0.992748633276057,"Down","Up","Down",FALSE
"GO:0015747",11,"Up",0.962650161427983,0.992748633276057,"Down","Up","Down",FALSE
"GO:0031146",38,"Down",0.965284141922277,0.992748633276057,"Up","Down","Up",FALSE
"GO:0033687",10,"Up",0.970535513036342,0.992748633276057,"Down","Up","Down",FALSE
"GO:0034446",42,"Up",0.967847942871693,0.992748633276057,"Down","Down","Up",FALSE
"GO:0035331",18,"Up",0.968523253758252,0.992748633276057,"Up","Down","Up",FALSE
"GO:0045600",44,"Down",0.972321706665438,0.992748633276057,"Down","Down","Up",FALSE
"GO:0045740",26,"Down",0.968542602856771,0.992748633276057,"Down","Down","Up",FALSE
"GO:0045785",49,"Down",0.972131220132466,0.992748633276057,"Down","Up","Down",FALSE
"GO:0048714",24,"Up",0.965088083169874,0.992748633276057,"Down","Up","Up",FALSE
"GO:0048821",21,"Down",0.970086260434345,0.992748633276057,"Up","Down","Up",FALSE
"GO:0050435",10,"Down",0.971636261418808,0.992748633276057,"Down","Up","Down",FALSE
"GO:0050965",20,"Down",0.966192612919457,0.992748633276057,"Down","Up","Down",FALSE
"GO:0060326",59,"Down",0.965184454865735,0.992748633276057,"Down","Up","Down",FALSE
"GO:0060996",10,"Up",0.968181355170156,0.992748633276057,"Up","Up","Up",FALSE
"GO:0071218",11,"Down",0.971212548317948,0.992748633276057,"Up","Down","Up",FALSE
"GO:0071732",16,"Up",0.965924976203622,0.992748633276057,"Up","Down","Up",FALSE
"GO:0099171",27,"Down",0.965023621967681,0.992748633276057,"Up","Up","Down",FALSE
"GO:2000779",23,"Down",0.969816009872225,0.992748633276057,"Up","Down","Up",FALSE
"GO:0006790",12,"Up",0.972757638260929,0.992776590077302,"Down","Up","Down",FALSE
"GO:0035025",22,"Down",0.973655771323773,0.992859221282739,"Down","Up","Down",FALSE
"GO:1902004",16,"Down",0.973358780563997,0.992859221282739,"Up","Down","Up",FALSE
"GO:0001569",27,"Up",0.977230074371619,0.994402580403574,"Down","Up","Down",FALSE
"GO:0006641",28,"Up",0.976296273218882,0.994402580403574,"Down","Up","Down",FALSE
"GO:0042472",40,"Up",0.9773120631563,0.994402580403574,"Down","Up","Down",FALSE
"GO:0045725",13,"Up",0.977624594479069,0.994402580403574,"Down","Up","Down",FALSE
"GO:0060071",28,"Down",0.976686771727291,0.994402580403574,"Down","Up","Down",FALSE
"GO:2001237",34,"Up",0.977170291796213,0.994402580403574,"Up","Down","Up",FALSE
"GO:0002053",19,"Up",0.981376476292593,0.994502581965457,"Down","Up","Up",FALSE
"GO:0007130",19,"Up",0.981149813342256,0.994502581965457,"Down","Up","Up",FALSE
"GO:0010508",62,"Up",0.980587794723442,0.994502581965457,"Up","Down","Up",FALSE
"GO:0014009",14,"Up",0.98140625166797,0.994502581965457,"Down","Down","Up",FALSE
"GO:0033555",10,"Up",0.978443226444446,0.994502581965457,"Up","Up","Down",FALSE
"GO:0035116",26,"Up",0.980815819116793,0.994502581965457,"Down","Up","Down",FALSE
"GO:0035860",11,"Down",0.979986684133065,0.994502581965457,"Down","Up","Down",FALSE
"GO:0050995",12,"Up",0.981129891031334,0.994502581965457,"Down","Up","Down",FALSE
"GO:1904036",13,"Down",0.980599500156498,0.994502581965457,"Down","Down","Up",FALSE
"GO:0016079",18,"Down",0.982066133749256,0.994756442272068,"Up","Down","Down",FALSE
"GO:0010831",10,"Down",0.982966574207232,0.994839140076457,"Down","Up","Down",FALSE
"GO:0036159",11,"Down",0.982932388565725,0.994839140076457,"Down","Up","Up",FALSE
"GO:0043616",21,"Up",0.983927918371445,0.99539751941824,"Down","Up","Down",FALSE
"GO:0002062",47,"Down",0.984579819272336,0.995541974011938,"Down","Up","Down",FALSE
"GO:0010801",13,"Up",0.985174336412585,0.995541974011938,"Up","Down","Up",FALSE
"GO:0099558",11,"Down",0.985299772633214,0.995541974011938,"Down","Up","Down",FALSE
"GO:0090136",11,"Up",0.985781435822822,0.995614667102851,"Down","Up","Up",FALSE
"GO:0033627",36,"Down",0.986610965145219,0.996038489947188,"Down","Up","Up",FALSE
"GO:0003407",15,"Down",0.987739202891705,0.996763398266961,"Up","Down","Down",FALSE
"GO:0051259",21,"Down",0.988193050557263,0.996807435804961,"Up","Down","Down",FALSE
"GO:0060272",11,"Down",0.989559860350104,0.997771975373757,"Down","Up","Down",FALSE
"GO:0001709",14,"Up",0.990856674769233,0.998623177427845,"Down","Up","Down",FALSE
"GO:0006814",57,"Up",0.991329697309231,0.998623177427845,"Down","Up","Down",FALSE
"GO:0031076",10,"Down",0.992047880786345,0.998623177427845,"Down","Down","Up",FALSE
"GO:1903232",14,"Up",0.991722269597276,0.998623177427845,"Up","Down","Up",FALSE
"GO:0006884",20,"Down",0.993421014885516,0.998845016675264,"Down","Up","Down",FALSE
"GO:0009755",30,"Up",0.993015892222641,0.998845016675264,"Down","Up","Down",FALSE
"GO:0010595",55,"Up",0.995933256610632,0.998845016675264,"Up","Down","Up",FALSE
"GO:0010718",44,"Up",0.996565184442105,0.998845016675264,"Up","Down","Up",FALSE
"GO:0031507",46,"Down",0.994540543690682,0.998845016675264,"Down","Down","Up",FALSE
"GO:0031629",10,"Up",0.996789780015438,0.998845016675264,"Down","Up","Up",FALSE
"GO:0042770",15,"Up",0.996466156626326,0.998845016675264,"Up","Down","Up",FALSE
"GO:0045599",45,"Up",0.996637275546905,0.998845016675264,"Up","Up","Down",FALSE
"GO:0045648",22,"Down",0.99611500735242,0.998845016675264,"Up","Down","Up",FALSE
"GO:0045732",69,"Up",0.99564588637303,0.998845016675264,"Up","Down","Up",FALSE
"GO:1900272",12,"Up",0.993697279814996,0.998845016675264,"Down","Up","Up",FALSE
"GO:0048469",28,"Down",0.997288347755616,0.998932681387529,"Down","Up","Down",FALSE
"GO:0030097",49,"Down",0.998272563431251,0.999133327675997,"Down","Down","Up",FALSE
"GO:0046579",14,"Up",0.998310995719062,0.999133327675997,"Up","Up","Down",FALSE
"GO:0022407",12,"Down",0.999635150170966,0.999635150170966,"Down","Up","Up",FALSE
"GO:0043129",14,"Down",0.999420082237883,0.999635150170966,"Down","Up","Down",FALSE
