"feature_id","entrez_id","mapping_status"
"2315554","254173;406983;406984;554210","ambiguous_multiple_entrez"
"2315633","126792","unique_entrez_id"
"2315674","101928895;6339","ambiguous_multiple_entrez"
"2315739","126789","unique_entrez_id"
"2315894","64856","unique_entrez_id"
"2315918","219293;55210;83858","ambiguous_multiple_entrez"
"2315951","219293;55210;83858","ambiguous_multiple_entrez"
"2316218","163688","unique_entrez_id"
"2316245","5590","unique_entrez_id"
"2316379","6497","unique_entrez_id"
"2316558","11079","unique_entrez_id"
"2316605","9651","unique_entrez_id"
"2316746","127281","unique_entrez_id"
"2316905","140625","unique_entrez_id"
"2316953","63976","unique_entrez_id"
"2317246","27237","unique_entrez_id"
"2317317","7161","unique_entrez_id"
"2317434","127262","unique_entrez_id"
"2317472","148870","unique_entrez_id"
"2317512","1677","unique_entrez_id"
"2317686","102724429;105376680;105376682;55966","ambiguous_multiple_entrez"
"2318086","8514","unique_entrez_id"
"2318157","388591","unique_entrez_id"
"2318170","388591","unique_entrez_id"
"2318212","148645","unique_entrez_id"
"2318242","","unmapped_entrez"
"2318257","284729;83715","ambiguous_multiple_entrez"
"2318338","80835","unique_entrez_id"
"2318364","3104","unique_entrez_id"
"2318398","148479","unique_entrez_id"
"2318416","90326","unique_entrez_id"
"2318455","23261","unique_entrez_id"
"2318637","9341","unique_entrez_id"
"2318656","8863","unique_entrez_id"
"2318736","11315","unique_entrez_id"
"2318743","","unmapped_entrez"
"2318744","","unmapped_entrez"
"2318746","","unmapped_entrez"
"2318747","","unmapped_entrez"
"2318751","","unmapped_entrez"
"2318754","","unmapped_entrez"
"2318755","","unmapped_entrez"
"2318759","","unmapped_entrez"
"2318761","","unmapped_entrez"
"2318763","","unmapped_entrez"
"2318765","","unmapped_entrez"
"2318767","","unmapped_entrez"
"2318769","","unmapped_entrez"
"2318771","","unmapped_entrez"
"2318773","","unmapped_entrez"
"2318775","","unmapped_entrez"
"2318777","","unmapped_entrez"
"2318779","","unmapped_entrez"
"2318781","","unmapped_entrez"
"2318783","","unmapped_entrez"
"2318785","","unmapped_entrez"
"2318787","","unmapped_entrez"
"2318789","","unmapped_entrez"
"2318791","","unmapped_entrez"
"2318793","","unmapped_entrez"
"2318795","","unmapped_entrez"
"2318797","","unmapped_entrez"
"2318799","","unmapped_entrez"
"2318801","","unmapped_entrez"
"2318803","","unmapped_entrez"
"2318805","","unmapped_entrez"
"2318807","","unmapped_entrez"
"2318809","","unmapped_entrez"
"2318811","","unmapped_entrez"
"2318813","","unmapped_entrez"
"2318815","","unmapped_entrez"
"2318817","","unmapped_entrez"
"2318819","","unmapped_entrez"
"2318821","","unmapped_entrez"
"2318823","","unmapped_entrez"
"2318825","","unmapped_entrez"
"2318827","","unmapped_entrez"
"2318829","","unmapped_entrez"
"2318831","","unmapped_entrez"
"2318833","","unmapped_entrez"
"2318835","","unmapped_entrez"
"2318837","","unmapped_entrez"
"2318839","","unmapped_entrez"
"2318841","","unmapped_entrez"
"2318843","","unmapped_entrez"
"2318845","","unmapped_entrez"
"2318847","","unmapped_entrez"
"2318849","","unmapped_entrez"
"2318851","","unmapped_entrez"
"2318853","","unmapped_entrez"
"2318855","","unmapped_entrez"
"2318857","","unmapped_entrez"
"2318859","","unmapped_entrez"
"2318861","","unmapped_entrez"
"2318863","","unmapped_entrez"
"2318865","","unmapped_entrez"
"2318867","","unmapped_entrez"
"2318869","","unmapped_entrez"
"2319135","765","unique_entrez_id"
"2319225","9563","unique_entrez_id"
"2319252","80176","unique_entrez_id"
"2319340","642740;84275","ambiguous_multiple_entrez"
"2319423","5293","unique_entrez_id"
"2319518","64802","unique_entrez_id"
"2319550","116362","unique_entrez_id"
"2319560","10277","unique_entrez_id"
"2319661","23095","unique_entrez_id"
"2319802","5226","unique_entrez_id"
"2319832","100526739;1325;378708","ambiguous_multiple_entrez"
"2319881","5195","unique_entrez_id"
"2320048","23435;643387","ambiguous_multiple_entrez"
"2320051","","unmapped_entrez"
"2320052","","unmapped_entrez"
"2320058","","unmapped_entrez"
"2320059","","unmapped_entrez"
"2320060","","unmapped_entrez"
"2320062","","unmapped_entrez"
"2320063","","unmapped_entrez"
"2320064","","unmapped_entrez"
"2320065","","unmapped_entrez"
"2320066","","unmapped_entrez"
"2320067","","unmapped_entrez"
"2320068","","unmapped_entrez"
"2320069","","unmapped_entrez"
"2320070","","unmapped_entrez"
"2320071","","unmapped_entrez"
"2320075","","unmapped_entrez"
"2320077","","unmapped_entrez"
"2320078","","unmapped_entrez"
"2320088","","unmapped_entrez"
"2320090","","unmapped_entrez"
"2320092","","unmapped_entrez"
"2320094","","unmapped_entrez"
"2320096","","unmapped_entrez"
"2320098","","unmapped_entrez"
"2320100","","unmapped_entrez"
"2320102","","unmapped_entrez"
"2320104","","unmapped_entrez"
"2320106","","unmapped_entrez"
"2320108","","unmapped_entrez"
"2320110","","unmapped_entrez"
"2320112","","unmapped_entrez"
"2320114","","unmapped_entrez"
"2320116","","unmapped_entrez"
"2320118","","unmapped_entrez"
"2320120","","unmapped_entrez"
"2320122","","unmapped_entrez"
"2320124","","unmapped_entrez"
"2320126","","unmapped_entrez"
"2320128","","unmapped_entrez"
"2320130","","unmapped_entrez"
"2320132","","unmapped_entrez"
"2320134","","unmapped_entrez"
"2320136","","unmapped_entrez"
"2320138","","unmapped_entrez"
"2320140","","unmapped_entrez"
"2320142","","unmapped_entrez"
"2320144","","unmapped_entrez"
"2320146","","unmapped_entrez"
"2320148","","unmapped_entrez"
"2320150","","unmapped_entrez"
"2320188","10218","unique_entrez_id"
"2320210","29914","unique_entrez_id"
"2320347","93611","unique_entrez_id"
"2320374","26270","unique_entrez_id"
"2320392","374946","unique_entrez_id"
"2320411","57085","unique_entrez_id"
"2320472","100379251;1185","ambiguous_multiple_entrez"
"2320581","5351","unique_entrez_id"
"2320619","9927","unique_entrez_id"
"2320657","102466982;60672","ambiguous_multiple_entrez"
"2320683","943","unique_entrez_id"
"2320727","7133","unique_entrez_id"
"2320762","55187","unique_entrez_id"
"2321011","93190","unique_entrez_id"
"2321040","400736;65121;729528","ambiguous_multiple_entrez"
"2321058","65121;65122;729528","ambiguous_multiple_entrez"
"2321182","10630","unique_entrez_id"
"2321238","23254;7799","ambiguous_multiple_entrez"
"2321466","23254","unique_entrez_id"
"2321607","23254","unique_entrez_id"
"2321645","55092","unique_entrez_id"
"2321779","79180","unique_entrez_id"
"2321797","11330","unique_entrez_id"
"2321813","51032;63036","ambiguous_multiple_entrez"
"2321828","51032","unique_entrez_id"
"2321849","23341","unique_entrez_id"
"2321911","84301","unique_entrez_id"
"2321942","6248;84301","ambiguous_multiple_entrez"
"2321960","23207","unique_entrez_id"
"2322004","284723","unique_entrez_id"
"2322036","54751","unique_entrez_id"
"2322103","23013","unique_entrez_id"
"2322211","149563","unique_entrez_id"
"2322226","1187;1188","ambiguous_multiple_entrez"
"2322264","1187;1188","ambiguous_multiple_entrez"
"2322362","26099","unique_entrez_id"
"2322389","55707","unique_entrez_id"
"2322598","114819;26863;26869;26870;26871;2946;6060;84809;9696","ambiguous_multiple_entrez"
"2322786","29943","unique_entrez_id"
"2322818","51702","unique_entrez_id"
"2322848","23569","unique_entrez_id"
"2322894","353238","unique_entrez_id"
"2322957","55160","unique_entrez_id"
"2323087","81569","unique_entrez_id"
"2323172","84966","unique_entrez_id"
"2323285","127707","unique_entrez_id"
"2323347","5081","unique_entrez_id"
"2323559","51154","unique_entrez_id"
"2323603","54896","unique_entrez_id"
"2323743","644068","unique_entrez_id"
"2323774","100532736;105376819;440574;4681","ambiguous_multiple_entrez"
"2323790","3362","unique_entrez_id"
"2323847","5322","unique_entrez_id"
"2323882","64600","unique_entrez_id"
"2323899","105376825;127733","ambiguous_multiple_entrez"
"2323951","127731","unique_entrez_id"
"2324061","163933","unique_entrez_id"
"2324084","978","unique_entrez_id"
"2324097","102464833;65018","ambiguous_multiple_entrez"
"2324341","55672;84224","ambiguous_multiple_entrez"
"2324416","249","unique_entrez_id"
"2324571","10136;23436","ambiguous_multiple_entrez"
"2324594","10136;23436","ambiguous_multiple_entrez"
"2324616","29092","unique_entrez_id"
"2324634","100128627;998","ambiguous_multiple_entrez"
"2324743","9923","unique_entrez_id"
"2324820","2046","unique_entrez_id"
"2324856","712","unique_entrez_id"
"2324873","714","unique_entrez_id"
"2324884","713","unique_entrez_id"
"2324919","2048;85025","ambiguous_multiple_entrez"
"2325002","23028","unique_entrez_id"
"2325113","148898","unique_entrez_id"
"2325158","259283","unique_entrez_id"
"2325192","6135","unique_entrez_id"
"2325197","","unmapped_entrez"
"2325198","","unmapped_entrez"
"2325200","","unmapped_entrez"
"2325201","","unmapped_entrez"
"2325203","","unmapped_entrez"
"2325205","","unmapped_entrez"
"2325206","","unmapped_entrez"
"2325210","","unmapped_entrez"
"2325212","","unmapped_entrez"
"2325214","","unmapped_entrez"
"2325216","","unmapped_entrez"
"2325218","","unmapped_entrez"
"2325220","","unmapped_entrez"
"2325222","","unmapped_entrez"
"2325224","","unmapped_entrez"
"2325251","6924","unique_entrez_id"
"2325274","57095","unique_entrez_id"
"2325290","11313;388499","ambiguous_multiple_entrez"
"2325358","57822","unique_entrez_id"
"2325410","57185","unique_entrez_id"
"2325479","11123","unique_entrez_id"
"2325526","10250","unique_entrez_id"
"2325593","105376876;25932","ambiguous_multiple_entrez"
"2325877","6006;6007","ambiguous_multiple_entrez"
"2326018","26119","unique_entrez_id"
"2326049","57134","unique_entrez_id"
"2326126","57190","unique_entrez_id"
"2326157","56181","unique_entrez_id"
"2326237","2134","unique_entrez_id"
"2326286","149420","unique_entrez_id"
"2326295","79927","unique_entrez_id"
"2326311","51042","unique_entrez_id"
"2326327","10256","unique_entrez_id"
"2326410","64793","unique_entrez_id"
"2326448","83442","unique_entrez_id"
"2326463","1043","unique_entrez_id"
"2326485","79727","unique_entrez_id"
"2326496","79947","unique_entrez_id"
"2326531","3151;57570","ambiguous_multiple_entrez"
"2326561","6195","unique_entrez_id"
"2326640","8289","unique_entrez_id"
"2326707","55650","unique_entrez_id"
"2326749","84243","unique_entrez_id"
"2326774","2810","unique_entrez_id"
"2326799","10726","unique_entrez_id"
"2326846","388610","unique_entrez_id"
"2326912","23038","unique_entrez_id"
"2326954","644961;84065","ambiguous_multiple_entrez"
"2326993","84958","unique_entrez_id"
"2327045","2827","unique_entrez_id"
"2327188","199870","unique_entrez_id"
"2327219","23673","unique_entrez_id"
"2327259","5511;677774","ambiguous_multiple_entrez"
"2327283","9473","unique_entrez_id"
"2327310","27293","unique_entrez_id"
"2327338","55113","unique_entrez_id"
"2327375","93974","unique_entrez_id"
"2327391","83667","unique_entrez_id"
"2327418","54797","unique_entrez_id"
"2327482","1104;26768;6080;8420","ambiguous_multiple_entrez"
"2327542","54952","unique_entrez_id"
"2327572","115273","unique_entrez_id"
"2327603","10691","unique_entrez_id"
"2327630","51441","unique_entrez_id"
"2327659","4985","unique_entrez_id"
"2327677","2035","unique_entrez_id"
"2327817","10076","unique_entrez_id"
"2328236","51538","unique_entrez_id"
"2328273","347735","unique_entrez_id"
"2328320","149086;64129","ambiguous_multiple_entrez"
"2328387","3061","unique_entrez_id"
"2328465","10657","unique_entrez_id"
"2328475","","unmapped_entrez"
"2328476","","unmapped_entrez"
"2328477","","unmapped_entrez"
"2328484","","unmapped_entrez"
"2328486","","unmapped_entrez"
"2328487","","unmapped_entrez"
"2328488","","unmapped_entrez"
"2328489","","unmapped_entrez"
"2328492","","unmapped_entrez"
"2328494","","unmapped_entrez"
"2328496","","unmapped_entrez"
"2328499","","unmapped_entrez"
"2328500","","unmapped_entrez"
"2328501","","unmapped_entrez"
"2328502","","unmapped_entrez"
"2328503","","unmapped_entrez"
"2328504","","unmapped_entrez"
"2328511","","unmapped_entrez"
"2328513","","unmapped_entrez"
"2328515","","unmapped_entrez"
"2328517","","unmapped_entrez"
"2328519","","unmapped_entrez"
"2328521","","unmapped_entrez"
"2328523","","unmapped_entrez"
"2328525","","unmapped_entrez"
"2328527","","unmapped_entrez"
"2328529","","unmapped_entrez"
"2328531","","unmapped_entrez"
"2328533","","unmapped_entrez"
"2328535","","unmapped_entrez"
"2328537","","unmapped_entrez"
"2328539","","unmapped_entrez"
"2328541","","unmapped_entrez"
"2328543","","unmapped_entrez"
"2328545","","unmapped_entrez"
"2328547","","unmapped_entrez"
"2328549","","unmapped_entrez"
"2328551","","unmapped_entrez"
"2328553","","unmapped_entrez"
"2328555","","unmapped_entrez"
"2328557","","unmapped_entrez"
"2328559","","unmapped_entrez"
"2328561","","unmapped_entrez"
"2328563","","unmapped_entrez"
"2328565","","unmapped_entrez"
"2328567","","unmapped_entrez"
"2328569","","unmapped_entrez"
"2328571","","unmapped_entrez"
"2328573","","unmapped_entrez"
"2328575","","unmapped_entrez"
"2328577","","unmapped_entrez"
"2328579","","unmapped_entrez"
"2328581","","unmapped_entrez"
"2328583","","unmapped_entrez"
"2328585","","unmapped_entrez"
"2328587","","unmapped_entrez"
"2328589","","unmapped_entrez"
"2328591","","unmapped_entrez"
"2328593","","unmapped_entrez"
"2328595","","unmapped_entrez"
"2328597","","unmapped_entrez"
"2328599","","unmapped_entrez"
"2328601","","unmapped_entrez"
"2328603","","unmapped_entrez"
"2328605","","unmapped_entrez"
"2328607","","unmapped_entrez"
"2328609","","unmapped_entrez"
"2328611","","unmapped_entrez"
"2328613","","unmapped_entrez"
"2328615","","unmapped_entrez"
"2328617","","unmapped_entrez"
"2328619","","unmapped_entrez"
"2328621","","unmapped_entrez"
"2328623","","unmapped_entrez"
"2328633","55116","unique_entrez_id"
"2328674","23633","unique_entrez_id"
"2328713","200081","unique_entrez_id"
"2328750","79140","unique_entrez_id"
"2328767","55721","unique_entrez_id"
"2328808","8668","unique_entrez_id"
"2328837","84734","unique_entrez_id"
"2328841","3932","unique_entrez_id"
"2328868","3065","unique_entrez_id"
"2328909","81629","unique_entrez_id"
"2328936","653121;728116","ambiguous_multiple_entrez"
"2328990","5928","unique_entrez_id"
"2329041","57648","unique_entrez_id"
"2329077","64766","unique_entrez_id"
"2329131","3208","unique_entrez_id"
"2329196","113451","unique_entrez_id"
"2329266","149076","unique_entrez_id"
"2329341","7579","unique_entrez_id"
"2329386","127540","unique_entrez_id"
"2329481","84970","unique_entrez_id"
"2329669","79830","unique_entrez_id"
"2329752","9202","unique_entrez_id"
"2329887","23154","unique_entrez_id"
"2329920","339488","unique_entrez_id"
"2330002","192670","unique_entrez_id"
"2330075","192669;26523","ambiguous_multiple_entrez"
"2330133","192669","unique_entrez_id"
"2330234","27285","unique_entrez_id"
"2330253","54936","unique_entrez_id"
"2330289","55700","unique_entrez_id"
"2330334","9967","unique_entrez_id"
"2330393","79729","unique_entrez_id"
"2330687","102465438;80149","ambiguous_multiple_entrez"
"2330723","7802","unique_entrez_id"
"2330773","55143","unique_entrez_id"
"2330843","149175","unique_entrez_id"
"2330899","51118","unique_entrez_id"
"2331158","79647","unique_entrez_id"
"2331178","4725","unique_entrez_id"
"2331213","23499","unique_entrez_id"
"2331505","23499","unique_entrez_id"
"2331511","353500;64064;656","ambiguous_multiple_entrez"
"2331558","353500","unique_entrez_id"
"2331602","10450;55246;728448","ambiguous_multiple_entrez"
"2331679","84879","unique_entrez_id"
"2331727","10487","unique_entrez_id"
"2331771","6018","unique_entrez_id"
"2331822","10269","unique_entrez_id"
"2331857","64744","unique_entrez_id"
"2331903","65243","unique_entrez_id"
"2331937","339559","unique_entrez_id"
"2331959","64789","unique_entrez_id"
"2331974","127396","unique_entrez_id"
"2332013","407031;407034;4802","ambiguous_multiple_entrez"
"2332091","9132","unique_entrez_id"
"2332144","1503","unique_entrez_id"
"2332481","2981","unique_entrez_id"
"2332528","284716","unique_entrez_id"
"2332566","79717","unique_entrez_id"
"2332583","728621","unique_entrez_id"
"2332711","10465","unique_entrez_id"
"2332767","100129924;79078","ambiguous_multiple_entrez"
"2332812","114625","unique_entrez_id"
"2332855","51058","unique_entrez_id"
"2332999","149465","unique_entrez_id"
"2333035","128218","unique_entrez_id"
"2333051","7075","unique_entrez_id"
"2333107","4352","unique_entrez_id"
"2333136","991","unique_entrez_id"
"2333168","23334","unique_entrez_id"
"2333195","23334","unique_entrez_id"
"2333318","5792","unique_entrez_id"
"2333429","9682","unique_entrez_id"
"2333481","102464830;6487","ambiguous_multiple_entrez"
"2333574","9048","unique_entrez_id"
"2333599","9670","unique_entrez_id"
"2333635","1802","unique_entrez_id"
"2333658","533","unique_entrez_id"
"2333663","","unmapped_entrez"
"2333667","","unmapped_entrez"
"2333669","","unmapped_entrez"
"2333670","","unmapped_entrez"
"2333671","","unmapped_entrez"
"2333672","","unmapped_entrez"
"2333673","","unmapped_entrez"
"2333675","","unmapped_entrez"
"2333676","","unmapped_entrez"
"2333677","","unmapped_entrez"
"2333678","8704","unique_entrez_id"
"2333707","149473","unique_entrez_id"
"2333777","128209","unique_entrez_id"
"2333794","55929","unique_entrez_id"
"2333907","55182","unique_entrez_id"
"2334052","339541","unique_entrez_id"
"2334098","11004","unique_entrez_id"
"2334191","1263","unique_entrez_id"
"2334279","7389","unique_entrez_id"
"2334314","84842","unique_entrez_id"
"2334319","114034","unique_entrez_id"
"2334350","25974","unique_entrez_id"
"2334374","10327","unique_entrez_id"
"2334404","4678","unique_entrez_id"
"2334459","51249","unique_entrez_id"
"2334476","23139","unique_entrez_id"
"2334602","10103","unique_entrez_id"
"2334629","541468","unique_entrez_id"
"2334646","8438","unique_entrez_id"
"2334706","387338","unique_entrez_id"
"2334740","2166","unique_entrez_id"
"2334847","127343","unique_entrez_id"
"2334932","1580","unique_entrez_id"
"2334986","260293","unique_entrez_id"
"2335014","163720;199974","ambiguous_multiple_entrez"
"2335048","1579;284541","ambiguous_multiple_entrez"
"2335132","51727","unique_entrez_id"
"2335160","2301","unique_entrez_id"
"2335172","2306","unique_entrez_id"
"2335671","1996","unique_entrez_id"
"2335922","1031","unique_entrez_id"
"2335986","26994","unique_entrez_id"
"2336099","114883","unique_entrez_id"
"2336271","91408","unique_entrez_id"
"2336302","9372","unique_entrez_id"
"2336375","100420258","unique_entrez_id"
"2336383","84950","unique_entrez_id"
"2336439","2882","unique_entrez_id"
"2336456","348378","unique_entrez_id"
"2336497","79699","unique_entrez_id"
"2336539","440590","unique_entrez_id"
"2336585","6342","unique_entrez_id"
"2336650","127435","unique_entrez_id"
"2336706","105378724;1376","ambiguous_multiple_entrez"
"2336809","63948","unique_entrez_id"
"2336891","1733","unique_entrez_id"
"2336913","115353","unique_entrez_id"
"2336963","127428","unique_entrez_id"
"2337003","51253","unique_entrez_id"
"2337147","26027","unique_entrez_id"
"2337217","100527960;374977","ambiguous_multiple_entrez"
"2337285","100527960;7268","ambiguous_multiple_entrez"
"2337327","163747","unique_entrez_id"
"2337369","199964","unique_entrez_id"
"2337392","7809","unique_entrez_id"
"2337407","255738","unique_entrez_id"
"2337524","","unmapped_entrez"
"2337716","5563","unique_entrez_id"
"2337786","731","unique_entrez_id"
"2338487","55277","unique_entrez_id"
"2338625","51361","unique_entrez_id"
"2338719","4774","unique_entrez_id"
"2339109","414927","unique_entrez_id"
"2339139","10207","unique_entrez_id"
"2339328","106478910","unique_entrez_id"
"2339334","54596","unique_entrez_id"
"2339414","105378768;7398","ambiguous_multiple_entrez"
"2339454","27329","unique_entrez_id"
"2339511","84938","unique_entrez_id"
"2339658","27022","unique_entrez_id"
"2339682","29929","unique_entrez_id"
"2339740","102724319;79469;84455;8847","ambiguous_multiple_entrez"
"2339786","5236","unique_entrez_id"
"2339872","4919","unique_entrez_id"
"2339997","148581","unique_entrez_id"
"2340078","57685","unique_entrez_id"
"2340186","55225","unique_entrez_id"
"2340315","205","unique_entrez_id"
"2340350","9829","unique_entrez_id"
"2340423","","unmapped_entrez"
"2340433","3953;54741","ambiguous_multiple_entrez"
"2340529","5142","unique_entrez_id"
"2340695","84251","unique_entrez_id"
"2340819","200132","unique_entrez_id"
"2340845","57708","unique_entrez_id"
"2340930","149233","unique_entrez_id"
"2340961","3595","unique_entrez_id"
"2341083","1647","unique_entrez_id"
"2341387","105378789;57554","ambiguous_multiple_entrez"
"2341535","5301","unique_entrez_id"
"2341565","9295","unique_entrez_id"
"2341645","11147","unique_entrez_id"
"2341663","1491","unique_entrez_id"
"2342176","100526835;8790","ambiguous_multiple_entrez"
"2342220","100526835;51086;8790","ambiguous_multiple_entrez"
"2342391","127253","unique_entrez_id"
"2342475","431707","unique_entrez_id"
"2342576","34","unique_entrez_id"
"2342624","26804;26805;5876;692085","ambiguous_multiple_entrez"
"2342665","4438;5876","ambiguous_multiple_entrez"
"2342738","256435","unique_entrez_id"
"2342904","81849","unique_entrez_id"
"2343025","26289","unique_entrez_id"
"2343170","374986;84081","ambiguous_multiple_entrez"
"2343231","91624","unique_entrez_id"
"2343289","11080","unique_entrez_id"
"2343334","54810","unique_entrez_id"
"2343418","5737","unique_entrez_id"
"2343473","10964","unique_entrez_id"
"2343511","10561","unique_entrez_id"
"2343823","23266","unique_entrez_id"
"2344393","5567","unique_entrez_id"
"2344450","100128775;4738","ambiguous_multiple_entrez"
"2344511","58511","unique_entrez_id"
"2344542","80135","unique_entrez_id"
"2344577","100505741","unique_entrez_id"
"2344731","100616481;126820","ambiguous_multiple_entrez"
"2344888","3491","unique_entrez_id"
"2344984","9635","unique_entrez_id"
"2345023","1179","unique_entrez_id"
"2345061","22802","unique_entrez_id"
"2345095","9629","unique_entrez_id"
"2345128","51100","unique_entrez_id"
"2345196","9653","unique_entrez_id"
"2345239","339524","unique_entrez_id"
"2345286","101927844;8543","ambiguous_multiple_entrez"
"2345617","5586","unique_entrez_id"
"2345816","163351","unique_entrez_id"
"2345880","23507","unique_entrez_id"
"2345929","84230","unique_entrez_id"
"2346023","55144","unique_entrez_id"
"2346074","284695","unique_entrez_id"
"2346399","8317","unique_entrez_id"
"2346575","676","unique_entrez_id"
"2346625","253152","unique_entrez_id"
"2346657","284697","unique_entrez_id"
"2346738","79871","unique_entrez_id"
"2346863","26782;6083;6125","ambiguous_multiple_entrez"
"2346934","22823","unique_entrez_id"
"2347023","343099","unique_entrez_id"
"2347096","1810","unique_entrez_id"
"2347132","54874","unique_entrez_id"
"2347502","5825","unique_entrez_id"
"2347625","126969","unique_entrez_id"
"2347732","100527978;148534","ambiguous_multiple_entrez"
"2347788","100527978;25950","ambiguous_multiple_entrez"
"2348060","58155","unique_entrez_id"
"2348437","51375","unique_entrez_id"
"2348514","9890","unique_entrez_id"
"2348569","54873","unique_entrez_id"
"2348634","178","unique_entrez_id"
"2348702","23443","unique_entrez_id"
"2348757","64645","unique_entrez_id"
"2348792","54482","unique_entrez_id"
"2348854","8634","unique_entrez_id"
"2348896","8556","unique_entrez_id"
"2348962","54112","unique_entrez_id"
"2348992","7412","unique_entrez_id"
"2349043","148867","unique_entrez_id"
"2349086","","unmapped_entrez"
"2349129","1901","unique_entrez_id"
"2349211","94236","unique_entrez_id"
"2349345","280;55599","ambiguous_multiple_entrez"
"2349402","276;277;278;279;280;648740","ambiguous_multiple_entrez"
"2349848","55170","unique_entrez_id"
"2349863","22854","unique_entrez_id"
"2350287","55119","unique_entrez_id"
"2350316","163479","unique_entrez_id"
"2350339","6814","unique_entrez_id"
"2350391","642864","unique_entrez_id"
"2350489","57535","unique_entrez_id"
"2350551","6301","unique_entrez_id"
"2350596","1952","unique_entrez_id"
"2350714","284612","unique_entrez_id"
"2350741","127002","unique_entrez_id"
"2350787","284613","unique_entrez_id"
"2350818","83873","unique_entrez_id"
"2350840","2773","unique_entrez_id"
"2350880","271","unique_entrez_id"
"2350922","2944;2946;2948;2949","ambiguous_multiple_entrez"
"2350952","100859922;2944;2946","ambiguous_multiple_entrez"
"2350981","2944;2946;2948;2949","ambiguous_multiple_entrez"
"2351004","2949","unique_entrez_id"
"2351063","1435","unique_entrez_id"
"2351121","10768","unique_entrez_id"
"2351171","85369","unique_entrez_id"
"2351233","164153","unique_entrez_id"
"2351294","3749","unique_entrez_id"
"2351393","64783","unique_entrez_id"
"2351465","84432","unique_entrez_id"
"2351572","963","unique_entrez_id"
"2351632","10390","unique_entrez_id"
"2351687","1117;79961","ambiguous_multiple_entrez"
"2351763","149620;27159","ambiguous_multiple_entrez"
"2351787","128344","unique_entrez_id"
"2351817","515","unique_entrez_id"
"2351854","128346","unique_entrez_id"
"2351872","5906","unique_entrez_id"
"2351940","11218","unique_entrez_id"
"2352106","55917","unique_entrez_id"
"2352169","7482","unique_entrez_id"
"2352228","829","unique_entrez_id"
"2352275","4343","unique_entrez_id"
"2352338","284467","unique_entrez_id"
"2352501","9860","unique_entrez_id"
"2352609","220988;260425","ambiguous_multiple_entrez"
"2352743","64858","unique_entrez_id"
"2352758","204851","unique_entrez_id"
"2352804","56944","unique_entrez_id"
"2353021","6847","unique_entrez_id"
"2353067","7252","unique_entrez_id"
"2353237","81839","unique_entrez_id"
"2353283","81839","unique_entrez_id"
"2353337","55356","unique_entrez_id"
"2353396","126868","unique_entrez_id"
"2353477","476","unique_entrez_id"
"2353669","914","unique_entrez_id"
"2353717","5738","unique_entrez_id"
"2353749","9398","unique_entrez_id"
"2353773","8458","unique_entrez_id"
"2353881","10905","unique_entrez_id"
"2353988","54855","unique_entrez_id"
"2354082","10885","unique_entrez_id"
"2354365","51179","unique_entrez_id"
"2354433","128102;3283;3284","ambiguous_multiple_entrez"
"2354553","3283","unique_entrez_id"
"2354634","26227","unique_entrez_id"
"2355591","","unmapped_entrez"
"2355615","102724364;9554","ambiguous_multiple_entrez"
"2356100","148738","unique_entrez_id"
"2356115","10628","unique_entrez_id"
"2356142","128077","unique_entrez_id"
"2356181","9939","unique_entrez_id"
"2356205","8799","unique_entrez_id"
"2356218","8515","unique_entrez_id"
"2356273","148741","unique_entrez_id"
"2356300","102466191;10401","ambiguous_multiple_entrez"
"2356344","27246","unique_entrez_id"
"2356425","100034743;5174","ambiguous_multiple_entrez"
"2356658","","unmapped_entrez"
"2356721","9557","unique_entrez_id"
"2356818","607","unique_entrez_id"
"2357193","","unmapped_entrez"
"2357845","100132417;2209;2210","ambiguous_multiple_entrez"
"2357961","51027","unique_entrez_id"
"2357996","11311","unique_entrez_id"
"2358044","51177","unique_entrez_id"
"2358092","23632","unique_entrez_id"
"2358117","79630","unique_entrez_id"
"2358136","148523","unique_entrez_id"
"2358153","54460","unique_entrez_id"
"2358171","9129","unique_entrez_id"
"2358221","23248","unique_entrez_id"
"2358320","80222","unique_entrez_id"
"2358360","1893","unique_entrez_id"
"2358393","54507","unique_entrez_id"
"2358426","54507","unique_entrez_id"
"2358520","9869","unique_entrez_id"
"2358591","8416","unique_entrez_id"
"2358623","58497","unique_entrez_id"
"2358646","149428","unique_entrez_id"
"2358671","54964","unique_entrez_id"
"2358693","10962","unique_entrez_id"
"2358700","126626","unique_entrez_id"
"2358736","100534012;79626","ambiguous_multiple_entrez"
"2358743","100534012;79005","ambiguous_multiple_entrez"
"2358761","206426;266971;8394","ambiguous_multiple_entrez"
"2358821","266971;5710","ambiguous_multiple_entrez"
"2358855","57592","unique_entrez_id"
"2358906","5692","unique_entrez_id"
"2358949","57530","unique_entrez_id"
"2358993","7286","unique_entrez_id"
"2359036","81609","unique_entrez_id"
"2359113","51686","unique_entrez_id"
"2359282","254910","unique_entrez_id"
"2359302","54544","unique_entrez_id"
"2359322","353144","unique_entrez_id"
"2359329","353143","unique_entrez_id"
"2359352","353141","unique_entrez_id"
"2359360","26239","unique_entrez_id"
"2359377","353139","unique_entrez_id"
"2359386","199834","unique_entrez_id"
"2359431","353137","unique_entrez_id"
"2359433","353135","unique_entrez_id"
"2359439","353134","unique_entrez_id"
"2359444","353132","unique_entrez_id"
"2359453","4184","unique_entrez_id"
"2359470","3713","unique_entrez_id"
"2359483","163778","unique_entrez_id"
"2359492","6698","unique_entrez_id"
"2359504","6707","unique_entrez_id"
"2359521","6699","unique_entrez_id"
"2359646","4014","unique_entrez_id"
"2359664","6280","unique_entrez_id"
"2359691","338324","unique_entrez_id"
"2359736","26097","unique_entrez_id"
"2359764","23557","unique_entrez_id"
"2359780","4881","unique_entrez_id"
"2359817","65123","unique_entrez_id"
"2359885","11000","unique_entrez_id"
"2359993","148327","unique_entrez_id"
"2360083","9898","unique_entrez_id"
"2360158","10456","unique_entrez_id"
"2360186","89872","unique_entrez_id"
"2360206","57198","unique_entrez_id"
"2360257","3570","unique_entrez_id"
"2360310","126668","unique_entrez_id"
"2360346","1141","unique_entrez_id"
"2360468","55891;80308","ambiguous_multiple_entrez"
"2360498","55891","unique_entrez_id"
"2360506","51043","unique_entrez_id"
"2360541","149095","unique_entrez_id"
"2360576","8751","unique_entrez_id"
"2360633","1945","unique_entrez_id"
"2360647","1944","unique_entrez_id"
"2360677","1942","unique_entrez_id"
"2360700","55974","unique_entrez_id"
"2360728","80128","unique_entrez_id"
"2360773","4580","unique_entrez_id"
"2360818","57657","unique_entrez_id"
"2360850","2224","unique_entrez_id"
"2360887","23623","unique_entrez_id"
"2360939","5460;5462;642559;645682","ambiguous_multiple_entrez"
"2360989","100129405;55154","ambiguous_multiple_entrez"
"2361036","645676;7818","ambiguous_multiple_entrez"
"2361154","23208;55752","ambiguous_multiple_entrez"
"2361196","339403","unique_entrez_id"
"2361241","28956","unique_entrez_id"
"2361257","57111","unique_entrez_id"
"2361279","4000","unique_entrez_id"
"2361342","64218","unique_entrez_id"
"2361384","9673","unique_entrez_id"
"2361401","100527963;11243;632","ambiguous_multiple_entrez"
"2361447","84283","unique_entrez_id"
"2361472","128229","unique_entrez_id"
"2361488","57127","unique_entrez_id"
"2361584","128240","unique_entrez_id"
"2361612","60484","unique_entrez_id"
"2361635","63827","unique_entrez_id"
"2361697","51093","unique_entrez_id"
"2361731","5546","unique_entrez_id"
"2361761","4914","unique_entrez_id"
"2361839","149499","unique_entrez_id"
"2362089","55243","unique_entrez_id"
"2362157","912","unique_entrez_id"
"2362180","909","unique_entrez_id"
"2362201","911","unique_entrez_id"
"2362230","913","unique_entrez_id"
"2362270","391109","unique_entrez_id"
"2362276","343406","unique_entrez_id"
"2362282","128368;391110","ambiguous_multiple_entrez"
"2362323","128371","unique_entrez_id"
"2362333","4332","unique_entrez_id"
"2362351","149628","unique_entrez_id"
"2362394","3428","unique_entrez_id"
"2362469","57863","unique_entrez_id"
"2362511","2532","unique_entrez_id"
"2362537","2205","unique_entrez_id"
"2362591","26476","unique_entrez_id"
"2362651","325","unique_entrez_id"
"2362702","54935","unique_entrez_id"
"2362723","343413","unique_entrez_id"
"2362746","56833","unique_entrez_id"
"2362860","3765","unique_entrez_id"
"2362892","477","unique_entrez_id"
"2362950","480","unique_entrez_id"
"2362991","844","unique_entrez_id"
"2363042","8682","unique_entrez_id"
"2363074","474338","unique_entrez_id"
"2363084","23385","unique_entrez_id"
"2363128","4807","unique_entrez_id"
"2363202","57823","unique_entrez_id"
"2363248","4063","unique_entrez_id"
"2363372","126823","unique_entrez_id"
"2363389","4817","unique_entrez_id"
"2363424","51506","unique_entrez_id"
"2363444","27005","unique_entrez_id"
"2363484","5498","unique_entrez_id"
"2363525","4720","unique_entrez_id"
"2363562","2207","unique_entrez_id"
"2363579","84134","unique_entrez_id"
"2363618","6391","unique_entrez_id"
"2363679","","unmapped_entrez"
"2363689","105371473;2212;2213;9103","ambiguous_multiple_entrez"
"2363784","3310;3311","ambiguous_multiple_entrez"
"2363808","2212;2213;9103","ambiguous_multiple_entrez"
"2363852","84824","unique_entrez_id"
"2363876","127943","unique_entrez_id"
"2363902","11266","unique_entrez_id"
"2363919","22926","unique_entrez_id"
"2363992","100422526","unique_entrez_id"
"2364016","400793;9722","ambiguous_multiple_entrez"
"2364155","127933","unique_entrez_id"
"2364189","6675","unique_entrez_id"
"2364231","4921","unique_entrez_id"
"2364381","5999","unique_entrez_id"
"2364438","83540","unique_entrez_id"
"2364677","5087","unique_entrez_id"
"2365086","440699","unique_entrez_id"
"2365119","4259","unique_entrez_id"
"2365181","440700","unique_entrez_id"
"2365210","105371586;7371","ambiguous_multiple_entrez"
"2365391","116123","unique_entrez_id"
"2365496","57645","unique_entrez_id"
"2365597","105371600;84944","ambiguous_multiple_entrez"
"2365675","5451","unique_entrez_id"
"2365872","92241","unique_entrez_id"
"2365933","","unmapped_entrez"
"2365958","9019","unique_entrez_id"
"2366028","55827","unique_entrez_id"
"2366132","261726","unique_entrez_id"
"2366156","375035","unique_entrez_id"
"2366184","9095","unique_entrez_id"
"2366287","6375;6846","ambiguous_multiple_entrez"
"2366355","79100","unique_entrez_id"
"2366422","481","unique_entrez_id"
"2366490","8548","unique_entrez_id"
"2366581","55732","unique_entrez_id"
"2366753","92344","unique_entrez_id"
"2366798","105371610;5396","ambiguous_multiple_entrez"
"2366884","80133","unique_entrez_id"
"2366941","2328","unique_entrez_id"
"2367050","2326","unique_entrez_id"
"2367086","2329;7150;7151","ambiguous_multiple_entrez"
"2367154","23215","unique_entrez_id"
"2367287","51603","unique_entrez_id"
"2367326","100422882;26052","ambiguous_multiple_entrez"
"2367495","92346","unique_entrez_id"
"2367537","51430","unique_entrez_id"
"2367599","356","unique_entrez_id"
"2367743","9588","unique_entrez_id"
"2367793","27252","unique_entrez_id"
"2367843","55157","unique_entrez_id"
"2367892","84614","unique_entrez_id"
"2367963","9910","unique_entrez_id"
"2368180","9293","unique_entrez_id"
"2368198","27101","unique_entrez_id"
"2368492","101928751","unique_entrez_id"
"2368590","60676","unique_entrez_id"
"2368840","57795","unique_entrez_id"
"2369110","105371630;9462","ambiguous_multiple_entrez"
"2369252","84066","unique_entrez_id"
"2369325","400798","unique_entrez_id"
"2369339","55103","unique_entrez_id"
"2369463","9917","unique_entrez_id"
"2369484","64222","unique_entrez_id"
"2369557","6646","unique_entrez_id"
"2369609","126859","unique_entrez_id"
"2369680","163589","unique_entrez_id"
"2369713","148753","unique_entrez_id"
"2369796","26092","unique_entrez_id"
"2369843","9857","unique_entrez_id"
"2369950","5768","unique_entrez_id"
"2370019","","unmapped_entrez"
"2370032","89884","unique_entrez_id"
"2370123","9213","unique_entrez_id"
"2370317","3140","unique_entrez_id"
"2370355","51278","unique_entrez_id"
"2370433","777","unique_entrez_id"
"2370804","353299","unique_entrez_id"
"2370823","353299","unique_entrez_id"
"2370926","80896","unique_entrez_id"
"2370991","1660","unique_entrez_id"
"2371065","3915","unique_entrez_id"
"2371139","3918","unique_entrez_id"
"2371255","9887","unique_entrez_id"
"2371346","23179","unique_entrez_id"
"2371474","102724830;116461","ambiguous_multiple_entrez"
"2371547","81563","unique_entrez_id"
"2371694","6045","unique_entrez_id"
"2371738","54823","unique_entrez_id"
"2371873","83872","unique_entrez_id"
"2372103","10216","unique_entrez_id"
"2372141","54953","unique_entrez_id"
"2372169","","unmapped_entrez"
"2372211","5321","unique_entrez_id"
"2372719","64407","unique_entrez_id"
"2372781","5996","unique_entrez_id"
"2372812","6003","unique_entrez_id"
"2372858","5997","unique_entrez_id"
"2372924","6738","unique_entrez_id"
"2372967","79577","unique_entrez_id"
"2373336","3075;3078","ambiguous_multiple_entrez"
"2373406","10877;10878;3075;3078;3080","ambiguous_multiple_entrez"
"2373465","10877;10878","ambiguous_multiple_entrez"
"2373494","3078;3080","ambiguous_multiple_entrez"
"2373511","81494","unique_entrez_id"
"2373564","23418","unique_entrez_id"
"2373693","56956","unique_entrez_id"
"2373736","140609","unique_entrez_id"
"2373842","5788","unique_entrez_id"
"2374126","2494","unique_entrez_id"
"2374345","23271","unique_entrez_id"
"2374414","2848","unique_entrez_id"
"2374422","55765","unique_entrez_id"
"2374544","91156","unique_entrez_id"
"2374604","5317","unique_entrez_id"
"2374700","376693","unique_entrez_id"
"2374746","89796","unique_entrez_id"
"2374872","55705","unique_entrez_id"
"2374926","149345","unique_entrez_id"
"2374956","10440","unique_entrez_id"
"2374982","6051","unique_entrez_id"
"2375011","1999","unique_entrez_id"
"2375038","9283","unique_entrez_id"
"2375144","59352","unique_entrez_id"
"2375212","23770;4660","ambiguous_multiple_entrez"
"2375338","","unmapped_entrez"
"2375500","653659;92703","ambiguous_multiple_entrez"
"2375596","134","unique_entrez_id"
"2375664","7832","unique_entrez_id"
"2375706","493;677843","ambiguous_multiple_entrez"
"2375784","84719","unique_entrez_id"
"2375795","54900","unique_entrez_id"
"2375810","100381270;441155;9877","ambiguous_multiple_entrez"
"2375916","9580","unique_entrez_id"
"2376037","4194","unique_entrez_id"
"2376168","23114","unique_entrez_id"
"2376299","6900","unique_entrez_id"
"2376376","9911","unique_entrez_id"
"2376457","5129","unique_entrez_id"
"2376548","148808","unique_entrez_id"
"2376799","9641","unique_entrez_id"
"2376849","83593","unique_entrez_id"
"2376894","8444","unique_entrez_id"
"2376922","9261","unique_entrez_id"
"2376988","29949","unique_entrez_id"
"2377020","50604","unique_entrez_id"
"2377035","11009","unique_entrez_id"
"2377094","5208","unique_entrez_id"
"2377141","725","unique_entrez_id"
"2377165","722","unique_entrez_id"
"2377229","1604","unique_entrez_id"
"2377283","1380","unique_entrez_id"
"2377332","1378;1379","ambiguous_multiple_entrez"
"2377427","1379;4179","ambiguous_multiple_entrez"
"2378019","57172","unique_entrez_id"
"2378068","50486","unique_entrez_id"
"2378077","3290","unique_entrez_id"
"2378121","80342","unique_entrez_id"
"2378180","27042","unique_entrez_id"
"2378256","255928","unique_entrez_id"
"2378325","56256","unique_entrez_id"
"2378369","55733","unique_entrez_id"
"2378584","55758","unique_entrez_id"
"2378662","7188","unique_entrez_id"
"2378710","83891;84791","ambiguous_multiple_entrez"
"2378937","51514","unique_entrez_id"
"2379009","5525;692157","ambiguous_multiple_entrez"
"2379068","29937","unique_entrez_id"
"2379132","467","unique_entrez_id"
"2379168","149647","unique_entrez_id"
"2379280","28982","unique_entrez_id"
"2379314","79805","unique_entrez_id"
"2379399","26750","unique_entrez_id"
"2379665","5629","unique_entrez_id"
"2379754","56950","unique_entrez_id"
"2379863","1063","unique_entrez_id"
"2379974","3776","unique_entrez_id"
"2380055","51133","unique_entrez_id"
"2380440","128153","unique_entrez_id"
"2380554","51018","unique_entrez_id"
"2380590","103611157;7042","ambiguous_multiple_entrez"
"2380785","127018","unique_entrez_id"
"2380991","55699","unique_entrez_id"
"2381177","4139","unique_entrez_id"
"2381249","79762","unique_entrez_id"
"2381264","54996","unique_entrez_id"
"2381309","64757","unique_entrez_id"
"2381368","3142","unique_entrez_id"
"2381903","400823","unique_entrez_id"
"2382043","164127","unique_entrez_id"
"2382117","824","unique_entrez_id"
"2382336","23219","unique_entrez_id"
"2382360","8560","unique_entrez_id"
"2382419","29097","unique_entrez_id"
"2382467","149111","unique_entrez_id"
"2382781","127602;6726","ambiguous_multiple_entrez"
"2382898","","unmapped_entrez"
"2382970","2052","unique_entrez_id"
"2383118","83881","unique_entrez_id"
"2383176","375057","unique_entrez_id"
"2383312","5664","unique_entrez_id"
"2383356","56997","unique_entrez_id"
"2383479","503543","unique_entrez_id"
"2383524","339500","unique_entrez_id"
"2383550","339500","unique_entrez_id"
"2383557","116841;65094","ambiguous_multiple_entrez"
"2383606","116841;65094","ambiguous_multiple_entrez"
"2383639","339501","unique_entrez_id"
"2383707","89780","unique_entrez_id"
"2383726","100500810;375;89780","ambiguous_multiple_entrez"
"2383733","","unmapped_entrez"
"2383734","","unmapped_entrez"
"2383740","","unmapped_entrez"
"2383742","","unmapped_entrez"
"2383746","","unmapped_entrez"
"2383747","","unmapped_entrez"
"2383748","","unmapped_entrez"
"2383750","","unmapped_entrez"
"2383751","","unmapped_entrez"
"2383754","","unmapped_entrez"
"2383755","","unmapped_entrez"
"2383756","","unmapped_entrez"
"2383758","","unmapped_entrez"
"2383759","","unmapped_entrez"
"2383761","","unmapped_entrez"
"2383762","","unmapped_entrez"
"2383763","","unmapped_entrez"
"2383764","","unmapped_entrez"
"2383765","","unmapped_entrez"
"2383766","","unmapped_entrez"
"2383767","","unmapped_entrez"
"2383768","","unmapped_entrez"
"2383769","","unmapped_entrez"
"2383771","","unmapped_entrez"
"2383773","","unmapped_entrez"
"2383775","","unmapped_entrez"
"2383777","","unmapped_entrez"
"2383779","","unmapped_entrez"
"2383781","","unmapped_entrez"
"2383783","","unmapped_entrez"
"2383785","","unmapped_entrez"
"2383787","","unmapped_entrez"
"2383789","","unmapped_entrez"
"2383791","","unmapped_entrez"
"2383793","","unmapped_entrez"
"2383795","","unmapped_entrez"
"2383797","","unmapped_entrez"
"2383799","","unmapped_entrez"
"2383801","","unmapped_entrez"
"2383803","","unmapped_entrez"
"2383805","","unmapped_entrez"
"2383807","","unmapped_entrez"
"2383809","","unmapped_entrez"
"2383811","","unmapped_entrez"
"2383813","","unmapped_entrez"
"2383815","","unmapped_entrez"
"2383817","","unmapped_entrez"
"2383819","","unmapped_entrez"
"2383821","","unmapped_entrez"
"2383823","","unmapped_entrez"
"2383825","","unmapped_entrez"
"2383827","","unmapped_entrez"
"2383829","","unmapped_entrez"
"2383859","2987","unique_entrez_id"
"2383862","","unmapped_entrez"
"2383864","","unmapped_entrez"
"2383872","","unmapped_entrez"
"2383876","","unmapped_entrez"
"2383880","","unmapped_entrez"
"2383882","","unmapped_entrez"
"2383884","","unmapped_entrez"
"2383890","","unmapped_entrez"
"2383891","","unmapped_entrez"
"2383894","","unmapped_entrez"
"2383895","","unmapped_entrez"
"2383896","","unmapped_entrez"
"2383898","","unmapped_entrez"
"2383900","","unmapped_entrez"
"2383902","","unmapped_entrez"
"2383904","","unmapped_entrez"
"2383906","","unmapped_entrez"
"2383908","","unmapped_entrez"
"2383910","","unmapped_entrez"
"2383912","","unmapped_entrez"
"2383914","","unmapped_entrez"
"2383915","57165","unique_entrez_id"
"2383999","84033","unique_entrez_id"
"2384268","128312","unique_entrez_id"
"2384375","574029;58480","ambiguous_multiple_entrez"
"2384401","58480","unique_entrez_id"
"2384562","5867","unique_entrez_id"
"2384705","9816","unique_entrez_id"
"2384788","2590","unique_entrez_id"
"2384956","22796","unique_entrez_id"
"2385012","10753","unique_entrez_id"
"2385095","64801","unique_entrez_id"
"2385146","440730","unique_entrez_id"
"2385197","8443","unique_entrez_id"
"2385258","83932","unique_entrez_id"
"2385306","100303453;7257","ambiguous_multiple_entrez"
"2385343","100303453;27185","ambiguous_multiple_entrez"
"2385659","54627","unique_entrez_id"
"2385696","84284","unique_entrez_id"
"2385797","84451","unique_entrez_id"
"2385873","3775","unique_entrez_id"
"2385967","148641","unique_entrez_id"
"2386397","9453","unique_entrez_id"
"2386418","6905","unique_entrez_id"
"2386747","7107","unique_entrez_id"
"2386828","128178","unique_entrez_id"
"2386867","3964","unique_entrez_id"
"2386943","88","unique_entrez_id"
"2387006","4548","unique_entrez_id"
"2387126","6262","unique_entrez_id"
"2387606","1131","unique_entrez_id"
"2387711","128;56776","ambiguous_multiple_entrez"
"2388085","8564","unique_entrez_id"
"2388148","128025","unique_entrez_id"
"2388219","9156","unique_entrez_id"
"2388525","10806","unique_entrez_id"
"2388794","10472","unique_entrez_id"
"2388960","257044","unique_entrez_id"
"2389016","51029","unique_entrez_id"
"2389062","116228","unique_entrez_id"
"2389130","84288","unique_entrez_id"
"2389247","55083","unique_entrez_id"
"2389718","163882","unique_entrez_id"
"2389789","51097","unique_entrez_id"
"2389834","149134","unique_entrez_id"
"2389996","317705","unique_entrez_id"
"2390050","114548","unique_entrez_id"
"2390089","441932","unique_entrez_id"
"2390102","148823","unique_entrez_id"
"2390135","81470","unique_entrez_id"
"2390142","81469","unique_entrez_id"
"2390158","","unmapped_entrez"
"2390162","81439","unique_entrez_id"
"2390180","25893;343171","ambiguous_multiple_entrez"
"2390243","284521","unique_entrez_id"
"2390253","391190","unique_entrez_id"
"2390259","391191","unique_entrez_id"
"2390298","26246","unique_entrez_id"
"2390307","391192","unique_entrez_id"
"2390322","127059","unique_entrez_id"
"2390335","391194","unique_entrez_id"
"2390350","127062","unique_entrez_id"
"2390355","26245","unique_entrez_id"
"2390489","79894","unique_entrez_id"
"2390518","118433;267002;284942;388574;644128;65996","ambiguous_multiple_entrez"
"2390976","79854","unique_entrez_id"
"2391005","401934;54991","ambiguous_multiple_entrez"
"2391150","8784","unique_entrez_id"
"2391172","7293","unique_entrez_id"
"2391188","51150","unique_entrez_id"
"2391255","118424","unique_entrez_id"
"2391302","116983","unique_entrez_id"
"2391360","102465435;54973","ambiguous_multiple_entrez"
"2391425","102466740;1855","ambiguous_multiple_entrez"
"2391465","54587","unique_entrez_id"
"2391532","81669","unique_entrez_id"
"2391647","29101","unique_entrez_id"
"2391687","65220","unique_entrez_id"
"2391744","728642;984;9906","ambiguous_multiple_entrez"
"2391840","2782","unique_entrez_id"
"2392095","199990","unique_entrez_id"
"2392161","199990","unique_entrez_id"
"2392267","79906","unique_entrez_id"
"2392404","100129534","unique_entrez_id"
"2392421","5192","unique_entrez_id"
"2392528","55229","unique_entrez_id"
"2392584","8764","unique_entrez_id"
"2392666","100287898;79258","ambiguous_multiple_entrez"
"2392945","440556","unique_entrez_id"
"2392985","440556","unique_entrez_id"
"2393538","49856","unique_entrez_id"
"2393654","57212","unique_entrez_id"
"2393711","57470","unique_entrez_id"
"2393740","9731","unique_entrez_id"
"2393816","339448","unique_entrez_id"
"2394361","261734","unique_entrez_id"
"2394478","26038","unique_entrez_id"
"2394558","6146","unique_entrez_id"
"2394588","23463","unique_entrez_id"
"2394608","387509","unique_entrez_id"
"2394626","11332;344967","ambiguous_multiple_entrez"
"2394680","54626","unique_entrez_id"
"2394699","57449;8718","ambiguous_multiple_entrez"
"2394726","57449","unique_entrez_id"
"2394784","79707","unique_entrez_id"
"2394817","9903","unique_entrez_id"
"2394841","55735","unique_entrez_id"
"2395123","10911","unique_entrez_id"
"2395146","3604","unique_entrez_id"
"2395177","54206","unique_entrez_id"
"2395245","105377240;105377243;473;646396","ambiguous_multiple_entrez"
"2395418","","unmapped_entrez"
"2395490","102465436;128178;2023","ambiguous_multiple_entrez"
"2395545","155184","unique_entrez_id"
"2395564","6518","unique_entrez_id"
"2395626","106614088;80045","ambiguous_multiple_entrez"
"2395890","22883","unique_entrez_id"
"2395965","56998","unique_entrez_id"
"2396009","84328","unique_entrez_id"
"2396121","1676","unique_entrez_id"
"2396201","54897","unique_entrez_id"
"2396362","148345","unique_entrez_id"
"2396415","10747","unique_entrez_id"
"2396461","6723","unique_entrez_id"
"2396480","5394","unique_entrez_id"
"2396537","2475","unique_entrez_id"
"2396750","26232","unique_entrez_id"
"2396781","10459","unique_entrez_id"
"2396817","4524","unique_entrez_id"
"2396848","4878","unique_entrez_id"
"2396858","4879","unique_entrez_id"
"2397025","9249","unique_entrez_id"
"2397600","200197","unique_entrez_id"
"2397695","842","unique_entrez_id"
"2397732","79814","unique_entrez_id"
"2397847","7709","unique_entrez_id"
"2397898","27129","unique_entrez_id"
"2397926","348487","unique_entrez_id"
"2397948","1969","unique_entrez_id"
"2397999","128272","unique_entrez_id"
"2398040","79363","unique_entrez_id"
"2398073","54455","unique_entrez_id"
"2398146","374955","unique_entrez_id"
"2398193","114819;26863;26869;26870;26871;6060;84809;9696","ambiguous_multiple_entrez"
"2398369","84809;9696","ambiguous_multiple_entrez"
"2398706","4237","unique_entrez_id"
"2398736","23400","unique_entrez_id"
"2398789","6390","unique_entrez_id"
"2398820","11240","unique_entrez_id"
"2398894","55920","unique_entrez_id"
"2399289","80834","unique_entrez_id"
"2399409","23352","unique_entrez_id"
"2399620","23065","unique_entrez_id"
"2399687","22977;246181","ambiguous_multiple_entrez"
"2399718","100506730;22977;8574","ambiguous_multiple_entrez"
"2399743","22977;246181","ambiguous_multiple_entrez"
"2399765","832","unique_entrez_id"
"2399908","255104","unique_entrez_id"
"2399988","54546","unique_entrez_id"
"2400009","30814","unique_entrez_id"
"2400027","5320","unique_entrez_id"
"2400059","26279","unique_entrez_id"
"2400177","55450","unique_entrez_id"
"2400193","79594","unique_entrez_id"
"2400212","100861548","unique_entrez_id"
"2400220","100861548;1650","ambiguous_multiple_entrez"
"2400247","400745;57576","ambiguous_multiple_entrez"
"2400322","50809","unique_entrez_id"
"2400373","8672","unique_entrez_id"
"2400518","1889","unique_entrez_id"
"2400655","5909","unique_entrez_id"
"2400718","84196","unique_entrez_id"
"2400793","3339","unique_entrez_id"
"2401018","54361","unique_entrez_id"
"2401193","7798","unique_entrez_id"
"2401251","3352","unique_entrez_id"
"2401275","10236","unique_entrez_id"
"2401333","80818","unique_entrez_id"
"2401347","6920","unique_entrez_id"
"2401384","55616","unique_entrez_id"
"2401440","","unmapped_entrez"
"2401448","1870","unique_entrez_id"
"2401493","3399","unique_entrez_id"
"2401533","","unmapped_entrez"
"2401581","2582","unique_entrez_id"
"2401609","105376861;3155","ambiguous_multiple_entrez"
"2401643","2517","unique_entrez_id"
"2401670","127294","unique_entrez_id"
"2401753","58985","unique_entrez_id"
"2401774","163702","unique_entrez_id"
"2401849","90529","unique_entrez_id"
"2401994","864","unique_entrez_id"
"2402068","25949","unique_entrez_id"
"2402111","57035","unique_entrez_id"
"2402416","79000","unique_entrez_id"
"2402431","164091","unique_entrez_id"
"2402447","3925","unique_entrez_id"
"2402459","100500808;3925","ambiguous_multiple_entrez"
"2402493","5051","unique_entrez_id"
"2402517","7780","unique_entrez_id"
"2402536","84676","unique_entrez_id"
"2402601","91544","unique_entrez_id"
"2402645","55057","unique_entrez_id"
"2402691","257101","unique_entrez_id"
"2402838","54707","unique_entrez_id"
"2402861","63906","unique_entrez_id"
"2402883","8431","unique_entrez_id"
"2402892","126695","unique_entrez_id"
"2402914","115572","unique_entrez_id"
"2402942","6548","unique_entrez_id"
"2403027","9064","unique_entrez_id"
"2403080","8547","unique_entrez_id"
"2403099","388611","unique_entrez_id"
"2403111","10163","unique_entrez_id"
"2403158","27245","unique_entrez_id"
"2403215","2268","unique_entrez_id"
"2403261","2537","unique_entrez_id"
"2403301","6118","unique_entrez_id"
"2403335","2140","unique_entrez_id"
"2403446","5724","unique_entrez_id"
"2403470","22826","unique_entrez_id"
"2403557","677825;677838;692073;85028","ambiguous_multiple_entrez"
"2403585","6883","unique_entrez_id"
"2403707","399474","unique_entrez_id"
"2403740","6429","unique_entrez_id"
"2403793","51102","unique_entrez_id"
"2404122","4146","unique_entrez_id"
"2404158","105378621;7805","ambiguous_multiple_entrez"
"2404209","9672","unique_entrez_id"
"2404254","692234;692235;9698","ambiguous_multiple_entrez"
"2404344","79570","unique_entrez_id"
"2404377","9410","unique_entrez_id"
"2404418","2170","unique_entrez_id"
"2404521","553115","unique_entrez_id"
"2404546","1307","unique_entrez_id"
"2404693","576","unique_entrez_id"
"2404766","90853","unique_entrez_id"
"2404819","8073","unique_entrez_id"
"2404930","56063","unique_entrez_id"
"2404958","339483","unique_entrez_id"
"2404999","65108","unique_entrez_id"
"2405036","55108","unique_entrez_id"
"2405104","102723870;339487","ambiguous_multiple_entrez"
"2405152","81493","unique_entrez_id"
"2405192","8565","unique_entrez_id"
"2405250","252995","unique_entrez_id"
"2405284","113452","unique_entrez_id"
"2405312","127544","unique_entrez_id"
"2405364","204","unique_entrez_id"
"2405428","55223","unique_entrez_id"
"2405469","1912","unique_entrez_id"
"2405576","114784","unique_entrez_id"
"2405893","113444","unique_entrez_id"
"2405992","100506144;653160;9204","ambiguous_multiple_entrez"
"2406064","6421","unique_entrez_id"
"2406139","79932","unique_entrez_id"
"2406245","5690","unique_entrez_id"
"2406246","","unmapped_entrez"
"2406252","","unmapped_entrez"
"2406253","","unmapped_entrez"
"2406254","","unmapped_entrez"
"2406255","","unmapped_entrez"
"2406256","","unmapped_entrez"
"2406258","","unmapped_entrez"
"2406260","","unmapped_entrez"
"2406261","","unmapped_entrez"
"2406264","","unmapped_entrez"
"2406269","","unmapped_entrez"
"2406271","","unmapped_entrez"
"2406273","","unmapped_entrez"
"2406275","","unmapped_entrez"
"2406277","","unmapped_entrez"
"2406279","","unmapped_entrez"
"2406281","","unmapped_entrez"
"2406283","","unmapped_entrez"
"2406285","","unmapped_entrez"
"2406287","","unmapped_entrez"
"2406289","","unmapped_entrez"
"2406291","","unmapped_entrez"
"2406293","","unmapped_entrez"
"2406295","","unmapped_entrez"
"2406297","","unmapped_entrez"
"2406299","","unmapped_entrez"
"2406301","","unmapped_entrez"
"2406303","","unmapped_entrez"
"2406305","","unmapped_entrez"
"2406307","","unmapped_entrez"
"2406309","","unmapped_entrez"
"2406311","","unmapped_entrez"
"2406313","","unmapped_entrez"
"2406315","","unmapped_entrez"
"2406317","","unmapped_entrez"
"2406319","","unmapped_entrez"
"2406321","","unmapped_entrez"
"2406323","","unmapped_entrez"
"2406325","","unmapped_entrez"
"2406329","","unmapped_entrez"
"2406331","","unmapped_entrez"
"2406333","","unmapped_entrez"
"2406335","","unmapped_entrez"
"2406337","","unmapped_entrez"
"2406339","","unmapped_entrez"
"2406341","","unmapped_entrez"
"2406343","","unmapped_entrez"
"2406345","","unmapped_entrez"
"2406347","","unmapped_entrez"
"2406349","","unmapped_entrez"
"2406351","","unmapped_entrez"
"2406353","","unmapped_entrez"
"2406355","","unmapped_entrez"
"2406357","","unmapped_entrez"
"2406359","","unmapped_entrez"
"2406361","","unmapped_entrez"
"2406363","","unmapped_entrez"
"2406365","","unmapped_entrez"
"2406367","","unmapped_entrez"
"2406369","","unmapped_entrez"
"2406371","","unmapped_entrez"
"2406373","","unmapped_entrez"
"2406375","","unmapped_entrez"
"2406377","","unmapped_entrez"
"2406379","","unmapped_entrez"
"2406381","","unmapped_entrez"
"2406383","","unmapped_entrez"
"2406385","","unmapped_entrez"
"2406387","","unmapped_entrez"
"2406389","","unmapped_entrez"
"2406391","","unmapped_entrez"
"2406393","","unmapped_entrez"
"2406395","","unmapped_entrez"
"2406397","","unmapped_entrez"
"2406399","","unmapped_entrez"
"2406401","","unmapped_entrez"
"2406403","","unmapped_entrez"
"2406405","","unmapped_entrez"
"2406407","","unmapped_entrez"
"2406409","","unmapped_entrez"
"2406412","127703","unique_entrez_id"
"2406420","63967","unique_entrez_id"
"2406579","1296","unique_entrez_id"
"2406597","27095","unique_entrez_id"
"2406662","55194","unique_entrez_id"
"2406677","83931","unique_entrez_id"
"2406722","84967","unique_entrez_id"
"2406735","127700","unique_entrez_id"
"2406766","64960","unique_entrez_id"
"2406783","1441","unique_entrez_id"
"2406926","2899","unique_entrez_id"
"2407128","64769","unique_entrez_id"
"2407163","79753","unique_entrez_id"
"2407191","29889","unique_entrez_id"
"2407224","284654","unique_entrez_id"
"2407250","54955","unique_entrez_id"
"2407314","284656","unique_entrez_id"
"2407359","284656","unique_entrez_id"
"2407439","10946","unique_entrez_id"
"2407478","2275","unique_entrez_id"
"2407496","5453","unique_entrez_id"
"2407729","64121","unique_entrez_id"
"2407755","100527950;26292;81025","ambiguous_multiple_entrez"
"2407786","54933","unique_entrez_id"
"2407934","677834;8761","ambiguous_multiple_entrez"
"2407985","26508","unique_entrez_id"
"2408028","84618","unique_entrez_id"
"2408041","51440","unique_entrez_id"
"2408062","353500;64064;656","ambiguous_multiple_entrez"
"2408111","54802","unique_entrez_id"
"2408146","4610","unique_entrez_id"
"2408189","5538","unique_entrez_id"
"2408244","1298","unique_entrez_id"
"2408351","9783","unique_entrez_id"
"2408437","105378676;163732","ambiguous_multiple_entrez"
"2408477","200172","unique_entrez_id"
"2408499","22955","unique_entrez_id"
"2408643","1907","unique_entrez_id"
"2408681","59269","unique_entrez_id"
"2408832","2980","unique_entrez_id"
"2408855","22887","unique_entrez_id"
"2408929","84217","unique_entrez_id"
"2408955","7115","unique_entrez_id"
"2408994","149461","unique_entrez_id"
"2409004","64175","unique_entrez_id"
"2409069","374969","unique_entrez_id"
"2409104","6513","unique_entrez_id"
"2409220","102465439;105378685;10969","ambiguous_multiple_entrez"
"2409275","149466","unique_entrez_id"
"2409310","102466723;64834","ambiguous_multiple_entrez"
"2409344","112950","unique_entrez_id"
"2409368","81888","unique_entrez_id"
"2409507","6536","unique_entrez_id"
"2409613","100874278;106635545;79033","ambiguous_multiple_entrez"
"2409770","105378690;26828;79639","ambiguous_multiple_entrez"
"2409820","266675","unique_entrez_id"
"2409847","8643","unique_entrez_id"
"2409904","8891","unique_entrez_id"
"2409970","79654","unique_entrez_id"
"2410111","4595","unique_entrez_id"
"2410158","10420","unique_entrez_id"
"2410241","5052","unique_entrez_id"
"2410283","149483","unique_entrez_id"
"2410330","60313;728963","ambiguous_multiple_entrez"
"2410470","110117499;8503","ambiguous_multiple_entrez"
"2410522","55624","unique_entrez_id"
"2410574","10489","unique_entrez_id"
"2411173","10158","unique_entrez_id"
"2411198","6886","unique_entrez_id"
"2411228","6491","unique_entrez_id"
"2411575","54558","unique_entrez_id"
"2411638","","unmapped_entrez"
"2411642","84871","unique_entrez_id"
"2411799","79656","unique_entrez_id"
"2412082","11124","unique_entrez_id"
"2412222","","unmapped_entrez"
"2412312","22996","unique_entrez_id"
"2412360","2060","unique_entrez_id"
"2412529","4898","unique_entrez_id"
"2412624","5865","unique_entrez_id"
"2412668","51060","unique_entrez_id"
"2412690","112970;51060","ambiguous_multiple_entrez"
"2412740","200014","unique_entrez_id"
"2412799","4998","unique_entrez_id"
"2412834","23318","unique_entrez_id"
"2412988","65260","unique_entrez_id"
"2413008","","unmapped_entrez"
"2413032","55268","unique_entrez_id"
"2413115","6512","unique_entrez_id"
"2413153","54987","unique_entrez_id"
"2413180","4116","unique_entrez_id"
"2413203","7804","unique_entrez_id"
"2413316","163742","unique_entrez_id"
"2413332","148979","unique_entrez_id"
"2413423","55706","unique_entrez_id"
"2413484","54432","unique_entrez_id"
"2413519","51668","unique_entrez_id"
"2413578","9528","unique_entrez_id"
"2413633","200008;606495","ambiguous_multiple_entrez"
"2413685","23648","unique_entrez_id"
"2413846","338094","unique_entrez_id"
"2413879","25973","unique_entrez_id"
"2413886","55001","unique_entrez_id"
"2413907","1718","unique_entrez_id"
"2413943","23358","unique_entrez_id"
"2414366","8613","unique_entrez_id"
"2414440","199920","unique_entrez_id"
"2414505","732","unique_entrez_id"
"2414558","115209;1600;729423","ambiguous_multiple_entrez"
"2414958","4070","unique_entrez_id"
"2414998","114803","unique_entrez_id"
"2415084","3725","unique_entrez_id"
"2415266","1573","unique_entrez_id"
"2415295","127795","unique_entrez_id"
"2415728","83941","unique_entrez_id"
"2415837","163782","unique_entrez_id"
"2415910","85440","unique_entrez_id"
"2416218","23421","unique_entrez_id"
"2416522","101927084;3716","ambiguous_multiple_entrez"
"2417008","10022","unique_entrez_id"
"2417016","79819","unique_entrez_id"
"2417095","23169","unique_entrez_id"
"2417174","26135","unique_entrez_id"
"2417272","55970","unique_entrez_id"
"2417362","9077","unique_entrez_id"
"2417390","79971","unique_entrez_id"
"2417500","6121","unique_entrez_id"
"2417528","55635","unique_entrez_id"
"2417737","55631","unique_entrez_id"
"2417791","81573","unique_entrez_id"
"2417945","5733","unique_entrez_id"
"2418000","406962;9406","ambiguous_multiple_entrez"
"2418078","257194","unique_entrez_id"
"2418299","127255","unique_entrez_id"
"2418339","127255","unique_entrez_id"
"2418408","127254","unique_entrez_id"
"2418451","1429","unique_entrez_id"
"2418570","204962","unique_entrez_id"
"2418700","127247","unique_entrez_id"
"2418929","10026","unique_entrez_id"
"2419046","26009","unique_entrez_id"
"2419113","23032","unique_entrez_id"
"2419219","374987","unique_entrez_id"
"2419235","8880","unique_entrez_id"
"2419432","64123","unique_entrez_id"
"2420229","79739","unique_entrez_id"
"2420427","2787","unique_entrez_id"
"2420467","1486","unique_entrez_id"
"2420511","439927","unique_entrez_id"
"2420521","117178","unique_entrez_id"
"2420615","23566","unique_entrez_id"
"2420642","255231","unique_entrez_id"
"2420681","55283","unique_entrez_id"
"2420790","148423","unique_entrez_id"
"2420808","8915","unique_entrez_id"
"2420832","23576","unique_entrez_id"
"2420958","54680","unique_entrez_id"
"2421000","255631","unique_entrez_id"
"2421121","57489","unique_entrez_id"
"2421271","9403","unique_entrez_id"
"2421753","2959","unique_entrez_id"
"2421782","27316;494115;56267","ambiguous_multiple_entrez"
"2421843","2633;2635","ambiguous_multiple_entrez"
"2421883","2633;2635;400759","ambiguous_multiple_entrez"
"2421925","115361;2634;388646","ambiguous_multiple_entrez"
"2421995","115361","unique_entrez_id"
"2422035","115362","unique_entrez_id"
"2422227","492303","unique_entrez_id"
"2422398","343472","unique_entrez_id"
"2422517","84146","unique_entrez_id"
"2422612","164045","unique_entrez_id"
"2422722","7049","unique_entrez_id"
"2422885","11146","unique_entrez_id"
"2422967","2672","unique_entrez_id"
"2423017","7813","unique_entrez_id"
"2423175","388650","unique_entrez_id"
"2423264","50999","unique_entrez_id"
"2423422","8412","unique_entrez_id"
"2423597","30836","unique_entrez_id"
"2423625","2730","unique_entrez_id"
"2423669","24","unique_entrez_id"
"2423829","9411","unique_entrez_id"
"2423907","2152","unique_entrez_id"
"2424102","1266","unique_entrez_id"
"2424148","199857","unique_entrez_id"
"2424524","1806","unique_entrez_id"
"2424740","100616452;400765;406928","ambiguous_multiple_entrez"
"2425118","163786","unique_entrez_id"
"2425173","127495","unique_entrez_id"
"2425212","1629","unique_entrez_id"
"2425400","2135","unique_entrez_id"
"2425447","51611","unique_entrez_id"
"2425652","118427","unique_entrez_id"
"2425756","1301","unique_entrez_id"
"2426385","10451","unique_entrez_id"
"2426559","29957","unique_entrez_id"
"2426614","148545;285622;653149","ambiguous_multiple_entrez"
"2426676","113802","unique_entrez_id"
"2426734","254268","unique_entrez_id"
"2426791","23155","unique_entrez_id"
"2426840","105378892;22911","ambiguous_multiple_entrez"
"2426951","84722","unique_entrez_id"
"2427007","6272","unique_entrez_id"
"2427074","5686","unique_entrez_id"
"2427117","57463","unique_entrez_id"
"2427169","2780","unique_entrez_id"
"2427208","2947","unique_entrez_id"
"2427231","79574","unique_entrez_id"
"2427342","257","unique_entrez_id"
"2427469","9122","unique_entrez_id"
"2427500","10542","unique_entrez_id"
"2427538","3744","unique_entrez_id"
"2427566","3737","unique_entrez_id"
"2427619","3738","unique_entrez_id"
"2427688","55791","unique_entrez_id"
"2427720","128338","unique_entrez_id"
"2427791","79961","unique_entrez_id"
"2427898","5016","unique_entrez_id"
"2427930","79084","unique_entrez_id"
"2427981","140;57413","ambiguous_multiple_entrez"
"2428079","55924","unique_entrez_id"
"2428119","3752","unique_entrez_id"
"2428313","54879","unique_entrez_id"
"2428405","389","unique_entrez_id"
"2428425","333926","unique_entrez_id"
"2428478","100996702","unique_entrez_id"
"2428501","6566","unique_entrez_id"
"2428699","10745","unique_entrez_id"
"2428760","54665","unique_entrez_id"
"2428796","26191","unique_entrez_id"
"2428855","10717","unique_entrez_id"
"2428932","148281","unique_entrez_id"
"2429069","51592","unique_entrez_id"
"2429147","10286;163259","ambiguous_multiple_entrez"
"2429235","270","unique_entrez_id"
"2429261","4893","unique_entrez_id"
"2429277","4893;7812","ambiguous_multiple_entrez"
"2429338","80143","unique_entrez_id"
"2429371","10100","unique_entrez_id"
"2429466","4803","unique_entrez_id"
"2429556","4808;845","ambiguous_multiple_entrez"
"2429613","4808","unique_entrez_id"
"2429842","965","unique_entrez_id"
"2429914","3321","unique_entrez_id"
"2430126","80263","unique_entrez_id"
"2430163","79679","unique_entrez_id"
"2430370","54834","unique_entrez_id"
"2430422","200162","unique_entrez_id"
"2430762","10352;51634","ambiguous_multiple_entrez"
"2430994","90874","unique_entrez_id"
"2431031","3158","unique_entrez_id"
"2431066","343505;83998","ambiguous_multiple_entrez"
"2431112","100996763;388677;4853","ambiguous_multiple_entrez"
"2431211","11085","unique_entrez_id"
"2431877","","unmapped_entrez"
"2431886","100996724;767846;9659","ambiguous_multiple_entrez"
"2432571","84265","unique_entrez_id"
"2432607","114814","unique_entrez_id"
"2432647","10623;200035","ambiguous_multiple_entrez"
"2432714","11126","unique_entrez_id"
"2432851","100132406;100288142;101060226;101060684;101929780;149013;200030;25832;284565;400818;55672;728841;84224","ambiguous_multiple_entrez"
"2433209","5565","unique_entrez_id"
"2433232","2330","unique_entrez_id"
"2433371","51205","unique_entrez_id"
"2433432","105371230;2702","ambiguous_multiple_entrez"
"2433605","100996716;101954273;103091866;388685;57234;728855;79668","ambiguous_multiple_entrez"
"2434031","440689;653604","ambiguous_multiple_entrez"
"2434124","8349","unique_entrez_id"
"2434129","317772;8349","ambiguous_multiple_entrez"
"2434139","9900","unique_entrez_id"
"2434159","10262","unique_entrez_id"
"2434178","10903","unique_entrez_id"
"2434233","56957","unique_entrez_id"
"2434319","81611","unique_entrez_id"
"2434341","51107","unique_entrez_id"
"2434438","4170;574406","ambiguous_multiple_entrez"
"2434490","2029","unique_entrez_id"
"2434527","55204","unique_entrez_id"
"2434546","84072","unique_entrez_id"
"2434575","1520","unique_entrez_id"
"2434609","1513","unique_entrez_id"
"2434633","405","unique_entrez_id"
"2434716","29956","unique_entrez_id"
"2434746","55793","unique_entrez_id"
"2434776","56882","unique_entrez_id"
"2434805","10500","unique_entrez_id"
"2434862","388695","unique_entrez_id"
"2434872","29765","unique_entrez_id"
"2434892","6944","unique_entrez_id"
"2434925","5298","unique_entrez_id"
"2434971","5993","unique_entrez_id"
"2435005","8991","unique_entrez_id"
"2435044","23126","unique_entrez_id"
"2435149","11189","unique_entrez_id"
"2435195","11022;65005","ambiguous_multiple_entrez"
"2435218","11022","unique_entrez_id"
"2435251","339398","unique_entrez_id"
"2435261","6097","unique_entrez_id"
"2435323","284486","unique_entrez_id"
"2435347","117145","unique_entrez_id"
"2435383","6281","unique_entrez_id"
"2435410","101927949;6282","ambiguous_multiple_entrez"
"2435443","7062","unique_entrez_id"
"2435686","49860","unique_entrez_id"
"2435735","84648","unique_entrez_id"
"2435745","353142","unique_entrez_id"
"2435849","6700;6703","ambiguous_multiple_entrez"
"2435858","6700","unique_entrez_id"
"2435878","6702","unique_entrez_id"
"2435949","114771","unique_entrez_id"
"2435961","57115","unique_entrez_id"
"2435981","6283","unique_entrez_id"
"2435989","6279","unique_entrez_id"
"2436051","6278","unique_entrez_id"
"2436067","6277","unique_entrez_id"
"2436132","3608","unique_entrez_id"
"2436139","","unmapped_entrez"
"2436141","","unmapped_entrez"
"2436143","","unmapped_entrez"
"2436145","","unmapped_entrez"
"2436147","","unmapped_entrez"
"2436149","","unmapped_entrez"
"2436152","","unmapped_entrez"
"2436155","","unmapped_entrez"
"2436156","","unmapped_entrez"
"2436157","","unmapped_entrez"
"2436158","","unmapped_entrez"
"2436159","","unmapped_entrez"
"2436160","","unmapped_entrez"
"2436164","","unmapped_entrez"
"2436166","","unmapped_entrez"
"2436168","","unmapped_entrez"
"2436170","","unmapped_entrez"
"2436172","","unmapped_entrez"
"2436174","","unmapped_entrez"
"2436176","","unmapped_entrez"
"2436178","","unmapped_entrez"
"2436180","","unmapped_entrez"
"2436182","","unmapped_entrez"
"2436184","","unmapped_entrez"
"2436186","","unmapped_entrez"
"2436188","","unmapped_entrez"
"2436190","","unmapped_entrez"
"2436192","","unmapped_entrez"
"2436194","","unmapped_entrez"
"2436196","","unmapped_entrez"
"2436198","","unmapped_entrez"
"2436228","57459","unique_entrez_id"
"2436283","9909","unique_entrez_id"
"2436338","200186","unique_entrez_id"
"2436378","27173","unique_entrez_id"
"2436401","10899;5872","ambiguous_multiple_entrez"
"2436403","","unmapped_entrez"
"2436404","","unmapped_entrez"
"2436405","","unmapped_entrez"
"2436407","","unmapped_entrez"
"2436408","","unmapped_entrez"
"2436409","","unmapped_entrez"
"2436410","","unmapped_entrez"
"2436411","","unmapped_entrez"
"2436412","","unmapped_entrez"
"2436415","","unmapped_entrez"
"2436416","","unmapped_entrez"
"2436417","","unmapped_entrez"
"2436418","","unmapped_entrez"
"2436446","","unmapped_entrez"
"2436448","","unmapped_entrez"
"2436450","","unmapped_entrez"
"2436452","","unmapped_entrez"
"2436454","","unmapped_entrez"
"2436456","","unmapped_entrez"
"2436458","","unmapped_entrez"
"2436460","","unmapped_entrez"
"2436467","91181","unique_entrez_id"
"2436526","7170","unique_entrez_id"
"2436576","25912;388701","ambiguous_multiple_entrez"
"2436716","55585","unique_entrez_id"
"2436754","103","unique_entrez_id"
"2436826","3782","unique_entrez_id"
"2436920","10654","unique_entrez_id"
"2436938","57326","unique_entrez_id"
"2436973","90780","unique_entrez_id"
"2436985","6464","unique_entrez_id"
"2437029","127579","unique_entrez_id"
"2437086","54344","unique_entrez_id"
"2437094","200185","unique_entrez_id"
"2437118","4582","unique_entrez_id"
"2437152","7059","unique_entrez_id"
"2437205","2629;2630","ambiguous_multiple_entrez"
"2437247","2629;2630","ambiguous_multiple_entrez"
"2437273","10712","unique_entrez_id"
"2437307","10067","unique_entrez_id"
"2437329","1196;1197","ambiguous_multiple_entrez"
"2437363","5313","unique_entrez_id"
"2437401","284618","unique_entrez_id"
"2437412","284618","unique_entrez_id"
"2437417","55870;693140","ambiguous_multiple_entrez"
"2437554","449619","unique_entrez_id"
"2437577","106633810;54856;55249","ambiguous_multiple_entrez"
"2437645","54856;55249","ambiguous_multiple_entrez"
"2437736","6016","unique_entrez_id"
"2437753","22889;677771;677823","ambiguous_multiple_entrez"
"2437801","9181","unique_entrez_id"
"2437871","6746","unique_entrez_id"
"2437893","56893","unique_entrez_id"
"2438016","79957","unique_entrez_id"
"2438042","23381","unique_entrez_id"
"2438093","112770","unique_entrez_id"
"2438117","391104","unique_entrez_id"
"2438125","7203","unique_entrez_id"
"2438169","10485;407046","ambiguous_multiple_entrez"
"2438207","4209","unique_entrez_id"
"2438282","128239","unique_entrez_id"
"2438344","54865","unique_entrez_id"
"2438411","10763","unique_entrez_id"
"2438458","1382","unique_entrez_id"
"2438482","81875","unique_entrez_id"
"2438504","79590","unique_entrez_id"
"2438531","3068","unique_entrez_id"
"2438575","9047","unique_entrez_id"
"2438612","3645","unique_entrez_id"
"2438657","9826","unique_entrez_id"
"2438765","440695","unique_entrez_id"
"2438792","2117","unique_entrez_id"
"2438892","83416","unique_entrez_id"
"2438938","83417","unique_entrez_id"
"2439001","115352","unique_entrez_id"
"2439052","79368","unique_entrez_id"
"2439101","115350","unique_entrez_id"
"2439138","922","unique_entrez_id"
"2439286","910","unique_entrez_id"
"2439303","","unmapped_entrez"
"2439308","128360","unique_entrez_id"
"2439314","391107","unique_entrez_id"
"2439345","391112","unique_entrez_id"
"2439350","128372","unique_entrez_id"
"2439368","128367","unique_entrez_id"
"2439373","6708","unique_entrez_id"
"2439460","81448","unique_entrez_id"
"2439478","391114","unique_entrez_id"
"2439508","81442","unique_entrez_id"
"2439554","9447","unique_entrez_id"
"2439652","441911","unique_entrez_id"
"2439662","127385","unique_entrez_id"
"2439714","1401","unique_entrez_id"
"2439801","25790","unique_entrez_id"
"2439842","8407","unique_entrez_id"
"2439861","57549","unique_entrez_id"
"2439917","343413;89886","ambiguous_multiple_entrez"
"2439944","93183","unique_entrez_id"
"2439960","3766","unique_entrez_id"
"2439975","93185","unique_entrez_id"
"2440018","50717;729867","ambiguous_multiple_entrez"
"2440117","5824","unique_entrez_id"
"2440143","1314","unique_entrez_id"
"2440258","114836","unique_entrez_id"
"2440295","8832","unique_entrez_id"
"2440327","6504","unique_entrez_id"
"2440354","962","unique_entrez_id"
"2440385","51744","unique_entrez_id"
"2440413","55600","unique_entrez_id"
"2440440","142683","unique_entrez_id"
"2440476","100131187;50848","ambiguous_multiple_entrez"
"2440523","7391","unique_entrez_id"
"2440549","257106","unique_entrez_id"
"2440586","81607","unique_entrez_id"
"2440612","5202","unique_entrez_id"
"2440625","9191","unique_entrez_id"
"2440664","8703","unique_entrez_id"
"2440700","9507","unique_entrez_id"
"2440730","336","unique_entrez_id"
"2440744","9970","unique_entrez_id"
"2440784","4359","unique_entrez_id"
"2440943","2214;2215","ambiguous_multiple_entrez"
"2441043","25903","unique_entrez_id"
"2441188","284680","unique_entrez_id"
"2441220","117157","unique_entrez_id"
"2441329","339512","unique_entrez_id"
"2441386","8490","unique_entrez_id"
"2441940","4009","unique_entrez_id"
"2442008","6258","unique_entrez_id"
"2442103","223","unique_entrez_id"
"2442134","54499","unique_entrez_id"
"2442397","117143","unique_entrez_id"
"2442424","387597","unique_entrez_id"
"2442493","10223","unique_entrez_id"
"2442587","919","unique_entrez_id"
"2442698","8804","unique_entrez_id"
"2442800","55811","unique_entrez_id"
"2442858","25874","unique_entrez_id"
"2442911","23432","unique_entrez_id"
"2442980","84832","unique_entrez_id"
"2443120","1805","unique_entrez_id"
"2443235","29922","unique_entrez_id"
"2443305","57821","unique_entrez_id"
"2443335","10560","unique_entrez_id"
"2443370","2153","unique_entrez_id"
"2443417","6403","unique_entrez_id"
"2443450","6402","unique_entrez_id"
"2443476","6401","unique_entrez_id"
"2443518","92342","unique_entrez_id"
"2443537","57147","unique_entrez_id"
"2443575","22920","unique_entrez_id"
"2443868","","unmapped_entrez"
"2443952","4653","unique_entrez_id"
"2443989","8674","unique_entrez_id"
"2444117","102724528;5279","ambiguous_multiple_entrez"
"2444239","8995","unique_entrez_id"
"2444283","100506023;101928673;7292","ambiguous_multiple_entrez"
"2444363","284525","unique_entrez_id"
"2444415","339416","unique_entrez_id"
"2444451","106635533;26769;26774;26802;26806;60674;619498;692195;692196;692198;91687","ambiguous_multiple_entrez"
"2444529","462","unique_entrez_id"
"2444790","63931","unique_entrez_id"
"2444842","9674","unique_entrez_id"
"2444899","7143","unique_entrez_id"
"2445141","64326;677679","ambiguous_multiple_entrez"
"2445357","460","unique_entrez_id"
"2445643","111240474;730102;89866","ambiguous_multiple_entrez"
"2445876","400797","unique_entrez_id"
"2445982","9068","unique_entrez_id"
"2446047","27","unique_entrez_id"
"2446137","7827","unique_entrez_id"
"2446198","163590","unique_entrez_id"
"2446240","163590","unique_entrez_id"
"2446244","","unmapped_entrez"
"2446358","","unmapped_entrez"
"2446447","105371637;84320","ambiguous_multiple_entrez"
"2446567","10228","unique_entrez_id"
"2447066","2752","unique_entrez_id"
"2447107","127670","unique_entrez_id"
"2447124","6041","unique_entrez_id"
"2447148","6004","unique_entrez_id"
"2447192","85397","unique_entrez_id"
"2447246","81626","unique_entrez_id"
"2447324","23057","unique_entrez_id"
"2447414","4688","unique_entrez_id"
"2447454","10092","unique_entrez_id"
"2447486","403314","unique_entrez_id"
"2447540","23127","unique_entrez_id"
"2447824","80267","unique_entrez_id"
"2447877","116496","unique_entrez_id"
"2447993","81627","unique_entrez_id"
"2448073","10625","unique_entrez_id"
"2448232","7175","unique_entrez_id"
"2448336","5132","unique_entrez_id"
"2448382","5743","unique_entrez_id"
"2448710","339479","unique_entrez_id"
"2448971","51377","unique_entrez_id"
"2449084","51022","unique_entrez_id"
"2449104","8707","unique_entrez_id"
"2449391","105371674;343450","ambiguous_multiple_entrez"
"2449536","2165","unique_entrez_id"
"2449559","259266","unique_entrez_id"
"2449619","360023","unique_entrez_id"
"2449693","163486","unique_entrez_id"
"2449711","163486","unique_entrez_id"
"2449922","127124","unique_entrez_id"
"2450300","23528","unique_entrez_id"
"2450345","9928","unique_entrez_id"
"2450416","83479","unique_entrez_id"
"2450501","23046","unique_entrez_id"
"2450568","647219;779","ambiguous_multiple_entrez"
"2450668","252839","unique_entrez_id"
"2450762","7139","unique_entrez_id"
"2450798","3898","unique_entrez_id"
"2450823","23612;7135","ambiguous_multiple_entrez"
"2450855","23612","unique_entrez_id"
"2450865","1465","unique_entrez_id"
"2451043","25802","unique_entrez_id"
"2451139","127829","unique_entrez_id"
"2451155","5778","unique_entrez_id"
"2451200","29089","unique_entrez_id"
"2451261","127833","unique_entrez_id"
"2451309","10765","unique_entrez_id"
"2451419","5877","unique_entrez_id"
"2451428","59349","unique_entrez_id"
"2451463","51094","unique_entrez_id"
"2451493","51706","unique_entrez_id"
"2451544","4656","unique_entrez_id"
"2451567","4608","unique_entrez_id"
"2451593","1116","unique_entrez_id"
"2451616","1118","unique_entrez_id"
"2451693","2331","unique_entrez_id"
"2451816","284573","unique_entrez_id"
"2451870","55224","unique_entrez_id"
"2451900","5972","unique_entrez_id"
"2451918","3814","unique_entrez_id"
"2451931","127845","unique_entrez_id"
"2451958","127841;22874;641293","ambiguous_multiple_entrez"
"2452049","84919","unique_entrez_id"
"2452069","5287","unique_entrez_id"
"2452187","10446","unique_entrez_id"
"2452311","388730","unique_entrez_id"
"2452319","5929","unique_entrez_id"
"2452348","25778","unique_entrez_id"
"2452405","81788","unique_entrez_id"
"2452440","55220","unique_entrez_id"
"2452478","101669762;93273","ambiguous_multiple_entrez"
"2452571","2005","unique_entrez_id"
"2452615","85414","unique_entrez_id"
"2452637","64710","unique_entrez_id"
"2452667","8934","unique_entrez_id"
"2452691","254428","unique_entrez_id"
"2452724","148811","unique_entrez_id"
"2452754","115019","unique_entrez_id"
"2452859","1939","unique_entrez_id"
"2452948","3586","unique_entrez_id"
"2452977","9214","unique_entrez_id"
"2453006","5284","unique_entrez_id"
"2453036","83953","unique_entrez_id"
"2453065","79098","unique_entrez_id"
"2453174","","unmapped_entrez"
"2453307","947","unique_entrez_id"
"2453365","5362","unique_entrez_id"
"2453370","5362","unique_entrez_id"
"2453793","100422894;3914","ambiguous_multiple_entrez"
"2453871","148304","unique_entrez_id"
"2453881","3664","unique_entrez_id"
"2454140","3756","unique_entrez_id"
"2454343","343035","unique_entrez_id"
"2454378","7779","unique_entrez_id"
"2454444","4751","unique_entrez_id"
"2454485","9926","unique_entrez_id"
"2454532","25896","unique_entrez_id"
"2454661","55248","unique_entrez_id"
"2454818","55509","unique_entrez_id"
"2454838","25936","unique_entrez_id"
"2454887","642946","unique_entrez_id"
"2454935","90806","unique_entrez_id"
"2455418","5784;643454","ambiguous_multiple_entrez"
"2455699","7399","unique_entrez_id"
"2455933","2104","unique_entrez_id"
"2456204","55105","unique_entrez_id"
"2456687","105372926;55532","ambiguous_multiple_entrez"
"2456746","2058","unique_entrez_id"
"2456805","10380","unique_entrez_id"
"2456849","100302234;25782;677818;6790;6791","ambiguous_multiple_entrez"
"2457261","11221","unique_entrez_id"
"2457496","79802","unique_entrez_id"
"2457573","64853","unique_entrez_id"
"2457842","7159","unique_entrez_id"
"2457988","","unmapped_entrez"
"2458017","4931","unique_entrez_id"
"2458082","80232","unique_entrez_id"
"2458289","3930","unique_entrez_id"
"2458338","55740","unique_entrez_id"
"2458513","9725","unique_entrez_id"
"2458580","10637;7044","ambiguous_multiple_entrez"
"2458607","102466270;29920","ambiguous_multiple_entrez"
"2458629","10637;7044","ambiguous_multiple_entrez"
"2458649","163859","unique_entrez_id"
"2458701","64746","unique_entrez_id"
"2458742","286826","unique_entrez_id"
"2458773","142","unique_entrez_id"
"2458921","100506443;3707","ambiguous_multiple_entrez"
"2459042","8476","unique_entrez_id"
"2459173","","unmapped_entrez"
"2459296","65094","unique_entrez_id"
"2459352","7483","unique_entrez_id"
"2459405","","unmapped_entrez"
"2459411","","unmapped_entrez"
"2459412","","unmapped_entrez"
"2459417","79169","unique_entrez_id"
"2459438","128308","unique_entrez_id"
"2459479","","unmapped_entrez"
"2459480","","unmapped_entrez"
"2459484","","unmapped_entrez"
"2459487","100129094;102465444;81559","ambiguous_multiple_entrez"
"2459587","51127","unique_entrez_id"
"2459605","8290","unique_entrez_id"
"2459616","92815","unique_entrez_id"
"2459793","126731","unique_entrez_id"
"2459837","58","unique_entrez_id"
"2459866","55746","unique_entrez_id"
"2459924","23456","unique_entrez_id"
"2459971","27097","unique_entrez_id"
"2460189","79605","unique_entrez_id"
"2460296","183","unique_entrez_id"
"2460325","84886","unique_entrez_id"
"2460368","79573","unique_entrez_id"
"2460422","375061","unique_entrez_id"
"2460470","149373","unique_entrez_id"
"2460487","128061","unique_entrez_id"
"2460519","149371","unique_entrez_id"
"2460551","54581;54583","ambiguous_multiple_entrez"
"2460817","105373198;57568","ambiguous_multiple_entrez"
"2461037","80003","unique_entrez_id"
"2461473","6894","unique_entrez_id"
"2461531","105373208;105373210;359948","ambiguous_multiple_entrez"
"2461654","100130249","unique_entrez_id"
"2461717","105379283;493754;677802;9804","ambiguous_multiple_entrez"
"2461786","51742","unique_entrez_id"
"2461891","148789","unique_entrez_id"
"2461935","2786","unique_entrez_id"
"2461999","1130","unique_entrez_id"
"2462160","105373212;4811","ambiguous_multiple_entrez"
"2462329","56605","unique_entrez_id"
"2462415","100287902","unique_entrez_id"
"2462456","55127","unique_entrez_id"
"2462511","55127","unique_entrez_id"
"2462589","645745","unique_entrez_id"
"2462693","57829","unique_entrez_id"
"2463173","64388","unique_entrez_id"
"2463227","100506929;6000","ambiguous_multiple_entrez"
"2463425","2271","unique_entrez_id"
"2463482","1122;23596","ambiguous_multiple_entrez"
"2463515","1122","unique_entrez_id"
"2463567","105373234;200150","ambiguous_multiple_entrez"
"2463864","645455;9859","ambiguous_multiple_entrez"
"2464005","10000","unique_entrez_id"
"2464129","","unmapped_entrez"
"2464353","159","unique_entrez_id"
"2464484","3192","unique_entrez_id"
"2464499","3192","unique_entrez_id"
"2464909","64754","unique_entrez_id"
"2465182","64216","unique_entrez_id"
"2465324","25909;285116","ambiguous_multiple_entrez"
"2465395","100533111;57116;93474","ambiguous_multiple_entrez"
"2465493","100533111;93474","ambiguous_multiple_entrez"
"2465519","79862","unique_entrez_id"
"2465546","388759","unique_entrez_id"
"2465551","7678","unique_entrez_id"
"2465628","84838","unique_entrez_id"
"2465728","127623","unique_entrez_id"
"2465753","148824;81472","ambiguous_multiple_entrez"
"2465778","343169","unique_entrez_id"
"2465799","26188","unique_entrez_id"
"2465806","284532","unique_entrez_id"
"2465822","391189","unique_entrez_id"
"2465897","127064","unique_entrez_id"
"2465902","391196","unique_entrez_id"
"2466002","80851","unique_entrez_id"
"2466039","55657","unique_entrez_id"
"2466141","52","unique_entrez_id"
"2466379","","unmapped_entrez"
"2466554","7173","unique_entrez_id"
"2466822","23040","unique_entrez_id"
"2467189","","unmapped_entrez"
"2467191","","unmapped_entrez"
"2467194","","unmapped_entrez"
"2467201","","unmapped_entrez"
"2467203","","unmapped_entrez"
"2467205","","unmapped_entrez"
"2467211","78989","unique_entrez_id"
"2467249","55821;728597","ambiguous_multiple_entrez"
"2467691","51112","unique_entrez_id"
"2467855","6664","unique_entrez_id"
"2468105","150622","unique_entrez_id"
"2468138","400940","unique_entrez_id"
"2468351","91543","unique_entrez_id"
"2468376","9781","unique_entrez_id"
"2468622","3398","unique_entrez_id"
"2468811","8853","unique_entrez_id"
"2468920","51692","unique_entrez_id"
"2469094","9014","unique_entrez_id"
"2469157","29841","unique_entrez_id"
"2469213","8462","unique_entrez_id"
"2469252","6241","unique_entrez_id"
"2469296","6241","unique_entrez_id"
"2469529","245973","unique_entrez_id"
"2469575","245973","unique_entrez_id"
"2469627","3754","unique_entrez_id"
"2469696","130813","unique_entrez_id"
"2469711","130814","unique_entrez_id"
"2469825","9687","unique_entrez_id"
"2469910","105373430;23175","ambiguous_multiple_entrez"
"2470165","28951","unique_entrez_id"
"2470470","151354","unique_entrez_id"
"2470654","1653","unique_entrez_id"
"2470805","4613","unique_entrez_id"
"2470838","4613","unique_entrez_id"
"2471233","7447","unique_entrez_id"
"2471316","348654","unique_entrez_id"
"2471384","3790","unique_entrez_id"
"2471919","","unmapped_entrez"
"2471978","388","unique_entrez_id"
"2472054","151449","unique_entrez_id"
"2472651","114818","unique_entrez_id"
"2472880","","unmapped_entrez"
"2472914","165324","unique_entrez_id"
"2472955","2281;388931","ambiguous_multiple_entrez"
"2473026","375190;653140","ambiguous_multiple_entrez"
"2473149","8648","unique_entrez_id"
"2473284","79172","unique_entrez_id"
"2473376","22979;729723","ambiguous_multiple_entrez"
"2473571","105374333;10890","ambiguous_multiple_entrez"
"2473735","3032","unique_entrez_id"
"2473784","85465","unique_entrez_id"
"2473831","92749","unique_entrez_id"
"2473936","3777","unique_entrez_id"
"2473965","54978","unique_entrez_id"
"2473991","1058","unique_entrez_id"
"2474019","56896","unique_entrez_id"
"2474071","22924","unique_entrez_id"
"2474105","54867","unique_entrez_id"
"2474161","100009604;60509","ambiguous_multiple_entrez"
"2474223","11117","unique_entrez_id"
"2474240","3795","unique_entrez_id"
"2474265","84696","unique_entrez_id"
"2474322","51374","unique_entrez_id"
"2474341","790","unique_entrez_id"
"2474409","285126","unique_entrez_id"
"2474430","57159","unique_entrez_id"
"2474479","9784","unique_entrez_id"
"2474527","29959","unique_entrez_id"
"2474568","200634","unique_entrez_id"
"2474594","2646","unique_entrez_id"
"2474637","84226","unique_entrez_id"
"2474651","84450","unique_entrez_id"
"2474681","11321","unique_entrez_id"
"2474706","22950","unique_entrez_id"
"2474751","9553","unique_entrez_id"
"2474791","9577","unique_entrez_id"
"2474977","2355","unique_entrez_id"
"2475042","151056","unique_entrez_id"
"2475116","151056","unique_entrez_id"
"2475209","5500","unique_entrez_id"
"2475261","245711","unique_entrez_id"
"2475348","165186","unique_entrez_id"
"2475407","79745","unique_entrez_id"
"2475628","51646","unique_entrez_id"
"2475678","81606","unique_entrez_id"
"2475710","253558","unique_entrez_id"
"2475911","30845","unique_entrez_id"
"2476075","6683","unique_entrez_id"
"2476116","55676;79009","ambiguous_multiple_entrez"
"2476176","84272","unique_entrez_id"
"2476219","57448","unique_entrez_id"
"2476411","55622","unique_entrez_id"
"2476510","4052","unique_entrez_id"
"2476671","25780","unique_entrez_id"
"2477073","51232","unique_entrez_id"
"2477203","5212","unique_entrez_id"
"2477302","253635","unique_entrez_id"
"2477372","55471","unique_entrez_id"
"2477438","25797","unique_entrez_id"
"2477598","151393","unique_entrez_id"
"2477731","285154","unique_entrez_id"
"2477933","130589","unique_entrez_id"
"2477980","79833","unique_entrez_id"
"2478017","729967","unique_entrez_id"
"2478269","130733","unique_entrez_id"
"2478748","27436","unique_entrez_id"
"2478928","57504","unique_entrez_id"
"2479350","100129726","unique_entrez_id"
"2479433","130271","unique_entrez_id"
"2479510","105374571;51626","ambiguous_multiple_entrez"
"2479560","64241","unique_entrez_id"
"2479640","5495","unique_entrez_id"
"2479698","6519","unique_entrez_id"
"2479746","79823","unique_entrez_id"
"2479943","6496","unique_entrez_id"
"2480168","5581","unique_entrez_id"
"2480383","2034","unique_entrez_id"
"2480589","9419","unique_entrez_id"
"2480619","9655","unique_entrez_id"
"2480961","4072","unique_entrez_id"
"2480992","4436","unique_entrez_id"
"2481142","105374589;2956","ambiguous_multiple_entrez"
"2481271","3344","unique_entrez_id"
"2481308","129285","unique_entrez_id"
"2481379","11036;11037;286749","ambiguous_multiple_entrez"
"2482211","494143","unique_entrez_id"
"2482230","27248","unique_entrez_id"
"2482316","105374615;98","ambiguous_multiple_entrez"
"2482440","129852","unique_entrez_id"
"2482505","6711","unique_entrez_id"
"2482683","56969;6711","ambiguous_multiple_entrez"
"2482930","","unmapped_entrez"
"2482931","","unmapped_entrez"
"2482932","","unmapped_entrez"
"2482933","","unmapped_entrez"
"2482937","","unmapped_entrez"
"2482940","","unmapped_entrez"
"2482941","","unmapped_entrez"
"2482944","","unmapped_entrez"
"2482946","","unmapped_entrez"
"2483016","112942","unique_entrez_id"
"2483451","7444","unique_entrez_id"
"2484305","64895","unique_entrez_id"
"2484358","5966","unique_entrez_id"
"2484422","5194","unique_entrez_id"
"2484457","84542","unique_entrez_id"
"2484552","130872","unique_entrez_id"
"2484752","150684;220885;388524;3921;653162","ambiguous_multiple_entrez"
"2484841","10678","unique_entrez_id"
"2484970","23301","unique_entrez_id"
"2485112","5013","unique_entrez_id"
"2485176","4190","unique_entrez_id"
"2485257","7360","unique_entrez_id"
"2485406","29094","unique_entrez_id"
"2485433","339807;54812","ambiguous_multiple_entrez"
"2485636","6509","unique_entrez_id"
"2485688","23177","unique_entrez_id"
"2485784","10097","unique_entrez_id"
"2485886","105369167;105369168","ambiguous_multiple_entrez"
"2486178","4211","unique_entrez_id"
"2486520","54465","unique_entrez_id"
"2486740","56902","unique_entrez_id"
"2486811","102724389;5341","ambiguous_multiple_entrez"
"2486851","200558","unique_entrez_id"
"2486901","10887","unique_entrez_id"
"2486927","9938","unique_entrez_id"
"2487063","56287","unique_entrez_id"
"2487082","84168","unique_entrez_id"
"2487412","307","unique_entrez_id"
"2487478","64395;64396","ambiguous_multiple_entrez"
"2487527","11017","unique_entrez_id"
"2487549","4084","unique_entrez_id"
"2487639","5093","unique_entrez_id"
"2487696","51449","unique_entrez_id"
"2487882","25806","unique_entrez_id"
"2487918","525","unique_entrez_id"
"2487963","79998","unique_entrez_id"
"2488038","55577","unique_entrez_id"
"2488078","10199","unique_entrez_id"
"2488114","27332","unique_entrez_id"
"2488252","8291","unique_entrez_id"
"2488584","6697","unique_entrez_id"
"2488596","2016","unique_entrez_id"
"2488680","10322;344022","ambiguous_multiple_entrez"
"2488732","10574","unique_entrez_id"
"2488785","7840","unique_entrez_id"
"2488898","200420","unique_entrez_id"
"2488959","10617","unique_entrez_id"
"2489007","72","unique_entrez_id"
"2489035","1716;200424","ambiguous_multiple_entrez"
"2489071","200424","unique_entrez_id"
"2489140","","unmapped_entrez"
"2489169","","unmapped_entrez"
"2489172","10797","unique_entrez_id"
"2489228","84058","unique_entrez_id"
"2489258","100532735;83444","ambiguous_multiple_entrez"
"2489322","64427","unique_entrez_id"
"2489372","151534","unique_entrez_id"
"2489385","3196","unique_entrez_id"
"2489411","27429","unique_entrez_id"
"2489440","1796","unique_entrez_id"
"2489470","102724497;10505","ambiguous_multiple_entrez"
"2489545","3099","unique_entrez_id"
"2489606","56655","unique_entrez_id"
"2489806","9801","unique_entrez_id"
"2490299","130120;5068","ambiguous_multiple_entrez"
"2490324","5967","unique_entrez_id"
"2490351","1496","unique_entrez_id"
"2491046","388965","unique_entrez_id"
"2491089","1768","unique_entrez_id"
"2491168","1768","unique_entrez_id"
"2491271","9168","unique_entrez_id"
"2491336","56888","unique_entrez_id"
"2491386","54884;83439","ambiguous_multiple_entrez"
"2491523","84173","unique_entrez_id"
"2491572","105374841;284948","ambiguous_multiple_entrez"
"2491615","4144","unique_entrez_id"
"2491661","8673","unique_entrez_id"
"2491676","10791","unique_entrez_id"
"2491686","51255","unique_entrez_id"
"2491702","10713","unique_entrez_id"
"2491745","10578","unique_entrez_id"
"2491788","84913","unique_entrez_id"
"2491935","55037;692225","ambiguous_multiple_entrez"
"2492015","51318","unique_entrez_id"
"2492064","55818","unique_entrez_id"
"2492496","112597;541471;64682","ambiguous_multiple_entrez"
"2492753","150572","unique_entrez_id"
"2492783","55258","unique_entrez_id"
"2492898","200523","unique_entrez_id"
"2492938","22934","unique_entrez_id"
"2493746","150483","unique_entrez_id"
"2493813","105373488;7549","ambiguous_multiple_entrez"
"2493858","4118","unique_entrez_id"
"2493943","150696","unique_entrez_id"
"2493992","150696;30818","ambiguous_multiple_entrez"
"2494064","151313;51011","ambiguous_multiple_entrez"
"2494151","100419920","unique_entrez_id"
"2494447","9391","unique_entrez_id"
"2494472","150771","unique_entrez_id"
"2494484","23397","unique_entrez_id"
"2494537","10865","unique_entrez_id"
"2494579","10865","unique_entrez_id"
"2494709","26504","unique_entrez_id"
"2494749","26505","unique_entrez_id"
"2495121","1329","unique_entrez_id"
"2495187","7535","unique_entrez_id"
"2495279","200403","unique_entrez_id"
"2495410","1261","unique_entrez_id"
"2495446","3631","unique_entrez_id"
"2495555","25972;3631","ambiguous_multiple_entrez"
"2495758","150590","unique_entrez_id"
"2495782","51601","unique_entrez_id"
"2495806","51263","unique_entrez_id"
"2495881","9669","unique_entrez_id"
"2496280","79031","unique_entrez_id"
"2496382","4862","unique_entrez_id"
"2496536","105373510;6160","ambiguous_multiple_entrez"
"2496628","55571","unique_entrez_id"
"2496727","9448","unique_entrez_id"
"2496907","7850","unique_entrez_id"
"2496962","3554","unique_entrez_id"
"2497018","","unmapped_entrez"
"2497028","8808","unique_entrez_id"
"2497082","9173","unique_entrez_id"
"2497119","8809","unique_entrez_id"
"2497161","8807","unique_entrez_id"
"2497252","6549","unique_entrez_id"
"2497301","130827","unique_entrez_id"
"2497812","5455","unique_entrez_id"
"2497892","64965","unique_entrez_id"
"2497974","11250","unique_entrez_id"
"2498046","79074","unique_entrez_id"
"2498143","8440","unique_entrez_id"
"2498274","84417","unique_entrez_id"
"2498806","60482","unique_entrez_id"
"2498911","6819","unique_entrez_id"
"2498951","27233","unique_entrez_id"
"2498977","9648","unique_entrez_id"
"2499053","100271835;100288695;3987;96626","ambiguous_multiple_entrez"
"2499158","285190;400966;5903;653489;727851;729540;729857;84220","ambiguous_multiple_entrez"
"2499234","165055","unique_entrez_id"
"2500165","55289","unique_entrez_id"
"2500275","10018","unique_entrez_id"
"2500550","10461","unique_entrez_id"
"2500615","84910","unique_entrez_id"
"2500667","129804","unique_entrez_id"
"2500722","376940","unique_entrez_id"
"2500803","150465","unique_entrez_id"
"2500838","84172","unique_entrez_id"
"2500875","84269","unique_entrez_id"
"2500919","6574","unique_entrez_id"
"2501075","27178","unique_entrez_id"
"2501120","56300","unique_entrez_id"
"2501140","27179","unique_entrez_id"
"2501161","26525","unique_entrez_id"
"2501178","84639","unique_entrez_id"
"2501204","3557","unique_entrez_id"
"2501238","23550","unique_entrez_id"
"2501317","654433","unique_entrez_id"
"2501697","10096;440900","ambiguous_multiple_entrez"
"2501835","57628","unique_entrez_id"
"2502300","8886","unique_entrez_id"
"2502424","51141","unique_entrez_id"
"2502686","8685","unique_entrez_id"
"2502762","55240","unique_entrez_id"
"2502821","1622","unique_entrez_id"
"2502842","140738","unique_entrez_id"
"2502952","80775","unique_entrez_id"
"2503021","5775","unique_entrez_id"
"2503109","57669","unique_entrez_id"
"2503200","5899","unique_entrez_id"
"2503257","3625","unique_entrez_id"
"2503374","2736","unique_entrez_id"
"2503618","7247","unique_entrez_id"
"2503929","129684","unique_entrez_id"
"2504328","2995","unique_entrez_id"
"2504595","5624","unique_entrez_id"
"2504645","4648","unique_entrez_id"
"2504743","2840","unique_entrez_id"
"2504766","84826","unique_entrez_id"
"2504883","56886","unique_entrez_id"
"2505293","150786;5870;84084","ambiguous_multiple_entrez"
"2505386","26227;653784;80097","ambiguous_multiple_entrez"
"2505404","80097","unique_entrez_id"
"2505501","92856","unique_entrez_id"
"2505529","105373618;26469","ambiguous_multiple_entrez"
"2505779","344561","unique_entrez_id"
"2505793","205147","unique_entrez_id"
"2505833","50649","unique_entrez_id"
"2505957","55041","unique_entrez_id"
"2505993","100288966;102723502;102724631;23784;317754;388468;404785;440915;445582;641455;653269;653781;728378","ambiguous_multiple_entrez"
"2506570","2863","unique_entrez_id"
"2506693","","unmapped_entrez"
"2506903","4249","unique_entrez_id"
"2507173","130013","unique_entrez_id"
"2507209","905","unique_entrez_id"
"2507380","23518;406915","ambiguous_multiple_entrez"
"2507495","23190","unique_entrez_id"
"2507896","3176","unique_entrez_id"
"2508016","339745","unique_entrez_id"
"2508520","8942","unique_entrez_id"
"2508611","101928361;55843","ambiguous_multiple_entrez"
"2509286","728773","unique_entrez_id"
"2509557","92","unique_entrez_id"
"2509740","55777","unique_entrez_id"
"2509832","26122","unique_entrez_id"
"2509900","3800","unique_entrez_id"
"2509988","130576","unique_entrez_id"
"2510056","130574","unique_entrez_id"
"2510464","7130","unique_entrez_id"
"2510485","55183","unique_entrez_id"
"2510713","10726;114793","ambiguous_multiple_entrez"
"2510884","151188","unique_entrez_id"
"2511045","114805","unique_entrez_id"
"2511153","3760","unique_entrez_id"
"2511432","105373707;2820","ambiguous_multiple_entrez"
"2511603","11227","unique_entrez_id"
"2511712","105373714;151531","ambiguous_multiple_entrez"
"2511804","554201","unique_entrez_id"
"2511820","8502","unique_entrez_id"
"2512330","64844","unique_entrez_id"
"2512601","10010","unique_entrez_id"
"2512701","10213","unique_entrez_id"
"2512752","10716","unique_entrez_id"
"2512790","57282","unique_entrez_id"
"2512930","25801","unique_entrez_id"
"2513471","6326","unique_entrez_id"
"2513554","80034","unique_entrez_id"
"2513758","129446","unique_entrez_id"
"2513925","8708","unique_entrez_id"
"2514122","253782","unique_entrez_id"
"2514216","115677","unique_entrez_id"
"2514271","57818","unique_entrez_id"
"2514304","10170","unique_entrez_id"
"2514365","129880","unique_entrez_id"
"2514413","10324","unique_entrez_id"
"2514441","9360","unique_entrez_id"
"2514497","100526832;493911","ambiguous_multiple_entrez"
"2514516","100128621;100526832;151230","ambiguous_multiple_entrez"
"2514563","100526832;151230","ambiguous_multiple_entrez"
"2514566","6741","unique_entrez_id"
"2514658","130507","unique_entrez_id"
"2514745","140469","unique_entrez_id"
"2514908","389058","unique_entrez_id"
"2514926","8894","unique_entrez_id"
"2514969","2571","unique_entrez_id"
"2515050","26003","unique_entrez_id"
"2515183","80067","unique_entrez_id"
"2515240","79901","unique_entrez_id"
"2515276","1781","unique_entrez_id"
"2515369","8520","unique_entrez_id"
"2515402","254042","unique_entrez_id"
"2515471","1745","unique_entrez_id"
"2515627","3655","unique_entrez_id"
"2515707","5163","unique_entrez_id"
"2515783","11069","unique_entrez_id"
"2515933","51776","unique_entrez_id"
"2516023","83879","unique_entrez_id"
"2516332","105373748;79634","ambiguous_multiple_entrez"
"2516451","","unmapped_entrez"
"2516452","","unmapped_entrez"
"2516455","","unmapped_entrez"
"2516780","3239","unique_entrez_id"
"2516793","3238","unique_entrez_id"
"2516807","3237","unique_entrez_id"
"2516834","3236","unique_entrez_id"
"2516853","3235","unique_entrez_id"
"2516879","3234","unique_entrez_id"
"2516912","3232;3233;406903","ambiguous_multiple_entrez"
"2516953","3232","unique_entrez_id"
"2516967","102465802;3231","ambiguous_multiple_entrez"
"2517013","10651","unique_entrez_id"
"2517408","8540","unique_entrez_id"
"2517549","129831","unique_entrez_id"
"2517588","114880","unique_entrez_id"
"2517737","65977","unique_entrez_id"
"2518155","10477;286480","ambiguous_multiple_entrez"
"2518272","3676","unique_entrez_id"
"2518428","6744","unique_entrez_id"
"2518488","151242","unique_entrez_id"
"2518583","54431","unique_entrez_id"
"2518729","142679","unique_entrez_id"
"2518743","129401","unique_entrez_id"
"2518889","91752","unique_entrez_id"
"2519038","401024","unique_entrez_id"
"2519079","401024","unique_entrez_id"
"2519140","55854","unique_entrez_id"
"2519229","3685","unique_entrez_id"
"2519294","165215","unique_entrez_id"
"2519480","51454","unique_entrez_id"
"2519577","1281","unique_entrez_id"
"2519756","84128","unique_entrez_id"
"2519860","54529","unique_entrez_id"
"2519981","5378;84281","ambiguous_multiple_entrez"
"2520069","84281","unique_entrez_id"
"2520113","3628","unique_entrez_id"
"2520138","54842","unique_entrez_id"
"2520225","4664","unique_entrez_id"
"2520291","2744","unique_entrez_id"
"2520429","4430","unique_entrez_id"
"2520533","64859","unique_entrez_id"
"2521239","284992","unique_entrez_id"
"2521278","284992","unique_entrez_id"
"2521446","80219","unique_entrez_id"
"2521479","100529241;3336","ambiguous_multiple_entrez"
"2521500","100529241;25843","ambiguous_multiple_entrez"
"2521556","92935","unique_entrez_id"
"2521574","5334","unique_entrez_id"
"2521878","150538","unique_entrez_id"
"2521997","205327","unique_entrez_id"
"2522014","205327;79568","ambiguous_multiple_entrez"
"2522094","26010","unique_entrez_id"
"2522212","151246","unique_entrez_id"
"2522247","316","unique_entrez_id"
"2522439","9689","unique_entrez_id"
"2522509","60491","unique_entrez_id"
"2522598","4709","unique_entrez_id"
"2522616","8837","unique_entrez_id"
"2522693","843","unique_entrez_id"
"2522728","841","unique_entrez_id"
"2522789","55437","unique_entrez_id"
"2522916","65061","unique_entrez_id"
"2523045","8324","unique_entrez_id"
"2523144","51602;692058","ambiguous_multiple_entrez"
"2523213","659","unique_entrez_id"
"2523354","150864","unique_entrez_id"
"2523419","154865;65065;79800","ambiguous_multiple_entrez"
"2523478","65065","unique_entrez_id"
"2523540","65065","unique_entrez_id"
"2523572","","unmapped_entrez"
"2523573","","unmapped_entrez"
"2523575","","unmapped_entrez"
"2523602","","unmapped_entrez"
"2523604","","unmapped_entrez"
"2523606","","unmapped_entrez"
"2523608","","unmapped_entrez"
"2523610","","unmapped_entrez"
"2523612","","unmapped_entrez"
"2523614","","unmapped_entrez"
"2523616","","unmapped_entrez"
"2523618","","unmapped_entrez"
"2523620","","unmapped_entrez"
"2523622","","unmapped_entrez"
"2523624","","unmapped_entrez"
"2523626","","unmapped_entrez"
"2523628","","unmapped_entrez"
"2523629","","unmapped_entrez"
"2523630","","unmapped_entrez"
"2523631","","unmapped_entrez"
"2523632","","unmapped_entrez"
"2523633","","unmapped_entrez"
"2523634","","unmapped_entrez"
"2523635","57404","unique_entrez_id"
"2523689","10152","unique_entrez_id"
"2523801","940","unique_entrez_id"
"2523855","1493","unique_entrez_id"
"2523874","29851","unique_entrez_id"
"2524016","117583","unique_entrez_id"
"2524301","8828","unique_entrez_id"
"2524577","1933;26798;619569","ambiguous_multiple_entrez"
"2524653","8745","unique_entrez_id"
"2524743","22868","unique_entrez_id"
"2524817","130749","unique_entrez_id"
"2525053","1385","unique_entrez_id"
"2525182","100616361;151195;641367","ambiguous_multiple_entrez"
"2525272","200576","unique_entrez_id"
"2525353","5746","unique_entrez_id"
"2525533","4133","unique_entrez_id"
"2525682","285175","unique_entrez_id"
"2525852","101928020;6120;729020","ambiguous_multiple_entrez"
"2525989","1373","unique_entrez_id"
"2526080","29034","unique_entrez_id"
"2526419","79582","unique_entrez_id"
"2526759","471","unique_entrez_id"
"2526806","","unmapped_entrez"
"2526971","92691","unique_entrez_id"
"2526980","150967;7520","ambiguous_multiple_entrez"
"2527131","50485","unique_entrez_id"
"2527196","101928156;101928180;6168","ambiguous_multiple_entrez"
"2527253","3485","unique_entrez_id"
"2527548","285180","unique_entrez_id"
"2527580","3579","unique_entrez_id"
"2527606","10109","unique_entrez_id"
"2527655","151306","unique_entrez_id"
"2527672","105373880;25953","ambiguous_multiple_entrez"
"2527715","375307","unique_entrez_id"
"2527747","6556","unique_entrez_id"
"2527786","407017;58190","ambiguous_multiple_entrez"
"2527814","7429","unique_entrez_id"
"2527856","9125","unique_entrez_id"
"2527895","84812","unique_entrez_id"
"2527939","617","unique_entrez_id"
"2527971","27148","unique_entrez_id"
"2528020","100507246;9654","ambiguous_multiple_entrez"
"2528093","1593","unique_entrez_id"
"2528144","7475","unique_entrez_id"
"2528159","80326","unique_entrez_id"
"2528198","8941","unique_entrez_id"
"2528275","79137","unique_entrez_id"
"2528308","130617","unique_entrez_id"
"2528347","55139","unique_entrez_id"
"2528386","8576","unique_entrez_id"
"2528407","7277","unique_entrez_id"
"2528426","3300","unique_entrez_id"
"2528476","1674;55578","ambiguous_multiple_entrez"
"2528504","10290","unique_entrez_id"
"2528620","29926","unique_entrez_id"
"2528645","55515","unique_entrez_id"
"2528674","130612","unique_entrez_id"
"2528698","3623","unique_entrez_id"
"2528709","114790","unique_entrez_id"
"2528774","6508","unique_entrez_id"
"2529365","151278","unique_entrez_id"
"2529421","130367","unique_entrez_id"
"2529486","116255","unique_entrez_id"
"2529546","2181","unique_entrez_id"
"2529627","23704","unique_entrez_id"
"2529782","65080","unique_entrez_id"
"2530330","84236","unique_entrez_id"
"2530425","1285","unique_entrez_id"
"2530539","56947","unique_entrez_id"
"2530599","3267","unique_entrez_id"
"2530713","6364","unique_entrez_id"
"2530733","164781","unique_entrez_id"
"2531129","130888","unique_entrez_id"
"2531233","11262;93349","ambiguous_multiple_entrez"
"2531310","11262;93349","ambiguous_multiple_entrez"
"2531377","6672","unique_entrez_id"
"2531522","51719","unique_entrez_id"
"2531589","81618","unique_entrez_id"
"2531648","130560","unique_entrez_id"
"2531712","5707","unique_entrez_id"
"2531779","6234;80210","ambiguous_multiple_entrez"
"2531908","93010","unique_entrez_id"
"2531983","165100","unique_entrez_id"
"2532021","100302285;100422872;100422885;103504734;5757","ambiguous_multiple_entrez"
"2532064","64708","unique_entrez_id"
"2532110","129563","unique_entrez_id"
"2532272","250;251","ambiguous_multiple_entrez"
"2532294","250;251","ambiguous_multiple_entrez"
"2532314","129563;248","ambiguous_multiple_entrez"
"2532378","1144","unique_entrez_id"
"2532399","1146","unique_entrez_id"
"2532422","9470","unique_entrez_id"
"2532480","80303","unique_entrez_id"
"2532510","26058","unique_entrez_id"
"2532626","389084","unique_entrez_id"
"2532681","4759","unique_entrez_id"
"2532699","3635","unique_entrez_id"
"2532793","55054;677772;677775","ambiguous_multiple_entrez"
"2532852","6295","unique_entrez_id"
"2532894","8527","unique_entrez_id"
"2533019","54575;54576;54577;54578;54579;54600;54657;54658;54659","ambiguous_multiple_entrez"
"2533227","79054","unique_entrez_id"
"2533289","6694","unique_entrez_id"
"2533493","23677","unique_entrez_id"
"2533670","116987","unique_entrez_id"
"2533999","57007","unique_entrez_id"
"2534126","10920","unique_entrez_id"
"2534252","102465486;79083","ambiguous_multiple_entrez"
"2534324","51052","unique_entrez_id"
"2534354","9208","unique_entrez_id"
"2534456","9208","unique_entrez_id"
"2534483","375316","unique_entrez_id"
"2534509","10267","unique_entrez_id"
"2534564","100533179;140739;25943","ambiguous_multiple_entrez"
"2534615","100533179;51540","ambiguous_multiple_entrez"
"2534664","339768","unique_entrez_id"
"2534694","377007","unique_entrez_id"
"2534810","26146","unique_entrez_id"
"2534865","51665","unique_entrez_id"
"2535543","401040","unique_entrez_id"
"2535761","2817;406941","ambiguous_multiple_entrez"
"2535830","57140","unique_entrez_id"
"2535859","11132;2859","ambiguous_multiple_entrez"
"2535927","2859","unique_entrez_id"
"2535976","189","unique_entrez_id"
"2536071","25992","unique_entrez_id"
"2536183","5510","unique_entrez_id"
"2536217","50636","unique_entrez_id"
"2536298","4735","unique_entrez_id"
"2536303","","unmapped_entrez"
"2536304","","unmapped_entrez"
"2536305","","unmapped_entrez"
"2536306","","unmapped_entrez"
"2536307","","unmapped_entrez"
"2536308","","unmapped_entrez"
"2536309","","unmapped_entrez"
"2536313","","unmapped_entrez"
"2536314","","unmapped_entrez"
"2536319","","unmapped_entrez"
"2536321","","unmapped_entrez"
"2536322","","unmapped_entrez"
"2536328","","unmapped_entrez"
"2536329","","unmapped_entrez"
"2536330","","unmapped_entrez"
"2536331","","unmapped_entrez"
"2536332","","unmapped_entrez"
"2536333","","unmapped_entrez"
"2536334","","unmapped_entrez"
"2536335","","unmapped_entrez"
"2536338","","unmapped_entrez"
"2536339","","unmapped_entrez"
"2536341","","unmapped_entrez"
"2536345","","unmapped_entrez"
"2536346","","unmapped_entrez"
"2536347","","unmapped_entrez"
"2536348","","unmapped_entrez"
"2536350","","unmapped_entrez"
"2536353","","unmapped_entrez"
"2536354","","unmapped_entrez"
"2536355","","unmapped_entrez"
"2536358","","unmapped_entrez"
"2536359","","unmapped_entrez"
"2536361","","unmapped_entrez"
"2536362","","unmapped_entrez"
"2536363","","unmapped_entrez"
"2536364","","unmapped_entrez"
"2536366","","unmapped_entrez"
"2536368","","unmapped_entrez"
"2536370","","unmapped_entrez"
"2536372","","unmapped_entrez"
"2536374","","unmapped_entrez"
"2536376","","unmapped_entrez"
"2536378","","unmapped_entrez"
"2536380","","unmapped_entrez"
"2536382","","unmapped_entrez"
"2536384","","unmapped_entrez"
"2536386","","unmapped_entrez"
"2536388","","unmapped_entrez"
"2536390","","unmapped_entrez"
"2536392","","unmapped_entrez"
"2536394","","unmapped_entrez"
"2536396","","unmapped_entrez"
"2536398","","unmapped_entrez"
"2536400","","unmapped_entrez"
"2536402","","unmapped_entrez"
"2536404","","unmapped_entrez"
"2536406","","unmapped_entrez"
"2536408","","unmapped_entrez"
"2536410","","unmapped_entrez"
"2536412","","unmapped_entrez"
"2536414","","unmapped_entrez"
"2536416","","unmapped_entrez"
"2536418","","unmapped_entrez"
"2536420","","unmapped_entrez"
"2536422","","unmapped_entrez"
"2536424","","unmapped_entrez"
"2536426","","unmapped_entrez"
"2536428","","unmapped_entrez"
"2536430","","unmapped_entrez"
"2536432","","unmapped_entrez"
"2536434","","unmapped_entrez"
"2536436","","unmapped_entrez"
"2536438","","unmapped_entrez"
"2536440","","unmapped_entrez"
"2536442","","unmapped_entrez"
"2536444","","unmapped_entrez"
"2536446","","unmapped_entrez"
"2536448","","unmapped_entrez"
"2536450","","unmapped_entrez"
"2536452","","unmapped_entrez"
"2536454","","unmapped_entrez"
"2536456","","unmapped_entrez"
"2536458","","unmapped_entrez"
"2536460","","unmapped_entrez"
"2536462","","unmapped_entrez"
"2536464","","unmapped_entrez"
"2536466","","unmapped_entrez"
"2536468","","unmapped_entrez"
"2536470","","unmapped_entrez"
"2536472","","unmapped_entrez"
"2536474","","unmapped_entrez"
"2536476","","unmapped_entrez"
"2536478","","unmapped_entrez"
"2536480","","unmapped_entrez"
"2536482","","unmapped_entrez"
"2536484","","unmapped_entrez"
"2536486","","unmapped_entrez"
"2536488","","unmapped_entrez"
"2536490","","unmapped_entrez"
"2536492","","unmapped_entrez"
"2536494","","unmapped_entrez"
"2536496","","unmapped_entrez"
"2536498","","unmapped_entrez"
"2536500","","unmapped_entrez"
"2536502","","unmapped_entrez"
"2536504","","unmapped_entrez"
"2536506","","unmapped_entrez"
"2536508","","unmapped_entrez"
"2536510","","unmapped_entrez"
"2536512","","unmapped_entrez"
"2536514","","unmapped_entrez"
"2536516","","unmapped_entrez"
"2536518","","unmapped_entrez"
"2536520","","unmapped_entrez"
"2536522","","unmapped_entrez"
"2536524","","unmapped_entrez"
"2536526","","unmapped_entrez"
"2536528","","unmapped_entrez"
"2536530","","unmapped_entrez"
"2536531","9855","unique_entrez_id"
"2536625","666","unique_entrez_id"
"2536757","84289","unique_entrez_id"
"2536800","728294","unique_entrez_id"
"2536874","64090","unique_entrez_id"
"2536889","129807","unique_entrez_id"
"2536959","","unmapped_entrez"
"2536965","285097","unique_entrez_id"
"2536996","","unmapped_entrez"
"2537109","26751","unique_entrez_id"
"2537171","285016","unique_entrez_id"
"2537290","129787","unique_entrez_id"
"2538000","246243","unique_entrez_id"
"2538480","7260","unique_entrez_id"
"2538600","55256","unique_entrez_id"
"2538924","400941","unique_entrez_id"
"2539125","129607","unique_entrez_id"
"2539387","339789","unique_entrez_id"
"2539607","129642","unique_entrez_id"
"2539765","9270","unique_entrez_id"
"2539821","6868","unique_entrez_id"
"2539869","10971","unique_entrez_id"
"2539970","","unmapped_entrez"
"2540007","192668","unique_entrez_id"
"2540157","100302743;4953","ambiguous_multiple_entrez"
"2540210","79954","unique_entrez_id"
"2540317","10130;105373428","ambiguous_multiple_entrez"
"2540464","285150","unique_entrez_id"
"2540477","9475","unique_entrez_id"
"2540578","1876","unique_entrez_id"
"2540658","23620","unique_entrez_id"
"2541230","51594","unique_entrez_id"
"2541523","10408","unique_entrez_id"
"2541699","81553","unique_entrez_id"
"2541944","79677","unique_entrez_id"
"2542226","100526794;57665","ambiguous_multiple_entrez"
"2542238","100526794;93034","ambiguous_multiple_entrez"
"2542420","130497","unique_entrez_id"
"2542651","57539","unique_entrez_id"
"2542711","4148","unique_entrez_id"
"2542737","9741","unique_entrez_id"
"2542795","6382","unique_entrez_id"
"2542816","23369","unique_entrez_id"
"2542972","91942","unique_entrez_id"
"2542990","64342","unique_entrez_id"
"2543066","60526","unique_entrez_id"
"2543163","338","unique_entrez_id"
"2544012","54454","unique_entrez_id"
"2544164","80304","unique_entrez_id"
"2544179","51639","unique_entrez_id"
"2544201","9540","unique_entrez_id"
"2544219","375189","unique_entrez_id"
"2544238","50618","unique_entrez_id"
"2544353","","unmapped_entrez"
"2544468","105369164;391356","ambiguous_multiple_entrez"
"2544484","109","unique_entrez_id"
"2544565","51277","unique_entrez_id"
"2544625","5443","unique_entrez_id"
"2544662","1788","unique_entrez_id"
"2544781","1838","unique_entrez_id"
"2544895","","unmapped_entrez"
"2544925","55252","unique_entrez_id"
"2545007","3797","unique_entrez_id"
"2545092","3030","unique_entrez_id"
"2545144","165082","unique_entrez_id"
"2545200","9381","unique_entrez_id"
"2545478","10669","unique_entrez_id"
"2545509","10113","unique_entrez_id"
"2545534","339779","unique_entrez_id"
"2545549","8884","unique_entrez_id"
"2545613","7781","unique_entrez_id"
"2545645","7349","unique_entrez_id"
"2545653","4358","unique_entrez_id"
"2545681","2976","unique_entrez_id"
"2545750","8890","unique_entrez_id"
"2545793","130557","unique_entrez_id"
"2545811","5496","unique_entrez_id"
"2545841","2498","unique_entrez_id"
"2545869","26160","unique_entrez_id"
"2545953","64838","unique_entrez_id"
"2545999","79635","unique_entrez_id"
"2546008","9913","unique_entrez_id"
"2546054","100302650;64080","ambiguous_multiple_entrez"
"2546285","55006","unique_entrez_id"
"2546409","238","unique_entrez_id"
"2546795","92291","unique_entrez_id"
"2546874","79623","unique_entrez_id"
"2547090","","unmapped_entrez"
"2547114","7498","unique_entrez_id"
"2547231","6716","unique_entrez_id"
"2547332","51072","unique_entrez_id"
"2547386","84661","unique_entrez_id"
"2547454","58484","unique_entrez_id"
"2547716","25940","unique_entrez_id"
"2547751","151325","unique_entrez_id"
"2548172","9637","unique_entrez_id"
"2548274","6801","unique_entrez_id"
"2548402","5610","unique_entrez_id"
"2548459","10153","unique_entrez_id"
"2548500","23683","unique_entrez_id"
"2548617","10602","unique_entrez_id"
"2548699","1545","unique_entrez_id"
"2548776","64225","unique_entrez_id"
"2548871","92906","unique_entrez_id"
"2548970","6432","unique_entrez_id"
"2549007","90957","unique_entrez_id"
"2549092","6654","unique_entrez_id"
"2549260","8491","unique_entrez_id"
"2549455","80745","unique_entrez_id"
"2549565","6546","unique_entrez_id"
"2550122","9167","unique_entrez_id"
"2550175","170850","unique_entrez_id"
"2550325","165140","unique_entrez_id"
"2550339","105374568;23498","ambiguous_multiple_entrez"
"2550522","678","unique_entrez_id"
"2550542","63892","unique_entrez_id"
"2550755","64240","unique_entrez_id"
"2550790","10128","unique_entrez_id"
"2550959","9581","unique_entrez_id"
"2551189","10736","unique_entrez_id"
"2551284","400952","unique_entrez_id"
"2551327","55133","unique_entrez_id"
"2551651","90423","unique_entrez_id"
"2551690","5281","unique_entrez_id"
"2551786","90411","unique_entrez_id"
"2551905","285051","unique_entrez_id"
"2551924","101927043;805","ambiguous_multiple_entrez"
"2552051","56660","unique_entrez_id"
"2552153","80204","unique_entrez_id"
"2552368","3973","unique_entrez_id"
"2552470","2492","unique_entrez_id"
"2552643","9378","unique_entrez_id"
"2553192","100302652;51130","ambiguous_multiple_entrez"
"2553262","100302652;10936","ambiguous_multiple_entrez"
"2553282","23198","unique_entrez_id"
"2553421","388951","unique_entrez_id"
"2553576","57142","unique_entrez_id"
"2553682","130162","unique_entrez_id"
"2553730","4528","unique_entrez_id"
"2553771","55704;689","ambiguous_multiple_entrez"
"2553911","57223","unique_entrez_id"
"2553970","87178","unique_entrez_id"
"2554018","2202","unique_entrez_id"
"2554448","55120","unique_entrez_id"
"2554975","53335","unique_entrez_id"
"2555174","100271700;150962","ambiguous_multiple_entrez"
"2555252","339803","unique_entrez_id"
"2555277","9736","unique_entrez_id"
"2555490","7514","unique_entrez_id"
"2555630","10575","unique_entrez_id"
"2555830","200728","unique_entrez_id"
"2556010","100169989","unique_entrez_id"
"2556017","51057","unique_entrez_id"
"2556215","51542","unique_entrez_id"
"2556302","57162","unique_entrez_id"
"2556529","9792","unique_entrez_id"
"2556667","5861","unique_entrez_id"
"2556752","200734","unique_entrez_id"
"2557565","","unmapped_entrez"
"2557566","","unmapped_entrez"
"2557567","","unmapped_entrez"
"2557568","","unmapped_entrez"
"2557569","","unmapped_entrez"
"2557571","","unmapped_entrez"
"2557585","","unmapped_entrez"
"2557587","","unmapped_entrez"
"2557589","","unmapped_entrez"
"2557591","","unmapped_entrez"
"2557593","","unmapped_entrez"
"2557595","","unmapped_entrez"
"2557597","","unmapped_entrez"
"2557599","","unmapped_entrez"
"2557601","","unmapped_entrez"
"2557603","","unmapped_entrez"
"2557605","","unmapped_entrez"
"2557607","","unmapped_entrez"
"2557609","","unmapped_entrez"
"2557611","","unmapped_entrez"
"2557613","","unmapped_entrez"
"2557615","","unmapped_entrez"
"2557617","","unmapped_entrez"
"2557619","","unmapped_entrez"
"2557621","","unmapped_entrez"
"2557623","","unmapped_entrez"
"2557625","","unmapped_entrez"
"2557627","","unmapped_entrez"
"2557629","","unmapped_entrez"
"2557631","","unmapped_entrez"
"2557633","","unmapped_entrez"
"2557635","","unmapped_entrez"
"2557637","","unmapped_entrez"
"2557639","","unmapped_entrez"
"2557641","","unmapped_entrez"
"2557643","","unmapped_entrez"
"2557645","","unmapped_entrez"
"2557647","","unmapped_entrez"
"2557649","","unmapped_entrez"
"2557651","","unmapped_entrez"
"2557653","","unmapped_entrez"
"2557655","","unmapped_entrez"
"2557657","","unmapped_entrez"
"2557659","","unmapped_entrez"
"2557661","","unmapped_entrez"
"2557663","","unmapped_entrez"
"2557665","","unmapped_entrez"
"2557667","","unmapped_entrez"
"2557668","105374789;116143;5534","ambiguous_multiple_entrez"
"2557759","25927","unique_entrez_id"
"2557948","27302","unique_entrez_id"
"2557956","200504","unique_entrez_id"
"2558045","2673","unique_entrez_id"
"2558118","27247","unique_entrez_id"
"2558150","100124535;22848","ambiguous_multiple_entrez"
"2558355","151516;400960","ambiguous_multiple_entrez"
"2558483","54980","unique_entrez_id"
"2558511","7072","unique_entrez_id"
"2558595","84908","unique_entrez_id"
"2558612","100874273;7039","ambiguous_multiple_entrez"
"2558736","119","unique_entrez_id"
"2558824","344018","unique_entrez_id"
"2558844","165530","unique_entrez_id"
"2558876","50489","unique_entrez_id"
"2558924","101927750;113419","ambiguous_multiple_entrez"
"2558976","84693","unique_entrez_id"
"2559189","56603","unique_entrez_id"
"2559386","105374800;94097","ambiguous_multiple_entrez"
"2559449","26056","unique_entrez_id"
"2559494","84279","unique_entrez_id"
"2559558","105374802;1961","ambiguous_multiple_entrez"
"2559619","9027","unique_entrez_id"
"2559637","51471","unique_entrez_id"
"2559649","8446","unique_entrez_id"
"2559696","51002","unique_entrez_id"
"2559807","55233","unique_entrez_id"
"2559849","57835","unique_entrez_id"
"2559967","1639","unique_entrez_id"
"2560076","6242","unique_entrez_id"
"2560122","7841","unique_entrez_id"
"2560141","116540","unique_entrez_id"
"2560149","84865","unique_entrez_id"
"2560178","85474","unique_entrez_id"
"2560195","84759","unique_entrez_id"
"2560229","165545","unique_entrez_id"
"2560254","550","unique_entrez_id"
"2560286","84695","unique_entrez_id"
"2560317","130951","unique_entrez_id"
"2560524","6869","unique_entrez_id"
"2560625","84141","unique_entrez_id"
"2560704","6936","unique_entrez_id"
"2560881","80059","unique_entrez_id"
"2561182","5967;5968","ambiguous_multiple_entrez"
"2561201","5969","unique_entrez_id"
"2561216","105374823;130120;5068","ambiguous_multiple_entrez"
"2561493","347730","unique_entrez_id"
"2561955","8802","unique_entrez_id"
"2562115","","unmapped_entrez"
"2562198","10618","unique_entrez_id"
"2562233","54884","unique_entrez_id"
"2562271","822","unique_entrez_id"
"2562343","2677","unique_entrez_id"
"2562387","129303","unique_entrez_id"
"2562435","1910;6439","ambiguous_multiple_entrez"
"2562529","105374843;8869","ambiguous_multiple_entrez"
"2562605","25885","unique_entrez_id"
"2562685","10989","unique_entrez_id"
"2562729","65055","unique_entrez_id"
"2562821","100526767;51652","ambiguous_multiple_entrez"
"2562867","100526767;7844","ambiguous_multiple_entrez"
"2562932","925","unique_entrez_id"
"2562965","926","unique_entrez_id"
"2563481","51315;64682","ambiguous_multiple_entrez"
"2563536","2168;56980","ambiguous_multiple_entrez"
"2563654","102724805;9451","ambiguous_multiple_entrez"
"2563785","28299;28875;28902;28904;28920;28922;3514;50802","ambiguous_multiple_entrez"
"2564520","442028;644316;729171","ambiguous_multiple_entrez"
"2564599","64969","unique_entrez_id"
"2564634","84874","unique_entrez_id"
"2564816","100506076;100506123;150759;400986;645784","ambiguous_multiple_entrez"
"2565011","150763","unique_entrez_id"
"2565082","151","unique_entrez_id"
"2565099","431705","unique_entrez_id"
"2565119","1844","unique_entrez_id"
"2565143","56910","unique_entrez_id"
"2565145","","unmapped_entrez"
"2565146","","unmapped_entrez"
"2565147","","unmapped_entrez"
"2565148","","unmapped_entrez"
"2565149","","unmapped_entrez"
"2565153","","unmapped_entrez"
"2565155","","unmapped_entrez"
"2565156","","unmapped_entrez"
"2565159","","unmapped_entrez"
"2565160","","unmapped_entrez"
"2565161","","unmapped_entrez"
"2565163","","unmapped_entrez"
"2565165","","unmapped_entrez"
"2565167","","unmapped_entrez"
"2565168","","unmapped_entrez"
"2565169","","unmapped_entrez"
"2565172","","unmapped_entrez"
"2565174","","unmapped_entrez"
"2565176","","unmapped_entrez"
"2565180","","unmapped_entrez"
"2565182","","unmapped_entrez"
"2565184","","unmapped_entrez"
"2565186","","unmapped_entrez"
"2565188","","unmapped_entrez"
"2565190","","unmapped_entrez"
"2565194","","unmapped_entrez"
"2565196","","unmapped_entrez"
"2565198","","unmapped_entrez"
"2565200","","unmapped_entrez"
"2565203","","unmapped_entrez"
"2565205","","unmapped_entrez"
"2565207","","unmapped_entrez"
"2565209","","unmapped_entrez"
"2565211","","unmapped_entrez"
"2565213","","unmapped_entrez"
"2565215","","unmapped_entrez"
"2565217","","unmapped_entrez"
"2565219","","unmapped_entrez"
"2565221","","unmapped_entrez"
"2565223","","unmapped_entrez"
"2565225","","unmapped_entrez"
"2565227","","unmapped_entrez"
"2565229","","unmapped_entrez"
"2565233","","unmapped_entrez"
"2565235","","unmapped_entrez"
"2565237","","unmapped_entrez"
"2565239","","unmapped_entrez"
"2565241","","unmapped_entrez"
"2565243","","unmapped_entrez"
"2565246","55654","unique_entrez_id"
"2565262","101929240;23020","ambiguous_multiple_entrez"
"2565264","","unmapped_entrez"
"2565265","","unmapped_entrez"
"2565266","","unmapped_entrez"
"2565268","","unmapped_entrez"
"2565269","","unmapped_entrez"
"2565270","","unmapped_entrez"
"2565271","","unmapped_entrez"
"2565274","","unmapped_entrez"
"2565275","","unmapped_entrez"
"2565277","","unmapped_entrez"
"2565279","","unmapped_entrez"
"2565280","","unmapped_entrez"
"2565281","","unmapped_entrez"
"2565283","","unmapped_entrez"
"2565284","","unmapped_entrez"
"2565286","","unmapped_entrez"
"2565335","","unmapped_entrez"
"2565337","","unmapped_entrez"
"2565339","","unmapped_entrez"
"2565341","","unmapped_entrez"
"2565343","","unmapped_entrez"
"2565345","","unmapped_entrez"
"2565347","","unmapped_entrez"
"2565349","","unmapped_entrez"
"2565351","","unmapped_entrez"
"2565353","","unmapped_entrez"
"2565369","93082","unique_entrez_id"
"2565410","55683","unique_entrez_id"
"2565484","81562","unique_entrez_id"
"2565559","200539","unique_entrez_id"
"2565579","51239","unique_entrez_id"
"2565592","54910","unique_entrez_id"
"2565634","51252","unique_entrez_id"
"2565902","375248;400986;57730;645784","ambiguous_multiple_entrez"
"2565935","105373499;375248;400986;57730;645784","ambiguous_multiple_entrez"
"2566021","10120","unique_entrez_id"
"2566383","493753","unique_entrez_id"
"2566414","11320","unique_entrez_id"
"2566504","343990","unique_entrez_id"
"2566586","80705","unique_entrez_id"
"2566645","129531","unique_entrez_id"
"2566689","254773","unique_entrez_id"
"2566711","10190;129530","ambiguous_multiple_entrez"
"2566740","10190","unique_entrez_id"
"2566764","51455","unique_entrez_id"
"2566848","3899","unique_entrez_id"
"2567167","164832","unique_entrez_id"
"2567242","9486","unique_entrez_id"
"2567447","11138","unique_entrez_id"
"2567583","284996;692205","ambiguous_multiple_entrez"
"2567647","200407","unique_entrez_id"
"2567669","731220","unique_entrez_id"
"2568021","84804","unique_entrez_id"
"2568630","9392","unique_entrez_id"
"2568687","105373529;2274","ambiguous_multiple_entrez"
"2568968","80146","unique_entrez_id"
"2569215","84620","unique_entrez_id"
"2569550","644903","unique_entrez_id"
"2569649","10913","unique_entrez_id"
"2569881","","unmapped_entrez"
"2569908","151011","unique_entrez_id"
"2570193","100271835;100288570;7851","ambiguous_multiple_entrez"
"2570238","4867","unique_entrez_id"
"2570291","205251","unique_entrez_id"
"2570350","151009;440894","ambiguous_multiple_entrez"
"2570616","699","unique_entrez_id"
"2570798","400997","unique_entrez_id"
"2571075","100286979;285074;64682","ambiguous_multiple_entrez"
"2571217","84524","unique_entrez_id"
"2571457","150468","unique_entrez_id"
"2571483","3552","unique_entrez_id"
"2571510","3553","unique_entrez_id"
"2571569","27177","unique_entrez_id"
"2571608","7849","unique_entrez_id"
"2571979","80255","unique_entrez_id"
"2572595","54520","unique_entrez_id"
"2572601","54520","unique_entrez_id"
"2572909","2019","unique_entrez_id"
"2573016","165257","unique_entrez_id"
"2573112","6344","unique_entrez_id"
"2573232","79134","unique_entrez_id"
"2573326","84931","unique_entrez_id"
"2573570","29842","unique_entrez_id"
"2573641","23332","unique_entrez_id"
"2573786","84365","unique_entrez_id"
"2574646","274","unique_entrez_id"
"2574720","339761","unique_entrez_id"
"2574752","2071","unique_entrez_id"
"2574798","10746","unique_entrez_id"
"2574855","","unmapped_entrez"
"2574884","105373608;55677","ambiguous_multiple_entrez"
"2574938","","unmapped_entrez"
"2574984","55679","unique_entrez_id"
"2575054","55339","unique_entrez_id"
"2575134","5433","unique_entrez_id"
"2575161","101060691;728190;83607","ambiguous_multiple_entrez"
"2575196","79595","unique_entrez_id"
"2575897","150776;55627","ambiguous_multiple_entrez"
"2575949","112714;113457;7278","ambiguous_multiple_entrez"
"2575980","84317","unique_entrez_id"
"2576281","130074","unique_entrez_id"
"2576526","26155;401010;643276","ambiguous_multiple_entrez"
"2576554","26227;653784;80097","ambiguous_multiple_entrez"
"2576608","29798;408029;55684","ambiguous_multiple_entrez"
"2576746","","unmapped_entrez"
"2576788","149992;554226;644669","ambiguous_multiple_entrez"
"2576988","116372","unique_entrez_id"
"2577028","344148","unique_entrez_id"
"2577106","344148","unique_entrez_id"
"2577482","100129961;81615","ambiguous_multiple_entrez"
"2577644","80122","unique_entrez_id"
"2577700","84083","unique_entrez_id"
"2577856","3938","unique_entrez_id"
"2577896","4175","unique_entrez_id"
"2577958","1615","unique_entrez_id"
"2578028","7852","unique_entrez_id"
"2578610","11249","unique_entrez_id"
"2578790","105373647;53353","ambiguous_multiple_entrez"
"2579439","79712","unique_entrez_id"
"2579572","9839","unique_entrez_id"
"2580304","5000","unique_entrez_id"
"2580635","27249","unique_entrez_id"
"2580699","150596","unique_entrez_id"
"2580802","390","unique_entrez_id"
"2580943","375287","unique_entrez_id"
"2580955","9111","unique_entrez_id"
"2581000","4703","unique_entrez_id"
"2581349","785","unique_entrez_id"
"2581430","10254","unique_entrez_id"
"2581548","55660","unique_entrez_id"
"2581726","56475","unique_entrez_id"
"2582124","440918;4929","ambiguous_multiple_entrez"
"2582562","90","unique_entrez_id"
"2582701","130940","unique_entrez_id"
"2582979","151525","unique_entrez_id"
"2583014","29994","unique_entrez_id"
"2583254","100526664;4065;9936","ambiguous_multiple_entrez"
"2583374","22925","unique_entrez_id"
"2583465","3694","unique_entrez_id"
"2583602","100505984;5937","ambiguous_multiple_entrez"
"2583631","100616364;5937","ambiguous_multiple_entrez"
"2584018","1803","unique_entrez_id"
"2584113","2641","unique_entrez_id"
"2584134","2191","unique_entrez_id"
"2584207","64135","unique_entrez_id"
"2584258","90134","unique_entrez_id"
"2584520","55137","unique_entrez_id"
"2584712","2888","unique_entrez_id"
"2584787","100337591;22837;5432","ambiguous_multiple_entrez"
"2584904","151258","unique_entrez_id"
"2584957","6328","unique_entrez_id"
"2585129","2591","unique_entrez_id"
"2585167","2591","unique_entrez_id"
"2585236","100506124;79809","ambiguous_multiple_entrez"
"2585322","6323","unique_entrez_id"
"2585400","6335","unique_entrez_id"
"2585476","6332","unique_entrez_id"
"2585701","27347","unique_entrez_id"
"2585933","57405","unique_entrez_id"
"2585972","8647","unique_entrez_id"
"2586038","4036","unique_entrez_id"
"2586227","79675","unique_entrez_id"
"2586348","29081","unique_entrez_id"
"2586603","9874","unique_entrez_id"
"2586744","79828","unique_entrez_id"
"2586845","8604","unique_entrez_id"
"2586989","1746","unique_entrez_id"
"2587520","160824;6670","ambiguous_multiple_entrez"
"2587618","29789","unique_entrez_id"
"2587730","102724194","unique_entrez_id"
"2587747","9541","unique_entrez_id"
"2587790","151556","unique_entrez_id"
"2587841","7456","unique_entrez_id"
"2587937","1134","unique_entrez_id"
"2587961","1123","unique_entrez_id"
"2588066","1386","unique_entrez_id"
"2588127","518","unique_entrez_id"
"2588319","80856","unique_entrez_id"
"2588827","100422824;4780","ambiguous_multiple_entrez"
"2588889","100130691","unique_entrez_id"
"2588965","150737","unique_entrez_id"
"2589011","92104","unique_entrez_id"
"2589017","50940","unique_entrez_id"
"2589214","8575","unique_entrez_id"
"2589255","51661","unique_entrez_id"
"2589291","65991;7273","ambiguous_multiple_entrez"
"2589868","285025","unique_entrez_id"
"2589929","91404","unique_entrez_id"
"2590017","151126","unique_entrez_id"
"2590452","375298","unique_entrez_id"
"2590491","4760","unique_entrez_id"
"2590582","5136","unique_entrez_id"
"2590715","2487","unique_entrez_id"
"2590736","10787","unique_entrez_id"
"2591292","151112","unique_entrez_id"
"2591367","10203","unique_entrez_id"
"2591421","7035","unique_entrez_id"
"2591614","116093","unique_entrez_id"
"2591643","1290","unique_entrez_id"
"2591837","30061","unique_entrez_id"
"2591906","64172","unique_entrez_id"
"2591942","94101","unique_entrez_id"
"2591988","2660","unique_entrez_id"
"2592005","26275","unique_entrez_id"
"2592268","6772","unique_entrez_id"
"2592356","6775","unique_entrez_id"
"2592532","8436","unique_entrez_id"
"2592598","23671","unique_entrez_id"
"2593013","56171","unique_entrez_id"
"2593159","9262","unique_entrez_id"
"2593352","9330","unique_entrez_id"
"2593407","80055","unique_entrez_id"
"2593464","101927547;91526","ambiguous_multiple_entrez"
"2593670","23451","unique_entrez_id"
"2593733","106635539;106635540;3329","ambiguous_multiple_entrez"
"2593796","130132","unique_entrez_id"
"2593838","66037","unique_entrez_id"
"2594089","23314","unique_entrez_id"
"2594313","129450","unique_entrez_id"
"2594435","130535","unique_entrez_id"
"2594497","1195;53938","ambiguous_multiple_entrez"
"2594535","53938","unique_entrez_id"
"2594569","4999","unique_entrez_id"
"2594627","285172","unique_entrez_id"
"2594773","130540","unique_entrez_id"
"2594812","66008","unique_entrez_id"
"2594905","151254","unique_entrez_id"
"2594951","65062","unique_entrez_id"
"2594987","58538","unique_entrez_id"
"2595042","57679","unique_entrez_id"
"2595252","474338;7341","ambiguous_multiple_entrez"
"2595388","130026","unique_entrez_id"
"2595443","55759","unique_entrez_id"
"2595560","65059","unique_entrez_id"
"2596162","54891","unique_entrez_id"
"2596201","100329109;4719","ambiguous_multiple_entrez"
"2596257","2825","unique_entrez_id"
"2596386","130752;391475","ambiguous_multiple_entrez"
"2596514","101927865;8609","ambiguous_multiple_entrez"
"2596689","151194","unique_entrez_id"
"2596763","7855","unique_entrez_id"
"2596776","7855","unique_entrez_id"
"2596948","1421","unique_entrez_id"
"2596955","1420","unique_entrez_id"
"2596975","1419","unique_entrez_id"
"2596982","1418","unique_entrez_id"
"2597010","3417","unique_entrez_id"
"2597273","151050","unique_entrez_id"
"2597347","33","unique_entrez_id"
"2597389","4632","unique_entrez_id"
"2597409","10314","unique_entrez_id"
"2597552","2066","unique_entrez_id"
"2597867","22807","unique_entrez_id"
"2598099","580","unique_entrez_id"
"2598145","26154","unique_entrez_id"
"2598261","2335","unique_entrez_id"
"2598496","55686;55825","ambiguous_multiple_entrez"
"2598606","55825","unique_entrez_id"
"2598828","3488","unique_entrez_id"
"2598868","105373873;7141","ambiguous_multiple_entrez"
"2599153","7145","unique_entrez_id"
"2599303","3577;3580","ambiguous_multiple_entrez"
"2599345","14","unique_entrez_id"
"2599371","102465256;64114","ambiguous_multiple_entrez"
"2599433","57695","unique_entrez_id"
"2599500","7701","unique_entrez_id"
"2599536","64320","unique_entrez_id"
"2599580","53632","unique_entrez_id"
"2599647","54738","unique_entrez_id"
"2599670","1412","unique_entrez_id"
"2599704","255101","unique_entrez_id"
"2599766","255101","unique_entrez_id"
"2599798","3549","unique_entrez_id"
"2599823","79840","unique_entrez_id"
"2599869","151295","unique_entrez_id"
"2599901","27013","unique_entrez_id"
"2599903","","unmapped_entrez"
"2599904","","unmapped_entrez"
"2599905","","unmapped_entrez"
"2599906","","unmapped_entrez"
"2599907","","unmapped_entrez"
"2599908","","unmapped_entrez"
"2599909","","unmapped_entrez"
"2599910","","unmapped_entrez"
"2599911","","unmapped_entrez"
"2599913","","unmapped_entrez"
"2599915","","unmapped_entrez"
"2599916","","unmapped_entrez"
"2599917","","unmapped_entrez"
"2599919","","unmapped_entrez"
"2599926","","unmapped_entrez"
"2599928","","unmapped_entrez"
"2599930","","unmapped_entrez"
"2599932","","unmapped_entrez"
"2599934","","unmapped_entrez"
"2599936","","unmapped_entrez"
"2599938","","unmapped_entrez"
"2599940","","unmapped_entrez"
"2599942","","unmapped_entrez"
"2599944","","unmapped_entrez"
"2599946","","unmapped_entrez"
"2599948","","unmapped_entrez"
"2599955","79065","unique_entrez_id"
"2599993","10058","unique_entrez_id"
"2600037","79411","unique_entrez_id"
"2600068","7277","unique_entrez_id"
"2600089","406944;5798","ambiguous_multiple_entrez"
"2600155","105373883;23549","ambiguous_multiple_entrez"
"2600218","79586","unique_entrez_id"
"2600237","23363","unique_entrez_id"
"2600689","2043","unique_entrez_id"
"2600881","5077","unique_entrez_id"
"2601021","10056","unique_entrez_id"
"2601230","7857","unique_entrez_id"
"2601287","130340","unique_entrez_id"
"2601341","57590","unique_entrez_id"
"2601414","5270","unique_entrez_id"
"2601499","79843","unique_entrez_id"
"2601544","8452","unique_entrez_id"
"2601648","55619","unique_entrez_id"
"2601995","3667","unique_entrez_id"
"2602110","1286","unique_entrez_id"
"2602304","79853","unique_entrez_id"
"2602368","56918;729968","ambiguous_multiple_entrez"
"2602403","80704","unique_entrez_id"
"2602653","55022","unique_entrez_id"
"2602770","105373923;92737","ambiguous_multiple_entrez"
"2602901","9320","unique_entrez_id"
"2602997","151473","unique_entrez_id"
"2603051","3431","unique_entrez_id"
"2603320","9290","unique_entrez_id"
"2603395","3357","unique_entrez_id"
"2603460","25826;4691;6082;654321","ambiguous_multiple_entrez"
"2603531","151477","unique_entrez_id"
"2603544","10316","unique_entrez_id"
"2603597","5147","unique_entrez_id"
"2603669","4880","unique_entrez_id"
"2603787","347694","unique_entrez_id"
"2603844","9427","unique_entrez_id"
"2603897","200765","unique_entrez_id"
"2603960","3769","unique_entrez_id"
"2603987","25791","unique_entrez_id"
"2604138","55230","unique_entrez_id"
"2604223","100286922;414061","ambiguous_multiple_entrez"
"2604254","55355","unique_entrez_id"
"2604390","10123","unique_entrez_id"
"2604930","2637","unique_entrez_id"
"2604953","401036","unique_entrez_id"
"2604998","79781","unique_entrez_id"
"2605321","1293","unique_entrez_id"
"2605480","64284","unique_entrez_id"
"2605660","394261","unique_entrez_id"
"2605674","80895","unique_entrez_id"
"2605735","55502","unique_entrez_id"
"2605749","8864","unique_entrez_id"
"2605939","100287387;401039","ambiguous_multiple_entrez"
"2606026","100616493;9759","ambiguous_multiple_entrez"
"2606348","85009","unique_entrez_id"
"2606574","4705","unique_entrez_id"
"2606634","150681","unique_entrez_id"
"2606643","150678","unique_entrez_id"
"2606658","150677","unique_entrez_id"
"2606741","51281","unique_entrez_id"
"2606859","547","unique_entrez_id"
"2606959","79919","unique_entrez_id"
"2607020","130916","unique_entrez_id"
"2607055","23178","unique_entrez_id"
"2607110","3069","unique_entrez_id"
"2607262","10494","unique_entrez_id"
"2607568","10752","unique_entrez_id"
"2607757","105376924;27255","ambiguous_multiple_entrez"
"2607923","152330","unique_entrez_id"
"2608156","51095","unique_entrez_id"
"2608309","57633","unique_entrez_id"
"2608419","6419","unique_entrez_id"
"2608469","3708","unique_entrez_id"
"2608725","8553","unique_entrez_id"
"2608765","55207","unique_entrez_id"
"2608801","9695","unique_entrez_id"
"2609061","2917","unique_entrez_id"
"2609347","29995","unique_entrez_id"
"2609414","29931","unique_entrez_id"
"2609462","859","unique_entrez_id"
"2609560","25917","unique_entrez_id"
"2609608","55209","unique_entrez_id"
"2609770","64419","unique_entrez_id"
"2609824","151835","unique_entrez_id"
"2609870","7862","unique_entrez_id"
"2609904","4968","unique_entrez_id"
"2609960","100526693;10093;26140","ambiguous_multiple_entrez"
"2610044","84522","unique_entrez_id"
"2610056","132014","unique_entrez_id"
"2610094","84818","unique_entrez_id"
"2610136","78987","unique_entrez_id"
"2610241","2177","unique_entrez_id"
"2610317","55845","unique_entrez_id"
"2610336","7428","unique_entrez_id"
"2610359","3656","unique_entrez_id"
"2610394","100126793;9797","ambiguous_multiple_entrez"
"2610417","84657","unique_entrez_id"
"2610544","6538","unique_entrez_id"
"2610631","6529","unique_entrez_id"
"2610707","3269","unique_entrez_id"
"2610732","10533","unique_entrez_id"
"2610972","6854","unique_entrez_id"
"2611056","5468","unique_entrez_id"
"2611122","80746","unique_entrez_id"
"2611211","23609","unique_entrez_id"
"2611504","79885","unique_entrez_id"
"2611546","2199","unique_entrez_id"
"2611727","348825","unique_entrez_id"
"2611779","79188","unique_entrez_id"
"2611848","6533","unique_entrez_id"
"2611981","51244;65084","ambiguous_multiple_entrez"
"2612012","84077","unique_entrez_id"
"2612100","100132526;152273","ambiguous_multiple_entrez"
"2612175","7182","unique_entrez_id"
"2612278","23473","unique_entrez_id"
"2612371","85403","unique_entrez_id"
"2612401","686","unique_entrez_id"
"2612508","117248;3614","ambiguous_multiple_entrez"
"2612625","92106","unique_entrez_id"
"2612813","100500913;23228","ambiguous_multiple_entrez"
"2613293","131096","unique_entrez_id"
"2613386","5868","unique_entrez_id"
"2613441","8850","unique_entrez_id"
"2613880","7325","unique_entrez_id"
"2614054","7324","unique_entrez_id"
"2614120","6138","unique_entrez_id"
"2614142","101927854;9975","ambiguous_multiple_entrez"
"2614369","5915","unique_entrez_id"
"2614517","54995","unique_entrez_id"
"2614663","116135","unique_entrez_id"
"2614913","152100","unique_entrez_id"
"2615060","27303","unique_entrez_id"
"2615360","7048","unique_entrez_id"
"2615600","201595","unique_entrez_id"
"2615808","23171","unique_entrez_id"
"2615892","152189","unique_entrez_id"
"2615938","112616","unique_entrez_id"
"2616018","131405;25904","ambiguous_multiple_entrez"
"2616131","1233","unique_entrez_id"
"2616166","10491","unique_entrez_id"
"2616204","25827","unique_entrez_id"
"2616317","10015;646278","ambiguous_multiple_entrez"
"2616596","10777;406916","ambiguous_multiple_entrez"
"2616804","6769","unique_entrez_id"
"2616932","4292","unique_entrez_id"
"2617041","2803","unique_entrez_id"
"2617148","339883","unique_entrez_id"
"2617188","3680","unique_entrez_id"
"2617276","10217;407015","ambiguous_multiple_entrez"
"2617433","50853","unique_entrez_id"
"2617477","9940","unique_entrez_id"
"2617563","4615","unique_entrez_id"
"2617579","9943","unique_entrez_id"
"2617630","9390","unique_entrez_id"
"2617659","9389","unique_entrez_id"
"2617687","9942","unique_entrez_id"
"2617752","93","unique_entrez_id"
"2617796","9941","unique_entrez_id"
"2618499","25924","unique_entrez_id"
"2618598","10289","unique_entrez_id"
"2618620","956","unique_entrez_id"
"2618640","9045","unique_entrez_id"
"2618665","285267","unique_entrez_id"
"2618702","253639","unique_entrez_id"
"2618726","285268","unique_entrez_id"
"2618940","1499","unique_entrez_id"
"2619120","105377048;22906","ambiguous_multiple_entrez"
"2619265","7433","unique_entrez_id"
"2619323","51188","unique_entrez_id"
"2619344","4820","unique_entrez_id"
"2619405","92999","unique_entrez_id"
"2619446","131377","unique_entrez_id"
"2619480","1238","unique_entrez_id"
"2619521","100506243;389114;729085","ambiguous_multiple_entrez"
"2619666","54861","unique_entrez_id"
"2619761","51099","unique_entrez_id"
"2620018","285343","unique_entrez_id"
"2620114","285346;55888","ambiguous_multiple_entrez"
"2620150","285349","unique_entrez_id"
"2620160","10168","unique_entrez_id"
"2620194","7584","unique_entrez_id"
"2620212","91392","unique_entrez_id"
"2620222","115560","unique_entrez_id"
"2620256","56992","unique_entrez_id"
"2620315","131616;693149","ambiguous_multiple_entrez"
"2620348","7047","unique_entrez_id"
"2620410","23016","unique_entrez_id"
"2620448","7123","unique_entrez_id"
"2620538","23395","unique_entrez_id"
"2620641","8994","unique_entrez_id"
"2620685","22908","unique_entrez_id"
"2620736","10803","unique_entrez_id"
"2620773","10663","unique_entrez_id"
"2620813","105377067;1232","ambiguous_multiple_entrez"
"2620842","729230","unique_entrez_id"
"2620894","83597","unique_entrez_id"
"2620937","6997;6998","ambiguous_multiple_entrez"
"2620985","259236","unique_entrez_id"
"2621032","5745","unique_entrez_id"
"2621122","23218","unique_entrez_id"
"2621275","23276","unique_entrez_id"
"2621333","22937;25930","ambiguous_multiple_entrez"
"2621451","22907","unique_entrez_id"
"2621570","","unmapped_entrez"
"2621574","820","unique_entrez_id"
"2621583","51385","unique_entrez_id"
"2621647","285231","unique_entrez_id"
"2621705","11277;84126","ambiguous_multiple_entrez"
"2621827","10425","unique_entrez_id"
"2621881","11180;54681","ambiguous_multiple_entrez"
"2621917","11180","unique_entrez_id"
"2621949","25915","unique_entrez_id"
"2622006","200942","unique_entrez_id"
"2622026","339834","unique_entrez_id"
"2622063","","unmapped_entrez"
"2622095","6988","unique_entrez_id"
"2622121","1605","unique_entrez_id"
"2622153","8927","unique_entrez_id"
"2622196","327","unique_entrez_id"
"2622239","63891","unique_entrez_id"
"2622340","389119","unique_entrez_id"
"2622359","10180","unique_entrez_id"
"2622435","10180","unique_entrez_id"
"2622469","10181","unique_entrez_id"
"2622547","6405","unique_entrez_id"
"2622590","2779","unique_entrez_id"
"2622607","10991","unique_entrez_id"
"2622638","2771","unique_entrez_id"
"2622680","","unmapped_entrez"
"2622696","102465526;132228;7869","ambiguous_multiple_entrez"
"2622742","132228","unique_entrez_id"
"2622772","11068","unique_entrez_id"
"2622859","51409","unique_entrez_id"
"2622912","7867","unique_entrez_id"
"2622970","100616138;1795","ambiguous_multiple_entrez"
"2623139","7873","unique_entrez_id"
"2623154","29890","unique_entrez_id"
"2623180","23132","unique_entrez_id"
"2623249","23132;51368","ambiguous_multiple_entrez"
"2623308","2912","unique_entrez_id"
"2623367","389123","unique_entrez_id"
"2623388","10039","unique_entrez_id"
"2623413","118442","unique_entrez_id"
"2623426","100526760;25864","ambiguous_multiple_entrez"
"2623441","100526760;95","ambiguous_multiple_entrez"
"2623515","211","unique_entrez_id"
"2623568","132160","unique_entrez_id"
"2623611","132158","unique_entrez_id"
"2623662","25981;5527","ambiguous_multiple_entrez"
"2623821","51533","unique_entrez_id"
"2623859","11188","unique_entrez_id"
"2623922","23166","unique_entrez_id"
"2624074","100113381;26354","ambiguous_multiple_entrez"
"2624110","28972","unique_entrez_id"
"2624147","3697","unique_entrez_id"
"2624178","3699","unique_entrez_id"
"2624291","5580","unique_entrez_id"
"2624385","776","unique_entrez_id"
"2624565","55540","unique_entrez_id"
"2624639","55799","unique_entrez_id"
"2625546","353324","unique_entrez_id"
"2625606","26060","unique_entrez_id"
"2625793","7871","unique_entrez_id"
"2625907","105377104;2317","ambiguous_multiple_entrez"
"2626097","57406","unique_entrez_id"
"2626141","11102","unique_entrez_id"
"2626167","54899","unique_entrez_id"
"2626258","200845","unique_entrez_id"
"2626802","5793","unique_entrez_id"
"2627080","57415","unique_entrez_id"
"2627251","132204","unique_entrez_id"
"2627368","","unmapped_entrez"
"2627390","6314","unique_entrez_id"
"2628081","115286","unique_entrez_id"
"2628260","84541","unique_entrez_id"
"2628482","105377146;407738","ambiguous_multiple_entrez"
"2628682","10550","unique_entrez_id"
"2628785","4286","unique_entrez_id"
"2629345","2850","unique_entrez_id"
"2629693","151987;727936","ambiguous_multiple_entrez"
"2629782","55096","unique_entrez_id"
"2631556","253559","unique_entrez_id"
"2631845","25978","unique_entrez_id"
"2631940","3355","unique_entrez_id"
"2632036","55279","unique_entrez_id"
"2632051","285237","unique_entrez_id"
"2632225","2042","unique_entrez_id"
"2632453","200894","unique_entrez_id"
"2632491","63899","unique_entrez_id"
"2632778","285220","unique_entrez_id"
"2632832","285220","unique_entrez_id"
"2632919","84100","unique_entrez_id"
"2633039","81050","unique_entrez_id"
"2633153","26339;402135","ambiguous_multiple_entrez"
"2633166","402135","unique_entrez_id"
"2633191","2838","unique_entrez_id"
"2633256","10402","unique_entrez_id"
"2633390","1295","unique_entrez_id"
"2633460","105374010;84319","ambiguous_multiple_entrez"
"2633535","","unmapped_entrez"
"2633587","55773","unique_entrez_id"
"2633631","56954","unique_entrez_id"
"2633691","55076","unique_entrez_id"
"2633737","84873","unique_entrez_id"
"2633773","10342","unique_entrez_id"
"2633917","54931","unique_entrez_id"
"2633930","57092","unique_entrez_id"
"2634027","79598","unique_entrez_id"
"2634058","91775","unique_entrez_id"
"2634091","64332;91775","ambiguous_multiple_entrez"
"2634153","131368","unique_entrez_id"
"2634494","214","unique_entrez_id"
"2634919","84692","unique_entrez_id"
"2634965","56987","unique_entrez_id"
"2635184","11148","unique_entrez_id"
"2635263","9666","unique_entrez_id"
"2635349","50852","unique_entrez_id"
"2635641","25945","unique_entrez_id"
"2635741","10225","unique_entrez_id"
"2635812","257068;90102","ambiguous_multiple_entrez"
"2635895","90102","unique_entrez_id"
"2635906","90102","unique_entrez_id"
"2635983","55347","unique_entrez_id"
"2635998","29114","unique_entrez_id"
"2636062","693152;79669","ambiguous_multiple_entrez"
"2636125","4345","unique_entrez_id"
"2636185","55032","unique_entrez_id"
"2636272","29083","unique_entrez_id"
"2636319","91653","unique_entrez_id"
"2636483","54847","unique_entrez_id"
"2636589","523","unique_entrez_id"
"2636626","23399;54762","ambiguous_multiple_entrez"
"2636695","254887","unique_entrez_id"
"2636726","79691","unique_entrez_id"
"2636786","201633","unique_entrez_id"
"2637112","2596","unique_entrez_id"
"2637819","152405","unique_entrez_id"
"2637831","7348","unique_entrez_id"
"2637980","56983","unique_entrez_id"
"2638017","51300","unique_entrez_id"
"2638059","141","unique_entrez_id"
"2638077","51365","unique_entrez_id"
"2638123","89876","unique_entrez_id"
"2638177","8856","unique_entrez_id"
"2638467","2960","unique_entrez_id"
"2638630","51725","unique_entrez_id"
"2638676","55840","unique_entrez_id"
"2638728","6565","unique_entrez_id"
"2638789","942","unique_entrez_id"
"2638824","846","unique_entrez_id"
"2638869","1475","unique_entrez_id"
"2638886","26355","unique_entrez_id"
"2638962","151636","unique_entrez_id"
"2638988","165631","unique_entrez_id"
"2639054","54625","unique_entrez_id"
"2639129","84925","unique_entrez_id"
"2639225","10954","unique_entrez_id"
"2639309","26984","unique_entrez_id"
"2639552","100847021;105374077;8997","ambiguous_multiple_entrez"
"2639734","8997","unique_entrez_id"
"2639874","7372","unique_entrez_id"
"2640263","152015;54763","ambiguous_multiple_entrez"
"2640379","348807","unique_entrez_id"
"2640449","166012","unique_entrez_id"
"2640485","255330","unique_entrez_id"
"2640507","84303","unique_entrez_id"
"2640579","5361","unique_entrez_id"
"2640855","4171","unique_entrez_id"
"2640886","50512","unique_entrez_id"
"2640916","80325","unique_entrez_id"
"2640993","166348","unique_entrez_id"
"2641032","100874089;29927","ambiguous_multiple_entrez"
"2641083","60678","unique_entrez_id"
"2641232","","unmapped_entrez"
"2641263","7879;92249","ambiguous_multiple_entrez"
"2641341","28976","unique_entrez_id"
"2641449","79825","unique_entrez_id"
"2641479","2815","unique_entrez_id"
"2641532","102465496;22820","ambiguous_multiple_entrez"
"2641577","56941","unique_entrez_id"
"2641667","55764;653712","ambiguous_multiple_entrez"
"2641769","6010","unique_entrez_id"
"2641794","132243","unique_entrez_id"
"2641901","7200","unique_entrez_id"
"2641944","","unmapped_entrez"
"2642261","256076","unique_entrez_id"
"2642325","27032","unique_entrez_id"
"2642441","79858","unique_entrez_id"
"2642543","152195","unique_entrez_id"
"2642562","131870","unique_entrez_id"
"2642720","55","unique_entrez_id"
"2642791","23317","unique_entrez_id"
"2642887","51554","unique_entrez_id"
"2642911","79876","unique_entrez_id"
"2642995","66000","unique_entrez_id"
"2643095","8419","unique_entrez_id"
"2643157","55573","unique_entrez_id"
"2643217","58477;7018","ambiguous_multiple_entrez"
"2643312","7018","unique_entrez_id"
"2643324","58477","unique_entrez_id"
"2643530","80254","unique_entrez_id"
"2643592","2047","unique_entrez_id"
"2643901","29980;5523","ambiguous_multiple_entrez"
"2644014","5096","unique_entrez_id"
"2644128","80723","unique_entrez_id"
"2644155","4690","unique_entrez_id"
"2644202","53833","unique_entrez_id"
"2644333","8403","unique_entrez_id"
"2644418","51208","unique_entrez_id"
"2644461","25852","unique_entrez_id"
"2644565","22808","unique_entrez_id"
"2644619","83850","unique_entrez_id"
"2644702","55179","unique_entrez_id"
"2644822","56945","unique_entrez_id"
"2644869","60467","unique_entrez_id"
"2645207","287015","unique_entrez_id"
"2645275","55186","unique_entrez_id"
"2645315","92369","unique_entrez_id"
"2645387","92370","unique_entrez_id"
"2645579","5922","unique_entrez_id"
"2645690","9616","unique_entrez_id"
"2645722","105374134;131890","ambiguous_multiple_entrez"
"2645764","483","unique_entrez_id"
"2645906","5357","unique_entrez_id"
"2645951","7220","unique_entrez_id"
"2646125","9435","unique_entrez_id"
"2646327","105374140;205428","ambiguous_multiple_entrez"
"2646818","7545","unique_entrez_id"
"2647015","185","unique_entrez_id"
"2647073","1360","unique_entrez_id"
"2647109","1359","unique_entrez_id"
"2647154","2992","unique_entrez_id"
"2647216","84343","unique_entrez_id"
"2647315","7104","unique_entrez_id"
"2647458","11342","unique_entrez_id"
"2647647","9819","unique_entrez_id"
"2647742","83939","unique_entrez_id"
"2647792","51714","unique_entrez_id"
"2647898","116931","unique_entrez_id"
"2648041","344752","unique_entrez_id"
"2648074","13","unique_entrez_id"
"2648098","56670","unique_entrez_id"
"2648141","4154","unique_entrez_id"
"2648305","5028","unique_entrez_id"
"2648378","5912","unique_entrez_id"
"2648535","26084","unique_entrez_id"
"2648677","4311","unique_entrez_id"
"2648873","8833","unique_entrez_id"
"2648991","7881","unique_entrez_id"
"2649113","25976","unique_entrez_id"
"2649182","389170;4076","ambiguous_multiple_entrez"
"2649367","5806","unique_entrez_id"
"2649532","51319","unique_entrez_id"
"2649609","4291","unique_entrez_id"
"2649640","85476","unique_entrez_id"
"2649710","100287290","unique_entrez_id"
"2649723","64747","unique_entrez_id"
"2649824","100505385;29970;654502","ambiguous_multiple_entrez"
"2650066","3592","unique_entrez_id"
"2650199","10051;406949;406951","ambiguous_multiple_entrez"
"2650357","80117","unique_entrez_id"
"2650393","151742","unique_entrez_id"
"2650538","51068","unique_entrez_id"
"2651165","5274","unique_entrez_id"
"2651671","55892","unique_entrez_id"
"2651740","344658","unique_entrez_id"
"2651782","7095","unique_entrez_id"
"2651828","7095","unique_entrez_id"
"2651835","26996","unique_entrez_id"
"2651916","5584","unique_entrez_id"
"2651989","6498","unique_entrez_id"
"2652027","5010","unique_entrez_id"
"2652217","","unmapped_entrez"
"2652410","64778","unique_entrez_id"
"2652669","","unmapped_entrez"
"2652675","1894","unique_entrez_id"
"2652801","22871","unique_entrez_id"
"2653114","254827","unique_entrez_id"
"2653673","10242","unique_entrez_id"
"2653840","5290","unique_entrez_id"
"2653902","51193","unique_entrez_id"
"2653932","55669","unique_entrez_id"
"2654023","86","unique_entrez_id"
"2654069","4711","unique_entrez_id"
"2654091","8975","unique_entrez_id"
"2654306","151613","unique_entrez_id"
"2654394","8087","unique_entrez_id"
"2654454","347689;6657","ambiguous_multiple_entrez"
"2654815","23200","unique_entrez_id"
"2654855","23200","unique_entrez_id"
"2654967","84002","unique_entrez_id"
"2655113","54800","unique_entrez_id"
"2655168","55689","unique_entrez_id"
"2655308","200909;285242","ambiguous_multiple_entrez"
"2655325","170572","unique_entrez_id"
"2655338","285242","unique_entrez_id"
"2655387","8893","unique_entrez_id"
"2655438","1857","unique_entrez_id"
"2655476","1173","unique_entrez_id"
"2655511","55324","unique_entrez_id"
"2655606","110599564;110599583;9718","ambiguous_multiple_entrez"
"2655650","5708","unique_entrez_id"
"2655688","1981","unique_entrez_id"
"2655755","131408","unique_entrez_id"
"2655773","5437","unique_entrez_id"
"2655790","8646","unique_entrez_id"
"2655845","2049","unique_entrez_id"
"2655955","105374253;23355","ambiguous_multiple_entrez"
"2656146","9175","unique_entrez_id"
"2656230","59343","unique_entrez_id"
"2656569","51726","unique_entrez_id"
"2656598","197","unique_entrez_id"
"2656627","26998","unique_entrez_id"
"2656650","3273","unique_entrez_id"
"2656683","3827","unique_entrez_id"
"2656738","1974;6043;619567;619568;677847","ambiguous_multiple_entrez"
"2656818","9370","unique_entrez_id"
"2656837","6480","unique_entrez_id"
"2656971","132112","unique_entrez_id"
"2657025","64108","unique_entrez_id"
"2657228","401105","unique_entrez_id"
"2657250","4026;407020","ambiguous_multiple_entrez"
"2657546","285386","unique_entrez_id"
"2657665","8626","unique_entrez_id"
"2657808","10686","unique_entrez_id"
"2657831","3556","unique_entrez_id"
"2657967","344901","unique_entrez_id"
"2657981","152137","unique_entrez_id"
"2658275","100874218;57110;84789","ambiguous_multiple_entrez"
"2658346","4976","unique_entrez_id"
"2658595","3280","unique_entrez_id"
"2658785","131583","unique_entrez_id"
"2659039","200958;255812;440993;727956","ambiguous_multiple_entrez"
"2659362","401109","unique_entrez_id"
"2659393","200931","unique_entrez_id"
"2659521","375387","unique_entrez_id"
"2659560","54965","unique_entrez_id"
"2659577","5062;646214","ambiguous_multiple_entrez"
"2659631","205564","unique_entrez_id"
"2659676","","unmapped_entrez"
"2659887","84248","unique_entrez_id"
"2659918","84859","unique_entrez_id"
"2660013","6165","unique_entrez_id"
"2660029","89782","unique_entrez_id"
"2660617","3568","unique_entrez_id"
"2660648","51185","unique_entrez_id"
"2660800","100130207;285362","ambiguous_multiple_entrez"
"2661919","51066","unique_entrez_id"
"2661992","5021","unique_entrez_id"
"2662020","56852","unique_entrez_id"
"2662087","9901","unique_entrez_id"
"2662297","375323","unique_entrez_id"
"2662331","8536","unique_entrez_id"
"2662356","10474","unique_entrez_id"
"2662397","285367","unique_entrez_id"
"2662435","152302;63924","ambiguous_multiple_entrez"
"2662473","285368","unique_entrez_id"
"2662491","55831","unique_entrez_id"
"2662520","152302","unique_entrez_id"
"2662560","115795","unique_entrez_id"
"2662581","55845","unique_entrez_id"
"2662623","51738","unique_entrez_id"
"2662657","6396","unique_entrez_id"
"2662698","491","unique_entrez_id"
"2662956","9686","unique_entrez_id"
"2663038","132001","unique_entrez_id"
"2663083","132001","unique_entrez_id"
"2663130","7079","unique_entrez_id"
"2663244","5894;5906","ambiguous_multiple_entrez"
"2663295","55287","unique_entrez_id"
"2663396","9922","unique_entrez_id"
"2663504","","unmapped_entrez"
"2663551","23225","unique_entrez_id"
"2663714","7476","unique_entrez_id"
"2663785","131474","unique_entrez_id"
"2663810","7508","unique_entrez_id"
"2664099","64432","unique_entrez_id"
"2664123","64145","unique_entrez_id"
"2664209","9467","unique_entrez_id"
"2664288","131965","unique_entrez_id"
"2664332","8292","unique_entrez_id"
"2664395","26061","unique_entrez_id"
"2664452","23243","unique_entrez_id"
"2664607","285381","unique_entrez_id"
"2664640","23180","unique_entrez_id"
"2664760","1618","unique_entrez_id"
"2664891","9779","unique_entrez_id"
"2665199","6304","unique_entrez_id"
"2665472","151651","unique_entrez_id"
"2665526","151649","unique_entrez_id"
"2665572","151648","unique_entrez_id"
"2665720","79750","unique_entrez_id"
"2666103","28512","unique_entrez_id"
"2666147","7068","unique_entrez_id"
"2666478","100616477;7155","ambiguous_multiple_entrez"
"2666566","55768","unique_entrez_id"
"2666807","152110","unique_entrez_id"
"2666884","152110","unique_entrez_id"
"2666904","9497","unique_entrez_id"
"2667024","8320","unique_entrez_id"
"2667181","64343","unique_entrez_id"
"2667243","","unmapped_entrez"
"2667597","339896","unique_entrez_id"
"2667809","114884","unique_entrez_id"
"2668021","54918","unique_entrez_id"
"2668035","51143","unique_entrez_id"
"2668132","","unmapped_entrez"
"2668205","2720;643853","ambiguous_multiple_entrez"
"2668351","7342","unique_entrez_id"
"2668425","23122","unique_entrez_id"
"2669157","9852","unique_entrez_id"
"2669184","9209","unique_entrez_id"
"2669488","5333","unique_entrez_id"
"2669533","105377033;30","ambiguous_multiple_entrez"
"2669641","6331","unique_entrez_id"
"2669732","6336","unique_entrez_id"
"2669803","11280","unique_entrez_id"
"2669888","64689","unique_entrez_id"
"2669930","64651","unique_entrez_id"
"2669955","165904","unique_entrez_id"
"2669979","1524","unique_entrez_id"
"2670481","100874503;54986","ambiguous_multiple_entrez"
"2670725","885","unique_entrez_id"
"2670754","131375","unique_entrez_id"
"2670784","9117","unique_entrez_id"
"2670874","57467","unique_entrez_id"
"2670903","152206","unique_entrez_id"
"2670975","1582","unique_entrez_id"
"2671032","84892","unique_entrez_id"
"2671101","55129","unique_entrez_id"
"2671422","353274","unique_entrez_id"
"2671640","51304","unique_entrez_id"
"2671652","51304","unique_entrez_id"
"2671728","64866","unique_entrez_id"
"2671787","25907","unique_entrez_id"
"2671936","54716","unique_entrez_id"
"2671968","54585","unique_entrez_id"
"2672016","79443","unique_entrez_id"
"2672075","2829","unique_entrez_id"
"2672096","1230","unique_entrez_id"
"2672140","4057","unique_entrez_id"
"2672190","79442","unique_entrez_id"
"2672230","259173","unique_entrez_id"
"2672298","100287362;29122","ambiguous_multiple_entrez"
"2672333","377047","unique_entrez_id"
"2672376","339906","unique_entrez_id"
"2672442","4634","unique_entrez_id"
"2672467","151903","unique_entrez_id"
"2672532","29072","unique_entrez_id"
"2672629","6078;64147","ambiguous_multiple_entrez"
"2672712","22937","unique_entrez_id"
"2672774","54859","unique_entrez_id"
"2672821","10675","unique_entrez_id"
"2672857","6599","unique_entrez_id"
"2672966","4134","unique_entrez_id"
"2673085","993","unique_entrez_id"
"2673136","10201","unique_entrez_id"
"2673181","5364","unique_entrez_id"
"2673257","79714","unique_entrez_id"
"2673270","51246","unique_entrez_id"
"2673312","5210","unique_entrez_id"
"2673345","100313843;1294","ambiguous_multiple_entrez"
"2673503","5210;90226","ambiguous_multiple_entrez"
"2673509","7384","unique_entrez_id"
"2673547","65010","unique_entrez_id"
"2673594","100616112;1951","ambiguous_multiple_entrez"
"2673648","51517","unique_entrez_id"
"2673684","51447","unique_entrez_id"
"2673730","5576","unique_entrez_id"
"2673773","788","unique_entrez_id"
"2673830","406966;55152","ambiguous_multiple_entrez"
"2673873","3615","unique_entrez_id"
"2673902","54870","unique_entrez_id"
"2673937","5859","unique_entrez_id"
"2674047","3913","unique_entrez_id"
"2674138","64925","unique_entrez_id"
"2674168","375341","unique_entrez_id"
"2674179","7375","unique_entrez_id"
"2674229","2876","unique_entrez_id"
"2674242","387","unique_entrez_id"
"2674245","","unmapped_entrez"
"2674246","","unmapped_entrez"
"2674247","","unmapped_entrez"
"2674248","","unmapped_entrez"
"2674249","","unmapped_entrez"
"2674252","","unmapped_entrez"
"2674253","","unmapped_entrez"
"2674255","","unmapped_entrez"
"2674258","","unmapped_entrez"
"2674261","","unmapped_entrez"
"2674268","","unmapped_entrez"
"2674270","","unmapped_entrez"
"2674272","","unmapped_entrez"
"2674274","","unmapped_entrez"
"2674276","","unmapped_entrez"
"2674278","","unmapped_entrez"
"2674280","","unmapped_entrez"
"2674282","","unmapped_entrez"
"2674284","","unmapped_entrez"
"2674286","","unmapped_entrez"
"2674288","","unmapped_entrez"
"2674290","","unmapped_entrez"
"2674292","","unmapped_entrez"
"2674294","","unmapped_entrez"
"2674296","","unmapped_entrez"
"2674298","","unmapped_entrez"
"2674303","","unmapped_entrez"
"2674305","","unmapped_entrez"
"2674307","","unmapped_entrez"
"2674309","","unmapped_entrez"
"2674311","","unmapped_entrez"
"2674313","","unmapped_entrez"
"2674315","","unmapped_entrez"
"2674317","","unmapped_entrez"
"2674319","","unmapped_entrez"
"2674321","","unmapped_entrez"
"2674323","","unmapped_entrez"
"2674325","","unmapped_entrez"
"2674327","","unmapped_entrez"
"2674329","","unmapped_entrez"
"2674331","","unmapped_entrez"
"2674333","","unmapped_entrez"
"2674335","","unmapped_entrez"
"2674337","","unmapped_entrez"
"2674339","","unmapped_entrez"
"2674341","","unmapped_entrez"
"2674343","","unmapped_entrez"
"2674345","","unmapped_entrez"
"2674347","","unmapped_entrez"
"2674349","","unmapped_entrez"
"2674351","","unmapped_entrez"
"2674353","","unmapped_entrez"
"2674355","","unmapped_entrez"
"2674357","","unmapped_entrez"
"2674359","","unmapped_entrez"
"2674361","","unmapped_entrez"
"2674363","","unmapped_entrez"
"2674365","","unmapped_entrez"
"2674367","","unmapped_entrez"
"2674369","","unmapped_entrez"
"2674371","","unmapped_entrez"
"2674373","","unmapped_entrez"
"2674375","","unmapped_entrez"
"2674377","","unmapped_entrez"
"2674379","","unmapped_entrez"
"2674381","","unmapped_entrez"
"2674383","","unmapped_entrez"
"2674385","","unmapped_entrez"
"2674387","","unmapped_entrez"
"2674389","","unmapped_entrez"
"2674391","","unmapped_entrez"
"2674393","","unmapped_entrez"
"2674395","","unmapped_entrez"
"2674397","","unmapped_entrez"
"2674399","","unmapped_entrez"
"2674401","","unmapped_entrez"
"2674403","","unmapped_entrez"
"2674405","","unmapped_entrez"
"2674407","","unmapped_entrez"
"2674412","","unmapped_entrez"
"2674414","","unmapped_entrez"
"2674416","","unmapped_entrez"
"2674418","","unmapped_entrez"
"2674420","","unmapped_entrez"
"2674422","","unmapped_entrez"
"2674424","","unmapped_entrez"
"2674426","","unmapped_entrez"
"2674428","","unmapped_entrez"
"2674430","","unmapped_entrez"
"2674432","","unmapped_entrez"
"2674434","","unmapped_entrez"
"2674436","","unmapped_entrez"
"2674438","","unmapped_entrez"
"2674440","","unmapped_entrez"
"2674442","","unmapped_entrez"
"2674444","","unmapped_entrez"
"2674446","","unmapped_entrez"
"2674448","","unmapped_entrez"
"2674450","","unmapped_entrez"
"2674452","","unmapped_entrez"
"2674454","","unmapped_entrez"
"2674456","","unmapped_entrez"
"2674458","","unmapped_entrez"
"2674460","","unmapped_entrez"
"2674462","","unmapped_entrez"
"2674464","","unmapped_entrez"
"2674466","","unmapped_entrez"
"2674469","","unmapped_entrez"
"2674472","","unmapped_entrez"
"2674474","","unmapped_entrez"
"2674476","","unmapped_entrez"
"2674478","","unmapped_entrez"
"2674480","","unmapped_entrez"
"2674482","","unmapped_entrez"
"2674484","","unmapped_entrez"
"2674486","","unmapped_entrez"
"2674488","","unmapped_entrez"
"2674490","","unmapped_entrez"
"2674492","","unmapped_entrez"
"2674494","","unmapped_entrez"
"2674496","","unmapped_entrez"
"2674498","","unmapped_entrez"
"2674501","275;84276","ambiguous_multiple_entrez"
"2674526","84276","unique_entrez_id"
"2674646","386724","unique_entrez_id"
"2674653","29925","unique_entrez_id"
"2674673","9807","unique_entrez_id"
"2674748","389118","unique_entrez_id"
"2674762","7318","unique_entrez_id"
"2674808","10293","unique_entrez_id"
"2674845","79012","unique_entrez_id"
"2674919","4486","unique_entrez_id"
"2674963","84315","unique_entrez_id"
"2675088","7866","unique_entrez_id"
"2675120","24142;8372","ambiguous_multiple_entrez"
"2675150","3373","unique_entrez_id"
"2675171","8692","unique_entrez_id"
"2675192","11334","unique_entrez_id"
"2675208","11186","unique_entrez_id"
"2675239","51364","unique_entrez_id"
"2675268","10641","unique_entrez_id"
"2675304","11070","unique_entrez_id"
"2675315","9254","unique_entrez_id"
"2675457","105377083;51161","ambiguous_multiple_entrez"
"2675504","1154","unique_entrez_id"
"2675628","9730","unique_entrez_id"
"2675720","132141","unique_entrez_id"
"2675763","9136","unique_entrez_id"
"2675801","57060","unique_entrez_id"
"2675836","84836","unique_entrez_id"
"2675925","1849","unique_entrez_id"
"2675936","25886","unique_entrez_id"
"2675998","54106","unique_entrez_id"
"2676009","11344","unique_entrez_id"
"2676041","406890;80335","ambiguous_multiple_entrez"
"2676092","8314","unique_entrez_id"
"2676141","56920","unique_entrez_id"
"2676167","7134","unique_entrez_id"
"2676182","64943","unique_entrez_id"
"2676219","55193","unique_entrez_id"
"2676319","55830","unique_entrez_id"
"2676352","6787","unique_entrez_id"
"2676397","3700","unique_entrez_id"
"2676454","100526772;389125","ambiguous_multiple_entrez"
"2676471","100526772;375346","ambiguous_multiple_entrez"
"2676518","51460","unique_entrez_id"
"2676579","91869","unique_entrez_id"
"2676636","91869","unique_entrez_id"
"2676671","7086","unique_entrez_id"
"2676726","55802","unique_entrez_id"
"2676854","55349","unique_entrez_id"
"2676901","58515;93973","ambiguous_multiple_entrez"
"2676927","58515","unique_entrez_id"
"2677200","57408","unique_entrez_id"
"2677356","7474","unique_entrez_id"
"2677388","26059","unique_entrez_id"
"2677624","711","unique_entrez_id"
"2677653","23272","unique_entrez_id"
"2677723","50650","unique_entrez_id"
"2677853","105377101;54756","ambiguous_multiple_entrez"
"2677902","8820","unique_entrez_id"
"2677922","142686","unique_entrez_id"
"2678029","201625","unique_entrez_id"
"2678090","378","unique_entrez_id"
"2678116","201627","unique_entrez_id"
"2678298","1776","unique_entrez_id"
"2678367","5162","unique_entrez_id"
"2678400","8309","unique_entrez_id"
"2678448","11170","unique_entrez_id"
"2678468","131177","unique_entrez_id"
"2678526","200844","unique_entrez_id"
"2678714","2272","unique_entrez_id"
"2679014","","unmapped_entrez"
"2679299","84099","unique_entrez_id"
"2679377","105377647;55079","ambiguous_multiple_entrez"
"2679406","8618","unique_entrez_id"
"2679796","80145","unique_entrez_id"
"2679864","9861","unique_entrez_id"
"2679917","166336","unique_entrez_id"
"2680046","56999","unique_entrez_id"
"2680298","9223","unique_entrez_id"
"2680571","","unmapped_entrez"
"2680591","26018","unique_entrez_id"
"2680819","8801","unique_entrez_id"
"2681044","151647","unique_entrez_id"
"2681114","285203","unique_entrez_id"
"2681157","7110","unique_entrez_id"
"2681195","9039","unique_entrez_id"
"2681251","56203","unique_entrez_id"
"2681753","27086","unique_entrez_id"
"2682088","317649","unique_entrez_id"
"2682271","60675","unique_entrez_id"
"2682436","23429","unique_entrez_id"
"2682568","55164","unique_entrez_id"
"2682729","23024","unique_entrez_id"
"2683763","6091","unique_entrez_id"
"2684187","2632","unique_entrez_id"
"2684851","389136","unique_entrez_id"
"2684957","5449","unique_entrez_id"
"2685034","8545","unique_entrez_id"
"2685304","5627","unique_entrez_id"
"2685345","415117","unique_entrez_id"
"2685354","200895","unique_entrez_id"
"2685776","84864","unique_entrez_id"
"2685908","56650","unique_entrez_id"
"2685944","1371","unique_entrez_id"
"2686023","131566","unique_entrez_id"
"2686209","","unmapped_entrez"
"2686213","101929357;11259","ambiguous_multiple_entrez"
"2686371","9868","unique_entrez_id"
"2686458","25890","unique_entrez_id"
"2686602","50939","unique_entrez_id"
"2686646","57337","unique_entrez_id"
"2686727","27107","unique_entrez_id"
"2686775","","unmapped_entrez"
"2686776","","unmapped_entrez"
"2686779","","unmapped_entrez"
"2686781","","unmapped_entrez"
"2686784","","unmapped_entrez"
"2686786","","unmapped_entrez"
"2686787","","unmapped_entrez"
"2686789","","unmapped_entrez"
"2686792","","unmapped_entrez"
"2686794","","unmapped_entrez"
"2686796","","unmapped_entrez"
"2686798","","unmapped_entrez"
"2686800","","unmapped_entrez"
"2686802","","unmapped_entrez"
"2686804","","unmapped_entrez"
"2686806","","unmapped_entrez"
"2686808","","unmapped_entrez"
"2687255","868","unique_entrez_id"
"2687739","961","unique_entrez_id"
"2687840","55081","unique_entrez_id"
"2687979","22989;57650","ambiguous_multiple_entrez"
"2688049","105374034;84666","ambiguous_multiple_entrez"
"2688070","9626","unique_entrez_id"
"2688089","27136","unique_entrez_id"
"2688166","151871","unique_entrez_id"
"2688180","55211","unique_entrez_id"
"2688277","","unmapped_entrez"
"2688499","79413","unique_entrez_id"
"2688562","","unmapped_entrez"
"2688605","257144","unique_entrez_id"
"2688717","151888","unique_entrez_id"
"2688759","64422","unique_entrez_id"
"2688813","151887","unique_entrez_id"
"2688882","25871","unique_entrez_id"
"2688933","344807","unique_entrez_id"
"2688955","131450","unique_entrez_id"
"2689042","55779","unique_entrez_id"
"2689112","152185","unique_entrez_id"
"2689208","80218","unique_entrez_id"
"2689286","57577","unique_entrez_id"
"2689378","1814","unique_entrez_id"
"2689452","7634","unique_entrez_id"
"2689516","26137","unique_entrez_id"
"2690012","4045;9689","ambiguous_multiple_entrez"
"2690715","152404","unique_entrez_id"
"2690776","8702","unique_entrez_id"
"2690850","55254","unique_entrez_id"
"2690900","941","unique_entrez_id"
"2690956","64091","unique_entrez_id"
"2691014","2932","unique_entrez_id"
"2691112","165829","unique_entrez_id"
"2691575","10721","unique_entrez_id"
"2691668","3059","unique_entrez_id"
"2691718","2804","unique_entrez_id"
"2691798","9657","unique_entrez_id"
"2691850","286676","unique_entrez_id"
"2691973","54554","unique_entrez_id"
"2691982","3836","unique_entrez_id"
"2692060","83666","unique_entrez_id"
"2692136","79663","unique_entrez_id"
"2692199","54437","unique_entrez_id"
"2692319","111","unique_entrez_id"
"2692411","201562","unique_entrez_id"
"2692447","4638","unique_entrez_id"
"2692573","64770","unique_entrez_id"
"2692640","152015;54763","ambiguous_multiple_entrez"
"2692816","3693","unique_entrez_id"
"2692883","56667","unique_entrez_id"
"2692909","57493","unique_entrez_id"
"2693014","84561","unique_entrez_id"
"2693081","7707","unique_entrez_id"
"2693149","105374081;8723","ambiguous_multiple_entrez"
"2693217","114885","unique_entrez_id"
"2693332","200810;56052;650368","ambiguous_multiple_entrez"
"2693357","54946","unique_entrez_id"
"2693409","10840","unique_entrez_id"
"2693511","28999","unique_entrez_id"
"2693563","","unmapped_entrez"
"2693569","79364","unique_entrez_id"
"2693616","79364","unique_entrez_id"
"2693620","131669","unique_entrez_id"
"2693654","152065","unique_entrez_id"
"2693682","114112","unique_entrez_id"
"2693937","131601","unique_entrez_id"
"2694001","102723759;11343","ambiguous_multiple_entrez"
"2694123","8607","unique_entrez_id"
"2694305","165721","unique_entrez_id"
"2694314","2624","unique_entrez_id"
"2694360","23434","unique_entrez_id"
"2694397","6184","unique_entrez_id"
"2694520","57501","unique_entrez_id"
"2694598","100534599;339122","ambiguous_multiple_entrez"
"2694617","100534599;57461","ambiguous_multiple_entrez"
"2694644","7555","unique_entrez_id"
"2694675","8971","unique_entrez_id"
"2694706","132241;677797","ambiguous_multiple_entrez"
"2694753","90288","unique_entrez_id"
"2694785","8930","unique_entrez_id"
"2694817","23129","unique_entrez_id"
"2694931","23023","unique_entrez_id"
"2695200","30849","unique_entrez_id"
"2695295","28990","unique_entrez_id"
"2695393","11222;677836","ambiguous_multiple_entrez"
"2695453","131034","unique_entrez_id"
"2695648","100532724;84129","ambiguous_multiple_entrez"
"2695701","100532724;27031","ambiguous_multiple_entrez"
"2695941","11073","unique_entrez_id"
"2696040","51560","unique_entrez_id"
"2696109","80111","unique_entrez_id"
"2696113","6578","unique_entrez_id"
"2696252","6259","unique_entrez_id"
"2696309","102466744;105374118;51421;553117","ambiguous_multiple_entrez"
"2696379","25847","unique_entrez_id"
"2696415","339855","unique_entrez_id"
"2696764","55167","unique_entrez_id"
"2696802","10274","unique_entrez_id"
"2697231","105374128;199221","ambiguous_multiple_entrez"
"2697308","51146","unique_entrez_id"
"2697331","51163","unique_entrez_id"
"2697372","347736","unique_entrez_id"
"2697490","80321","unique_entrez_id"
"2697564","5291","unique_entrez_id"
"2697652","668","unique_entrez_id"
"2697721","389152","unique_entrez_id"
"2697792","9276","unique_entrez_id"
"2697839","5948","unique_entrez_id"
"2697863","5947","unique_entrez_id"
"2697902","349565;56986","ambiguous_multiple_entrez"
"2697971","","unmapped_entrez"
"2698565","7029","unique_entrez_id"
"2698693","256356","unique_entrez_id"
"2698738","54464","unique_entrez_id"
"2698844","545","unique_entrez_id"
"2698996","26577","unique_entrez_id"
"2699059","344838","unique_entrez_id"
"2699145","285195;6767","ambiguous_multiple_entrez"
"2699564","5352","unique_entrez_id"
"2699623","105374145;57088","ambiguous_multiple_entrez"
"2699683","57047","unique_entrez_id"
"2699726","5359","unique_entrez_id"
"2699844","84107","unique_entrez_id"
"2700197","6596","unique_entrez_id"
"2700244","1356","unique_entrez_id"
"2700332","116441","unique_entrez_id"
"2700365","4071","unique_entrez_id"
"2700404","25937","unique_entrez_id"
"2700500","51122","unique_entrez_id"
"2700585","5217","unique_entrez_id"
"2700727","27230","unique_entrez_id"
"2700780","131831","unique_entrez_id"
"2700828","6478","unique_entrez_id"
"2700933","7401","unique_entrez_id"
"2701018","29909","unique_entrez_id"
"2701033","9934","unique_entrez_id"
"2701049","53836","unique_entrez_id"
"2701071","53829","unique_entrez_id"
"2701081","64805","unique_entrez_id"
"2701109","285313","unique_entrez_id"
"2701294","645843","unique_entrez_id"
"2701595","170506","unique_entrez_id"
"2701892","285315","unique_entrez_id"
"2701927","9197","unique_entrez_id"
"2702154","6747","unique_entrez_id"
"2702307","57018","unique_entrez_id"
"2702395","105374179;79674","ambiguous_multiple_entrez"
"2702610","6474","unique_entrez_id"
"2702642","","unmapped_entrez"
"2702724","56925","unique_entrez_id"
"2702752","5918","unique_entrez_id"
"2703133","286827;57560","ambiguous_multiple_entrez"
"2703217","3840;677767","ambiguous_multiple_entrez"
"2703377","8706","unique_entrez_id"
"2703462","165679","unique_entrez_id"
"2703750","6476","unique_entrez_id"
"2703836","22865","unique_entrez_id"
"2703902","590","unique_entrez_id"
"2704052","79740","unique_entrez_id"
"2704114","5276","unique_entrez_id"
"2704143","151790","unique_entrez_id"
"2704188","11235","unique_entrez_id"
"2704267","27333","unique_entrez_id"
"2704441","2122","unique_entrez_id"
"2704504","2122;6146","ambiguous_multiple_entrez"
"2704733","7012;84517","ambiguous_multiple_entrez"
"2704763","151827","unique_entrez_id"
"2704795","79782","unique_entrez_id"
"2704894","80012","unique_entrez_id"
"2705014","57709","unique_entrez_id"
"2705030","57709","unique_entrez_id"
"2705164","56648","unique_entrez_id"
"2705215","6514","unique_entrez_id"
"2705266","23043","unique_entrez_id"
"2705445","5337","unique_entrez_id"
"2705690","2693","unique_entrez_id"
"2705706","8743","unique_entrez_id"
"2705748","57552","unique_entrez_id"
"2705820","83893","unique_entrez_id"
"2706297","79718","unique_entrez_id"
"2706791","64393","unique_entrez_id"
"2706938","59345","unique_entrez_id"
"2706985","57129","unique_entrez_id"
"2707045","51555","unique_entrez_id"
"2707359","131118","unique_entrez_id"
"2707764","54165","unique_entrez_id"
"2707824","56922","unique_entrez_id"
"2707876","27074","unique_entrez_id"
"2707909","23101","unique_entrez_id"
"2708066","89857","unique_entrez_id"
"2708203","79929","unique_entrez_id"
"2708229","55486","unique_entrez_id"
"2708287","10057","unique_entrez_id"
"2708407","10195","unique_entrez_id"
"2708429","94032","unique_entrez_id"
"2708457","1181","unique_entrez_id"
"2708498","7066","unique_entrez_id"
"2708610","64110","unique_entrez_id"
"2708720","1962","unique_entrez_id"
"2708791","6124","unique_entrez_id"
"2708817","90407","unique_entrez_id"
"2708855","200879","unique_entrez_id"
"2708922","10644","unique_entrez_id"
"2709062","6434","unique_entrez_id"
"2709132","2119","unique_entrez_id"
"2709235","1608","unique_entrez_id"
"2709402","1427","unique_entrez_id"
"2709414","1427;55171","ambiguous_multiple_entrez"
"2709486","102724699;5984","ambiguous_multiple_entrez"
"2709606","116832","unique_entrez_id"
"2709631","5648","unique_entrez_id"
"2709750","6750","unique_entrez_id"
"2709759","344892","unique_entrez_id"
"2709778","604","unique_entrez_id"
"2710298","","unmapped_entrez"
"2710474","55214","unique_entrez_id"
"2710599","9076","unique_entrez_id"
"2710632","131920","unique_entrez_id"
"2710764","257313","unique_entrez_id"
"2710895","2257","unique_entrez_id"
"2711034","151963","unique_entrez_id"
"2711139","344905","unique_entrez_id"
"2711205","84239","unique_entrez_id"
"2711225","84239","unique_entrez_id"
"2711604","1370","unique_entrez_id"
"2711610","131578","unique_entrez_id"
"2711627","2814","unique_entrez_id"
"2711644","79572","unique_entrez_id"
"2711751","93109","unique_entrez_id"
"2711818","55341","unique_entrez_id"
"2711957","152002","unique_entrez_id"
"2712040","23527","unique_entrez_id"
"2712147","153743;5504","ambiguous_multiple_entrez"
"2712236","4585","unique_entrez_id"
"2712417","10188","unique_entrez_id"
"2712632","7037","unique_entrez_id"
"2712694","131540","unique_entrez_id"
"2712754","5130","unique_entrez_id"
"2712794","100534611;116211;255758","ambiguous_multiple_entrez"
"2712858","26043","unique_entrez_id"
"2712906","105374306;165918","ambiguous_multiple_entrez"
"2712958","348793","unique_entrez_id"
"2713016","84984","unique_entrez_id"
"2713074","22916","unique_entrez_id"
"2713095","80235","unique_entrez_id"
"2713111","4241","unique_entrez_id"
"2713192","1739","unique_entrez_id"
"2713382","622","unique_entrez_id"
"2713555","9711","unique_entrez_id"
"2713664","84223","unique_entrez_id"
"2713709","348840","unique_entrez_id"
"2713789","152687;642280","ambiguous_multiple_entrez"
"2713837","255403","unique_entrez_id"
"2713950","7700","unique_entrez_id"
"2714025","54872","unique_entrez_id"
"2714132","5158","unique_entrez_id"
"2714200","4636","unique_entrez_id"
"2714230","10336","unique_entrez_id"
"2714376","84286","unique_entrez_id"
"2714407","3425","unique_entrez_id"
"2714465","53834","unique_entrez_id"
"2714563","","unmapped_entrez"
"2714644","105374346;92070","ambiguous_multiple_entrez"
"2714672","10296","unique_entrez_id"
"2714719","","unmapped_entrez"
"2714729","57654","unique_entrez_id"
"2714818","","unmapped_entrez"
"2714955","10460","unique_entrez_id"
"2715016","2261","unique_entrez_id"
"2715076","64324;677770;7468","ambiguous_multiple_entrez"
"2715222","339983","unique_entrez_id"
"2715440","6047;8603","ambiguous_multiple_entrez"
"2715476","8603","unique_entrez_id"
"2715580","6452","unique_entrez_id"
"2715634","118","unique_entrez_id"
"2715749","2868","unique_entrez_id"
"2715820","3064","unique_entrez_id"
"2716025","6002","unique_entrez_id"
"2716124","3083","unique_entrez_id"
"2716156","285489","unique_entrez_id"
"2716246","105379446;285492","ambiguous_multiple_entrez"
"2716328","152","unique_entrez_id"
"2716432","166793","unique_entrez_id"
"2716467","27065","unique_entrez_id"
"2716655","4487","unique_entrez_id"
"2716713","55351","unique_entrez_id"
"2716789","10141","unique_entrez_id"
"2716810","2121","unique_entrez_id"
"2716953","7466","unique_entrez_id"
"2717014","23324","unique_entrez_id"
"2717049","114932;93621","ambiguous_multiple_entrez"
"2717059","93622","unique_entrez_id"
"2717078","6286","unique_entrez_id"
"2717091","55330","unique_entrez_id"
"2717101","9778","unique_entrez_id"
"2717165","57533","unique_entrez_id"
"2717253","57537","unique_entrez_id"
"2717481","84740","unique_entrez_id"
"2717518","389199","unique_entrez_id"
"2717593","54436","unique_entrez_id"
"2717688","94031","unique_entrez_id"
"2717757","152992","unique_entrez_id"
"2717808","152992","unique_entrez_id"
"2717819","152992","unique_entrez_id"
"2717846","27201","unique_entrez_id"
"2717857","8532","unique_entrez_id"
"2718259","1816","unique_entrez_id"
"2719361","132864","unique_entrez_id"
"2719440","114905","unique_entrez_id"
"2719617","683","unique_entrez_id"
"2719656","952","unique_entrez_id"
"2719792","202020","unique_entrez_id"
"2720145","51056","unique_entrez_id"
"2720181","80306","unique_entrez_id"
"2720251","64151","unique_entrez_id"
"2720584","407000;9353","ambiguous_multiple_entrez"
"2720732","133015","unique_entrez_id"
"2721087","57733","unique_entrez_id"
"2721633","6649","unique_entrez_id"
"2721777","55300","unique_entrez_id"
"2721809","29063","unique_entrez_id"
"2721848","29945","unique_entrez_id"
"2721959","10568","unique_entrez_id"
"2722151","3516","unique_entrez_id"
"2722291","55296","unique_entrez_id"
"2722377","57620","unique_entrez_id"
"2722823","5099","unique_entrez_id"
"2723391","439933","unique_entrez_id"
"2723605","55286","unique_entrez_id"
"2723710","55276","unique_entrez_id"
"2723752","23216","unique_entrez_id"
"2723924","10744","unique_entrez_id"
"2723997","51274","unique_entrez_id"
"2724094","92689","unique_entrez_id"
"2724154","51088","unique_entrez_id"
"2724235","57728","unique_entrez_id"
"2724308","152831","unique_entrez_id"
"2724338","11019","unique_entrez_id"
"2724348","","unmapped_entrez"
"2724377","401127","unique_entrez_id"
"2724472","3093","unique_entrez_id"
"2724585","55728","unique_entrez_id"
"2724671","399","unique_entrez_id"
"2724723","101060498;55584","ambiguous_multiple_entrez"
"2724853","10124;79730","ambiguous_multiple_entrez"
"2725013","7345","unique_entrez_id"
"2725061","22998","unique_entrez_id"
"2725332","285429;55161","ambiguous_multiple_entrez"
"2725381","10463","unique_entrez_id"
"2725779","60558","unique_entrez_id"
"2725977","2560","unique_entrez_id"
"2726072","57205","unique_entrez_id"
"2726227","","unmapped_entrez"
"2726234","152519","unique_entrez_id"
"2726323","57606","unique_entrez_id"
"2726384","201780","unique_entrez_id"
"2726396","326340","unique_entrez_id"
"2726483","54940","unique_entrez_id"
"2726542","80157","unique_entrez_id"
"2726828","23142","unique_entrez_id"
"2726910","132671","unique_entrez_id"
"2727116","65997","unique_entrez_id"
"2727226","100873955;5156;81608","ambiguous_multiple_entrez"
"2727535","170825","unique_entrez_id"
"2727587","3815","unique_entrez_id"
"2727762","79644","unique_entrez_id"
"2727793","55858","unique_entrez_id"
"2727913","55763","unique_entrez_id"
"2727976","9662","unique_entrez_id"
"2728189","10606","unique_entrez_id"
"2728224","6731","unique_entrez_id"
"2728271","132946","unique_entrez_id"
"2728408","5978","unique_entrez_id"
"2728448","5431","unique_entrez_id"
"2728938","23284","unique_entrez_id"
"2729667","26228","unique_entrez_id"
"2729821","28983","unique_entrez_id"
"2729884","101929773;10720;54490;7364;7365","ambiguous_multiple_entrez"
"2729929","10720;54490;7364;7365","ambiguous_multiple_entrez"
"2730021","10720;54490;7364;7365;79799","ambiguous_multiple_entrez"
"2730158","1446","unique_entrez_id"
"2730173","6779","unique_entrez_id"
"2730194","3347","unique_entrez_id"
"2730212","3346","unique_entrez_id"
"2730225","286828","unique_entrez_id"
"2730257","401137","unique_entrez_id"
"2730281","54959","unique_entrez_id"
"2730303","260436","unique_entrez_id"
"2730313","1448","unique_entrez_id"
"2730347","85438","unique_entrez_id"
"2730396","26952","unique_entrez_id"
"2730404","10879","unique_entrez_id"
"2730420","58503","unique_entrez_id"
"2730431","4589","unique_entrez_id"
"2730465","401138","unique_entrez_id"
"2730503","10117;101927297","ambiguous_multiple_entrez"
"2730531","57050","unique_entrez_id"
"2730554","22902","unique_entrez_id"
"2730673","92597","unique_entrez_id"
"2730714","1633","unique_entrez_id"
"2730746","8671","unique_entrez_id"
"2730933","10886","unique_entrez_id"
"2731192","213","unique_entrez_id"
"2731230","174","unique_entrez_id"
"2731257","173","unique_entrez_id"
"2731332","3576","unique_entrez_id"
"2731350","6372","unique_entrez_id"
"2731373","5197","unique_entrez_id"
"2731381","2919","unique_entrez_id"
"2731417","441024","unique_entrez_id"
"2731496","255324","unique_entrez_id"
"2731513","2069","unique_entrez_id"
"2731542","374","unique_entrez_id"
"2731636","105377280;25849","ambiguous_multiple_entrez"
"2731757","152815","unique_entrez_id"
"2731782","152816","unique_entrez_id"
"2731831","8615","unique_entrez_id"
"2731889","","unmapped_entrez"
"2731928","419","unique_entrez_id"
"2731986","100129583;100631383;8987","ambiguous_multiple_entrez"
"2732068","57619","unique_entrez_id"
"2732273","55752","unique_entrez_id"
"2732339","","unmapped_entrez"
"2732391","901","unique_entrez_id"
"2732508","10563","unique_entrez_id"
"2732611","65008","unique_entrez_id"
"2732655","80144","unique_entrez_id"
"2732844","306","unique_entrez_id"
"2732942","55589","unique_entrez_id"
"2733202","118425","unique_entrez_id"
"2733287","56978","unique_entrez_id"
"2733360","2250","unique_entrez_id"
"2733392","255119","unique_entrez_id"
"2733483","651","unique_entrez_id"
"2733737","","unmapped_entrez"
"2733748","","unmapped_entrez"
"2733749","","unmapped_entrez"
"2733767","58478","unique_entrez_id"
"2733898","79725","unique_entrez_id"
"2733928","51138","unique_entrez_id"
"2734018","51023","unique_entrez_id"
"2734047","84803","unique_entrez_id"
"2734270","1040","unique_entrez_id"
"2734352","404201","unique_entrez_id"
"2734421","105377319;83478","ambiguous_multiple_entrez"
"2734629","5783","unique_entrez_id"
"2734784","105377320;4299","ambiguous_multiple_entrez"
"2734992","53343","unique_entrez_id"
"2735027","6696","unique_entrez_id"
"2735073","1834","unique_entrez_id"
"2735116","1758","unique_entrez_id"
"2735129","3381","unique_entrez_id"
"2735151","56955","unique_entrez_id"
"2735221","5311","unique_entrez_id"
"2735362","55008","unique_entrez_id"
"2735409","51191","unique_entrez_id"
"2735459","8916","unique_entrez_id"
"2735598","166815","unique_entrez_id"
"2735759","22915","unique_entrez_id"
"2735815","401145","unique_entrez_id"
"2736060","2895","unique_entrez_id"
"2736224","474","unique_entrez_id"
"2736259","56916","unique_entrez_id"
"2736322","10611","unique_entrez_id"
"2736462","658","unique_entrez_id"
"2736642","5161","unique_entrez_id"
"2736749","","unmapped_entrez"
"2736853","5910","unique_entrez_id"
"2737069","23173","unique_entrez_id"
"2737220","84103","unique_entrez_id"
"2737257","4547","unique_entrez_id"
"2737318","27071","unique_entrez_id"
"2737596","55024","unique_entrez_id"
"2737717","4790","unique_entrez_id"
"2737840","493856","unique_entrez_id"
"2738146","54790","unique_entrez_id"
"2738244","54848","unique_entrez_id"
"2738314","79807","unique_entrez_id"
"2738378","255743","unique_entrez_id"
"2738466","9255","unique_entrez_id"
"2738664","166929","unique_entrez_id"
"2738697","113612","unique_entrez_id"
"2738723","3033","unique_entrez_id"
"2738919","","unmapped_entrez"
"2738921","","unmapped_entrez"
"2738923","","unmapped_entrez"
"2738924","","unmapped_entrez"
"2738928","","unmapped_entrez"
"2738940","","unmapped_entrez"
"2738942","","unmapped_entrez"
"2738944","","unmapped_entrez"
"2738949","58505","unique_entrez_id"
"2739079","10427","unique_entrez_id"
"2739160","25994;55013","ambiguous_multiple_entrez"
"2739242","54433","unique_entrez_id"
"2739267","10692","unique_entrez_id"
"2739289","345193","unique_entrez_id"
"2739308","1950","unique_entrez_id"
"2739468","105377363;2028","ambiguous_multiple_entrez"
"2739714","132720","unique_entrez_id"
"2739755","55435","unique_entrez_id"
"2739792","80216","unique_entrez_id"
"2740005","51574","unique_entrez_id"
"2740067","287","unique_entrez_id"
"2740507","7368","unique_entrez_id"
"2740896","9348","unique_entrez_id"
"2741083","57721","unique_entrez_id"
"2741206","51778","unique_entrez_id"
"2741236","54532","unique_entrez_id"
"2741768","5393","unique_entrez_id"
"2741901","84162","unique_entrez_id"
"2742009","132612","unique_entrez_id"
"2742093","166379","unique_entrez_id"
"2742109","2247","unique_entrez_id"
"2742134","166378","unique_entrez_id"
"2742224","10252","unique_entrez_id"
"2742581","79633","unique_entrez_id"
"2742829","27152","unique_entrez_id"
"2742919","83447","unique_entrez_id"
"2742935","22824","unique_entrez_id"
"2742985","10733","unique_entrez_id"
"2743029","80167","unique_entrez_id"
"2743085","55132;8061","ambiguous_multiple_entrez"
"2743315","79960","unique_entrez_id"
"2743370","132321","unique_entrez_id"
"2743800","57575","unique_entrez_id"
"2744501","25819","unique_entrez_id"
"2744597","80155","unique_entrez_id"
"2744674","83452","unique_entrez_id"
"2744734","4258","unique_entrez_id"
"2744980","60592","unique_entrez_id"
"2745067","255520","unique_entrez_id"
"2745220","27309","unique_entrez_id"
"2745288","3600","unique_entrez_id"
"2745466","","unmapped_entrez"
"2745499","84640","unique_entrez_id"
"2745547","100128888;2549","ambiguous_multiple_entrez"
"2745646","8467","unique_entrez_id"
"2745712","441046","unique_entrez_id"
"2745899","64399","unique_entrez_id"
"2746024","6059","unique_entrez_id"
"2746119","4086","unique_entrez_id"
"2746164","166785","unique_entrez_id"
"2746269","105377469;11157","ambiguous_multiple_entrez"
"2746422","5458","unique_entrez_id"
"2746507","","unmapped_entrez"
"2746591","1909","unique_entrez_id"
"2746645","55751","unique_entrez_id"
"2746693","79658","unique_entrez_id"
"2747190","166614","unique_entrez_id"
"2747314","10586","unique_entrez_id"
"2747454","345062","unique_entrez_id"
"2747893","27236","unique_entrez_id"
"2747961","85462","unique_entrez_id"
"2748061","23321","unique_entrez_id"
"2748163","84057","unique_entrez_id"
"2748198","23240","unique_entrez_id"
"2748346","7097","unique_entrez_id"
"2748542","2244","unique_entrez_id"
"2748605","9227","unique_entrez_id"
"2748646","166863","unique_entrez_id"
"2748723","4887","unique_entrez_id"
"2748830","2982","unique_entrez_id"
"2748923","2983","unique_entrez_id"
"2749011","105377507;6999","ambiguous_multiple_entrez"
"2749191","2743","unique_entrez_id"
"2749222","2891","unique_entrez_id"
"2749380","285505;55314","ambiguous_multiple_entrez"
"2749484","59350","unique_entrez_id"
"2749560","2110","unique_entrez_id"
"2749699","9693","unique_entrez_id"
"2750198","4889","unique_entrez_id"
"2750227","55319","unique_entrez_id"
"2750463","152756","unique_entrez_id"
"2750476","166655","unique_entrez_id"
"2750527","11275","unique_entrez_id"
"2750594","6307","unique_entrez_id"
"2750627","1363","unique_entrez_id"
"2750753","7092","unique_entrez_id"
"2751009","11199","unique_entrez_id"
"2751066","23022","unique_entrez_id"
"2751385","1182","unique_entrez_id"
"2751722","442117","unique_entrez_id"
"2751936","51809","unique_entrez_id"
"2752006","8819","unique_entrez_id"
"2752085","79804","unique_entrez_id"
"2752243","105377547;80817","ambiguous_multiple_entrez"
"2752362","11086","unique_entrez_id"
"2752478","116966","unique_entrez_id"
"2752560","60559","unique_entrez_id"
"2752725","55247","unique_entrez_id"
"2753707","403315","unique_entrez_id"
"2753732","80014","unique_entrez_id"
"2753880","55602","unique_entrez_id"
"2753952","101929996;3622","ambiguous_multiple_entrez"
"2753994","60684","unique_entrez_id"
"2754371","201973","unique_entrez_id"
"2754538","101928877;291","ambiguous_multiple_entrez"
"2754582","83891","unique_entrez_id"
"2754673","353322","unique_entrez_id"
"2754937","7098","unique_entrez_id"
"2755053","285440","unique_entrez_id"
"2755111","3818","unique_entrez_id"
"2755154","2160","unique_entrez_id"
"2755567","132625","unique_entrez_id"
"2755593","339976","unique_entrez_id"
"2755897","102723847;105377615;441058","ambiguous_multiple_entrez"
"2756029","100289097;102723780;2483;283788;284802;642236","ambiguous_multiple_entrez"
"2756309","10349;170960;255403;654254;79963","ambiguous_multiple_entrez"
"2756404","170960;79963","ambiguous_multiple_entrez"
"2756497","521","unique_entrez_id"
"2756514","84179","unique_entrez_id"
"2756630","10815","unique_entrez_id"
"2756673","2580","unique_entrez_id"
"2756782","1609","unique_entrez_id"
"2756831","10861","unique_entrez_id"
"2756892","285498","unique_entrez_id"
"2756965","10417","unique_entrez_id"
"2757036","1487","unique_entrez_id"
"2757278","152877","unique_entrez_id"
"2757319","7884","unique_entrez_id"
"2757347","92305","unique_entrez_id"
"2757427","3954","unique_entrez_id"
"2757540","100126332;7469","ambiguous_multiple_entrez"
"2757621","353497","unique_entrez_id"
"2757720","353497;79441","ambiguous_multiple_entrez"
"2757751","10608","unique_entrez_id"
"2757796","57732","unique_entrez_id"
"2757944","79155","unique_entrez_id"
"2758043","10227","unique_entrez_id"
"2758076","8602","unique_entrez_id"
"2758298","4043","unique_entrez_id"
"2758602","133060;81622","ambiguous_multiple_entrez"
"2758658","105371175;105371206;105371216;85013","ambiguous_multiple_entrez"
"2758686","55646","unique_entrez_id"
"2758733","53407","unique_entrez_id"
"2758870","54360","unique_entrez_id"
"2758978","132884","unique_entrez_id"
"2759038","1400","unique_entrez_id"
"2759100","389197","unique_entrez_id"
"2759158","152789","unique_entrez_id"
"2759205","5522","unique_entrez_id"
"2759303","114932","unique_entrez_id"
"2759393","257236","unique_entrez_id"
"2759404","80273","unique_entrez_id"
"2759582","60312","unique_entrez_id"
"2759654","407052;84448","ambiguous_multiple_entrez"
"2759857","8310","unique_entrez_id"
"2760199","56606","unique_entrez_id"
"2760371","9948","unique_entrez_id"
"2760632","116449","unique_entrez_id"
"2760869","9957","unique_entrez_id"
"2761151","9364","unique_entrez_id"
"2761259","579","unique_entrez_id"
"2761285","259282","unique_entrez_id"
"2761321","259282","unique_entrez_id"
"2761503","201853","unique_entrez_id"
"2761734","26234","unique_entrez_id"
"2761829","9982","unique_entrez_id"
"2761837","83888","unique_entrez_id"
"2761842","8842","unique_entrez_id"
"2761941","202018","unique_entrez_id"
"2762088","9079","unique_entrez_id"
"2762334","5860","unique_entrez_id"
"2762468","54876","unique_entrez_id"
"2762500","254251","unique_entrez_id"
"2762944","102465859;359822;80333","ambiguous_multiple_entrez"
"2763154","","unmapped_entrez"
"2763278","166647","unique_entrez_id"
"2763550","10891","unique_entrez_id"
"2763805","1665;693158","ambiguous_multiple_entrez"
"2763912","91050","unique_entrez_id"
"2764004","55203","unique_entrez_id"
"2764054","51091","unique_entrez_id"
"2764192","23231","unique_entrez_id"
"2764478","886","unique_entrez_id"
"2764678","","unmapped_entrez"
"2765590","105374397;116984","ambiguous_multiple_entrez"
"2765865","768211","unique_entrez_id"
"2765935","","unmapped_entrez"
"2766122","79667","unique_entrez_id"
"2766192","81793","unique_entrez_id"
"2766219","7096","unique_entrez_id"
"2766262","10333","unique_entrez_id"
"2766289","80008","unique_entrez_id"
"2766359","5981","unique_entrez_id"
"2766419","6133","unique_entrez_id"
"2766422","","unmapped_entrez"
"2766424","","unmapped_entrez"
"2766427","","unmapped_entrez"
"2766429","","unmapped_entrez"
"2766433","","unmapped_entrez"
"2766437","","unmapped_entrez"
"2766439","","unmapped_entrez"
"2766456","7358","unique_entrez_id"
"2766492","201895","unique_entrez_id"
"2766532","","unmapped_entrez"
"2766588","23244","unique_entrez_id"
"2766788","54502","unique_entrez_id"
"2766893","323","unique_entrez_id"
"2767159","8929","unique_entrez_id"
"2767295","389206","unique_entrez_id"
"2767378","10396","unique_entrez_id"
"2767710","386617","unique_entrez_id"
"2767764","285525","unique_entrez_id"
"2767790","105374441;132789","ambiguous_multiple_entrez"
"2767932","2565","unique_entrez_id"
"2767972","2555","unique_entrez_id"
"2768039","170712","unique_entrez_id"
"2768056","2557","unique_entrez_id"
"2768145","54951","unique_entrez_id"
"2768197","10699","unique_entrez_id"
"2768273","152518","unique_entrez_id"
"2768323","1259","unique_entrez_id"
"2768354","7294","unique_entrez_id"
"2768396","7006","unique_entrez_id"
"2768468","285527","unique_entrez_id"
"2768654","132299","unique_entrez_id"
"2768981","6443","unique_entrez_id"
"2769063","64854","unique_entrez_id"
"2769095","100288413","unique_entrez_id"
"2769182","152579","unique_entrez_id"
"2769346","84708","unique_entrez_id"
"2769512","402176","unique_entrez_id"
"2769539","26511","unique_entrez_id"
"2769810","3791","unique_entrez_id"
"2769947","9575","unique_entrez_id"
"2770023","132954","unique_entrez_id"
"2770039","10874","unique_entrez_id"
"2770193","132949","unique_entrez_id"
"2770242","5471","unique_entrez_id"
"2770305","84525","unique_entrez_id"
"2770427","84273","unique_entrez_id"
"2770469","3490","unique_entrez_id"
"2771170","253017","unique_entrez_id"
"2771342","2044","unique_entrez_id"
"2771654","1060","unique_entrez_id"
"2771718","55236","unique_entrez_id"
"2771812","2798","unique_entrez_id"
"2771839","9407","unique_entrez_id"
"2771877","339967","unique_entrez_id"
"2771924","389208;401135","ambiguous_multiple_entrez"
"2771983","132724","unique_entrez_id"
"2772017","91746","unique_entrez_id"
"2772088","7366;7367","ambiguous_multiple_entrez"
"2772127","7366;7367","ambiguous_multiple_entrez"
"2772157","","unmapped_entrez"
"2772160","","unmapped_entrez"
"2772167","79799","unique_entrez_id"
"2772341","101929773;10720;54490;7363;7364;7365","ambiguous_multiple_entrez"
"2772375","10941;574537","ambiguous_multiple_entrez"
"2772414","27284","unique_entrez_id"
"2772450","6783","unique_entrez_id"
"2772477","1447","unique_entrez_id"
"2772566","3512","unique_entrez_id"
"2772614","2926","unique_entrez_id"
"2772805","2638","unique_entrez_id"
"2772876","9508","unique_entrez_id"
"2772968","285521","unique_entrez_id"
"2773023","26057","unique_entrez_id"
"2773222","166824","unique_entrez_id"
"2773348","5196","unique_entrez_id"
"2773358","5473","unique_entrez_id"
"2773369","6374","unique_entrez_id"
"2773387","2921","unique_entrez_id"
"2773407","10895","unique_entrez_id"
"2773434","2920","unique_entrez_id"
"2773545","685","unique_entrez_id"
"2773579","100507388","unique_entrez_id"
"2773655","25898","unique_entrez_id"
"2773719","8999","unique_entrez_id"
"2773756","9908","unique_entrez_id"
"2773823","5470","unique_entrez_id"
"2773872","27163","unique_entrez_id"
"2773907","157489;55153","ambiguous_multiple_entrez"
"2773947","4283","unique_entrez_id"
"2773958","3627","unique_entrez_id"
"2773972","6373","unique_entrez_id"
"2773997","53371","unique_entrez_id"
"2774049","950","unique_entrez_id"
"2774123","339965","unique_entrez_id"
"2774365","105377291;10983","ambiguous_multiple_entrez"
"2774565","246175","unique_entrez_id"
"2774817","152559","unique_entrez_id"
"2774938","2712","unique_entrez_id"
"2774971","118429","unique_entrez_id"
"2775214","5593","unique_entrez_id"
"2775259","153020","unique_entrez_id"
"2775390","","unmapped_entrez"
"2775463","3184","unique_entrez_id"
"2775465","","unmapped_entrez"
"2775466","","unmapped_entrez"
"2775467","","unmapped_entrez"
"2775468","","unmapped_entrez"
"2775469","","unmapped_entrez"
"2775475","","unmapped_entrez"
"2775476","","unmapped_entrez"
"2775478","","unmapped_entrez"
"2775480","","unmapped_entrez"
"2775482","","unmapped_entrez"
"2775485","","unmapped_entrez"
"2775487","","unmapped_entrez"
"2775489","","unmapped_entrez"
"2775496","","unmapped_entrez"
"2775497","","unmapped_entrez"
"2775498","","unmapped_entrez"
"2775499","","unmapped_entrez"
"2775500","","unmapped_entrez"
"2775501","","unmapped_entrez"
"2775506","","unmapped_entrez"
"2775508","","unmapped_entrez"
"2775510","","unmapped_entrez"
"2775512","","unmapped_entrez"
"2775514","","unmapped_entrez"
"2775516","","unmapped_entrez"
"2775518","","unmapped_entrez"
"2775520","","unmapped_entrez"
"2775522","","unmapped_entrez"
"2775524","","unmapped_entrez"
"2775526","","unmapped_entrez"
"2775528","","unmapped_entrez"
"2775530","","unmapped_entrez"
"2775532","","unmapped_entrez"
"2775534","","unmapped_entrez"
"2775536","","unmapped_entrez"
"2775538","","unmapped_entrez"
"2775540","","unmapped_entrez"
"2775542","","unmapped_entrez"
"2775544","","unmapped_entrez"
"2775546","","unmapped_entrez"
"2775562","9987","unique_entrez_id"
"2775708","439934","unique_entrez_id"
"2775735","79966","unique_entrez_id"
"2775756","100499177;22872","ambiguous_multiple_entrez"
"2775858","132660","unique_entrez_id"
"2775909","51316","unique_entrez_id"
"2775965","27235","unique_entrez_id"
"2775994","10855","unique_entrez_id"
"2776026","113510","unique_entrez_id"
"2776088","84142","unique_entrez_id"
"2776126","","unmapped_entrez"
"2776305","4825","unique_entrez_id"
"2776372","23001","unique_entrez_id"
"2776670","5602","unique_entrez_id"
"2776837","345274","unique_entrez_id"
"2776851","100506746;132989","ambiguous_multiple_entrez"
"2776998","57563","unique_entrez_id"
"2777044","345275","unique_entrez_id"
"2777070","51170","unique_entrez_id"
"2777113","105377321;8404","ambiguous_multiple_entrez"
"2777276","9429","unique_entrez_id"
"2777333","152926","unique_entrez_id"
"2777412","100996939;84992","ambiguous_multiple_entrez"
"2777447","266812","unique_entrez_id"
"2777487","10144","unique_entrez_id"
"2777564","10144","unique_entrez_id"
"2777639","285513","unique_entrez_id"
"2777714","6622","unique_entrez_id"
"2778273","27306","unique_entrez_id"
"2778440","8633","unique_entrez_id"
"2778727","285555","unique_entrez_id"
"2778856","10098","unique_entrez_id"
"2778980","1977","unique_entrez_id"
"2779095","128","unique_entrez_id"
"2779124","127","unique_entrez_id"
"2779163","130","unique_entrez_id"
"2779199","124;125;126","ambiguous_multiple_entrez"
"2779231","124;125;126","ambiguous_multiple_entrez"
"2779271","124;125;126","ambiguous_multiple_entrez"
"2779302","131","unique_entrez_id"
"2779335","93587","unique_entrez_id"
"2779408","8649","unique_entrez_id"
"2779434","646358;79982","ambiguous_multiple_entrez"
"2779486","3015","unique_entrez_id"
"2779527","115265","unique_entrez_id"
"2779543","51705","unique_entrez_id"
"2779638","5530","unique_entrez_id"
"2779823","64116","unique_entrez_id"
"2779897","4126","unique_entrez_id"
"2779992","7323","unique_entrez_id"
"2780060","150159","unique_entrez_id"
"2780099","133308","unique_entrez_id"
"2780143","56898","unique_entrez_id"
"2780172","1062","unique_entrez_id"
"2780296","6870","unique_entrez_id"
"2780388","80319","unique_entrez_id"
"2780522","104384744;27068","ambiguous_multiple_entrez"
"2780656","57117","unique_entrez_id"
"2780734","93627","unique_entrez_id"
"2780907","27123","unique_entrez_id"
"2780999","105377358;9061","ambiguous_multiple_entrez"
"2781138","51176","unique_entrez_id"
"2781325","285456","unique_entrez_id"
"2781387","64850","unique_entrez_id"
"2781441","84570","unique_entrez_id"
"2781693","839","unique_entrez_id"
"2781714","100420258;81579","ambiguous_multiple_entrez"
"2781736","3426","unique_entrez_id"
"2781813","79071","unique_entrez_id"
"2781914","5308","unique_entrez_id"
"2782230","92610","unique_entrez_id"
"2782267","63973","unique_entrez_id"
"2782292","55345","unique_entrez_id"
"2782545","817","unique_entrez_id"
"2782694","79642","unique_entrez_id"
"2782822","64579","unique_entrez_id"
"2783099","133022","unique_entrez_id"
"2783207","8492","unique_entrez_id"
"2783316","9871","unique_entrez_id"
"2783473","401152","unique_entrez_id"
"2783484","401152","unique_entrez_id"
"2783493","2169","unique_entrez_id"
"2783596","8654","unique_entrez_id"
"2783715","4085","unique_entrez_id"
"2783788","11107","unique_entrez_id"
"2783886","79625","unique_entrez_id"
"2783916","79931","unique_entrez_id"
"2783978","84109","unique_entrez_id"
"2784027","308","unique_entrez_id"
"2784074","132332","unique_entrez_id"
"2784113","890","unique_entrez_id"
"2784131","55212","unique_entrez_id"
"2784177","7222","unique_entrez_id"
"2784265","3558","unique_entrez_id"
"2784279","59067","unique_entrez_id"
"2784352","11162","unique_entrez_id"
"2784687","57182","unique_entrez_id"
"2785035","256471","unique_entrez_id"
"2785114","10424","unique_entrez_id"
"2785282","132320","unique_entrez_id"
"2786322","23657","unique_entrez_id"
"2786462","1998;26472","ambiguous_multiple_entrez"
"2786567","84709","unique_entrez_id"
"2786578","4717","unique_entrez_id"
"2786657","80854","unique_entrez_id"
"2786732","55534;9184","ambiguous_multiple_entrez"
"2787005","1047","unique_entrez_id"
"2787073","7350","unique_entrez_id"
"2787459","8821","unique_entrez_id"
"2787703","","unmapped_entrez"
"2787902","2993;2996","ambiguous_multiple_entrez"
"2787958","2993;2994","ambiguous_multiple_entrez"
"2788003","2993;2994","ambiguous_multiple_entrez"
"2788143","10393","unique_entrez_id"
"2788195","105377465;54726","ambiguous_multiple_entrez"
"2788287","","unmapped_entrez"
"2788366","152485","unique_entrez_id"
"2788511","84068","unique_entrez_id"
"2788603","105377475;83894","ambiguous_multiple_entrez"
"2788800","90826","unique_entrez_id"
"2788926","4306","unique_entrez_id"
"2789266","987","unique_entrez_id"
"2789690","5188","unique_entrez_id"
"2789957","55294","unique_entrez_id"
"2790062","201799","unique_entrez_id"
"2790109","303","unique_entrez_id"
"2790151","201798","unique_entrez_id"
"2790324","285533","unique_entrez_id"
"2790368","6423","unique_entrez_id"
"2790486","54798","unique_entrez_id"
"2790570","5356","unique_entrez_id"
"2790626","2243","unique_entrez_id"
"2790652","2266","unique_entrez_id"
"2790823","79884","unique_entrez_id"
"2790999","51802","unique_entrez_id"
"2791063","1519","unique_entrez_id"
"2791197","56034","unique_entrez_id"
"2791419","51313","unique_entrez_id"
"2791538","5481","unique_entrez_id"
"2791593","152940","unique_entrez_id"
"2791894","56884","unique_entrez_id"
"2792069","92345","unique_entrez_id"
"2792127","4886","unique_entrez_id"
"2792161","84076","unique_entrez_id"
"2792166","55016","unique_entrez_id"
"2792305","23520","unique_entrez_id"
"2792420","201931","unique_entrez_id"
"2792459","2713","unique_entrez_id"
"2792647","50859","unique_entrez_id"
"2792800","55601","unique_entrez_id"
"2793054","102723331;84869","ambiguous_multiple_entrez"
"2793137","105377527;57630","ambiguous_multiple_entrez"
"2793198","","unmapped_entrez"
"2793221","4750","unique_entrez_id"
"2793310","389705;54969","ambiguous_multiple_entrez"
"2793401","101928198;9848","ambiguous_multiple_entrez"
"2793441","51166","unique_entrez_id"
"2793951","3148","unique_entrez_id"
"2794006","11341","unique_entrez_id"
"2794075","9464","unique_entrez_id"
"2794356","26269","unique_entrez_id"
"2794408","3248","unique_entrez_id"
"2794454","8001","unique_entrez_id"
"2794584","2823","unique_entrez_id"
"2794679","132851","unique_entrez_id"
"2794704","140458","unique_entrez_id"
"2794792","7424","unique_entrez_id"
"2794902","175","unique_entrez_id"
"2795628","90768","unique_entrez_id"
"2795819","105377576;105377578;1635","ambiguous_multiple_entrez"
"2795904","152641","unique_entrez_id"
"2796066","201965","unique_entrez_id"
"2796224","133121","unique_entrez_id"
"2796338","728175","unique_entrez_id"
"2796384","3660","unique_entrez_id"
"2796484","836","unique_entrez_id"
"2796510","79682","unique_entrez_id"
"2796553","2180;731424","ambiguous_multiple_entrez"
"2796623","643036","unique_entrez_id"
"2796790","57587","unique_entrez_id"
"2796847","55805","unique_entrez_id"
"2796875","55325","unique_entrez_id"
"2796911","256309","unique_entrez_id"
"2796951","27295","unique_entrez_id"
"2796995","8470","unique_entrez_id"
"2797202","8470","unique_entrez_id"
"2797311","285441;4543","ambiguous_multiple_entrez"
"2797393","2195","unique_entrez_id"
"2797771","205860","unique_entrez_id"
"2798366","100288687;197331;347688;643224","ambiguous_multiple_entrez"
"2798475","153478","unique_entrez_id"
"2798538","255812;6389;727956;728609","ambiguous_multiple_entrez"
"2798586","10016;116412618;57491;728613","ambiguous_multiple_entrez"
"2798679","11336","unique_entrez_id"
"2798777","105374608;55722","ambiguous_multiple_entrez"
"2798895","","unmapped_entrez"
"2798915","9319","unique_entrez_id"
"2798952","85409","unique_entrez_id"
"2799030","340024","unique_entrez_id"
"2799056","348932","unique_entrez_id"
"2799184","101929003;4726","ambiguous_multiple_entrez"
"2799509","153571","unique_entrez_id"
"2799758","79192","unique_entrez_id"
"2800026","170690","unique_entrez_id"
"2800477","6715;6719","ambiguous_multiple_entrez"
"2800503","102724943;11044","ambiguous_multiple_entrez"
"2800711","105374644;108","ambiguous_multiple_entrez"
"2800906","4552","unique_entrez_id"
"2801526","22948","unique_entrez_id"
"2801608","10299","unique_entrez_id"
"2801694","83853","unique_entrez_id"
"2802398","7204","unique_entrez_id"
"2802681","","unmapped_entrez"
"2802696","54491","unique_entrez_id"
"2802739","90268","unique_entrez_id"
"2802963","23194","unique_entrez_id"
"2803329","10409","unique_entrez_id"
"2804085","5369;5370","ambiguous_multiple_entrez"
"2804221","11105;56979","ambiguous_multiple_entrez"
"2804277","439936","unique_entrez_id"
"2805078","1004","unique_entrez_id"
"2805176","55322","unique_entrez_id"
"2805232","23037","unique_entrez_id"
"2805463","","unmapped_entrez"
"2805482","","unmapped_entrez"
"2805581","10923;653659;92703","ambiguous_multiple_entrez"
"2805635","4883","unique_entrez_id"
"2805695","4883","unique_entrez_id"
"2805786","6897","unique_entrez_id"
"2805939","51289","unique_entrez_id"
"2806091","26064","unique_entrez_id"
"2806186","153657","unique_entrez_id"
"2806231","55299","unique_entrez_id"
"2806256","134218","unique_entrez_id"
"2806376","79925","unique_entrez_id"
"2806468","3575","unique_entrez_id"
"2806517","6502","unique_entrez_id"
"2806643","6507","unique_entrez_id"
"2806799","25836","unique_entrez_id"
"2807000","55100","unique_entrez_id"
"2807195","133584","unique_entrez_id"
"2807359","9180","unique_entrez_id"
"2807621","105374737;5734","ambiguous_multiple_entrez"
"2807686","84674","unique_entrez_id"
"2807716","730","unique_entrez_id"
"2807862","285636","unique_entrez_id"
"2807886","26272","unique_entrez_id"
"2807949","2690","unique_entrez_id"
"2808180","153684","unique_entrez_id"
"2808287","","unmapped_entrez"
"2808290","7690","unique_entrez_id"
"2808308","167359","unique_entrez_id"
"2808438","23530","unique_entrez_id"
"2808612","10884","unique_entrez_id"
"2808748","103091866;388685;57234;728855;79668","ambiguous_multiple_entrez"
"2808931","3670","unique_entrez_id"
"2809128","3672;53918","ambiguous_multiple_entrez"
"2809245","3673","unique_entrez_id"
"2809399","10468","unique_entrez_id"
"2809423","4724","unique_entrez_id"
"2809455","","unmapped_entrez"
"2809579","8988","unique_entrez_id"
"2809628","112574","unique_entrez_id"
"2809793","3003","unique_entrez_id"
"2809810","3001","unique_entrez_id"
"2809831","493869","unique_entrez_id"
"2809885","23517","unique_entrez_id"
"2810015","54514","unique_entrez_id"
"2810055","133396","unique_entrez_id"
"2810395","133383","unique_entrez_id"
"2810458","65056","unique_entrez_id"
"2810764","202309","unique_entrez_id"
"2810805","115827","unique_entrez_id"
"2811145","25859","unique_entrez_id"
"2811500","285668","unique_entrez_id"
"2811656","3796","unique_entrez_id"
"2811745","101180901;51194","ambiguous_multiple_entrez"
"2811812","100130733;101180901","ambiguous_multiple_entrez"
"2812120","10283","unique_entrez_id"
"2812273","23398","unique_entrez_id"
"2812315","80006","unique_entrez_id"
"2812359","57486","unique_entrez_id"
"2812435","55914","unique_entrez_id"
"2812539","140890","unique_entrez_id"
"2812591","401191","unique_entrez_id"
"2812690","375449","unique_entrez_id"
"2813060","5295","unique_entrez_id"
"2813364","64924","unique_entrez_id"
"2813414","891","unique_entrez_id"
"2813442","64946","unique_entrez_id"
"2813465","92259","unique_entrez_id"
"2813481","1022","unique_entrez_id"
"2813524","5884","unique_entrez_id"
"2814154","728492;8293","ambiguous_multiple_entrez"
"2814527","55814","unique_entrez_id"
"2814622","5369;5370","ambiguous_multiple_entrez"
"2814642","64087","unique_entrez_id"
"2814693","9607","unique_entrez_id"
"2814756","4131","unique_entrez_id"
"2814855","79810","unique_entrez_id"
"2815043","3842","unique_entrez_id"
"2815139","115548","unique_entrez_id"
"2815220","134285","unique_entrez_id"
"2815238","134288","unique_entrez_id"
"2815331","689","unique_entrez_id"
"2815424","65991","unique_entrez_id"
"2815455","84135","unique_entrez_id"
"2815488","64283","unique_entrez_id"
"2815791","3074","unique_entrez_id"
"2815965","3156","unique_entrez_id"
"2816030","51426;728780","ambiguous_multiple_entrez"
"2816298","10788","unique_entrez_id"
"2816459","2149","unique_entrez_id"
"2816494","2150","unique_entrez_id"
"2816506","170591","unique_entrez_id"
"2816536","1393","unique_entrez_id"
"2816563","55109","unique_entrez_id"
"2816681","8622","unique_entrez_id"
"2817053","9522","unique_entrez_id"
"2817212","23743","unique_entrez_id"
"2817251","635","unique_entrez_id"
"2817291","133746","unique_entrez_id"
"2817386","167153","unique_entrez_id"
"2817464","202333","unique_entrez_id"
"2817576","7060","unique_entrez_id"
"2817708","84654","unique_entrez_id"
"2817731","9765","unique_entrez_id"
"2817793","167555","unique_entrez_id"
"2817837","4437","unique_entrez_id"
"2817941","5924","unique_entrez_id"
"2818035","1160","unique_entrez_id"
"2818079","84240","unique_entrez_id"
"2818212","83734","unique_entrez_id"
"2818454","7518","unique_entrez_id"
"2818517","1462","unique_entrez_id"
"2818884","148545;285622;653149","ambiguous_multiple_entrez"
"2819044","5921","unique_entrez_id"
"2819747","10622","unique_entrez_id"
"2819779","84059","unique_entrez_id"
"2820394","7025","unique_entrez_id"
"2820622","84250","unique_entrez_id"
"2820813","153643","unique_entrez_id"
"2820865","153642","unique_entrez_id"
"2820884","285601","unique_entrez_id"
"2820893","317671","unique_entrez_id"
"2820925","22836","unique_entrez_id"
"2821041","202299","unique_entrez_id"
"2821194","831","unique_entrez_id"
"2821347","64167","unique_entrez_id"
"2821413","4012","unique_entrez_id"
"2821417","4012","unique_entrez_id"
"2821761","285704","unique_entrez_id"
"2821981","345757","unique_entrez_id"
"2822215","5066","unique_entrez_id"
"2822407","23262","unique_entrez_id"
"2822492","90355","unique_entrez_id"
"2822696","9366","unique_entrez_id"
"2823326","2241","unique_entrez_id"
"2823551","4124","unique_entrez_id"
"2823745","91137","unique_entrez_id"
"2823797","85480","unique_entrez_id"
"2823820","134430","unique_entrez_id"
"2823880","814","unique_entrez_id"
"2824089","114915;654322","ambiguous_multiple_entrez"
"2824144","54508","unique_entrez_id"
"2824198","324","unique_entrez_id"
"2824286","6728","unique_entrez_id"
"2824315","6728;7310;8233","ambiguous_multiple_entrez"
"2824354","167227","unique_entrez_id"
"2824483","64848","unique_entrez_id"
"2824581","3781","unique_entrez_id"
"2824872","1176;643454","ambiguous_multiple_entrez"
"2824902","206338;644100","ambiguous_multiple_entrez"
"2824986","51397","unique_entrez_id"
"2825514","1657","unique_entrez_id"
"2825629","25816","unique_entrez_id"
"2825733","3295","unique_entrez_id"
"2825796","340069","unique_entrez_id"
"2825907","51334","unique_entrez_id"
"2826058","94033","unique_entrez_id"
"2826064","153443","unique_entrez_id"
"2826118","100505841;133923","ambiguous_multiple_entrez"
"2826159","9627","unique_entrez_id"
"2826295","6643","unique_entrez_id"
"2826343","28966","unique_entrez_id"
"2826550","1456","unique_entrez_id"
"2827057","65983","unique_entrez_id"
"2827156","51808","unique_entrez_id"
"2827177","389320","unique_entrez_id"
"2827185","4001","unique_entrez_id"
"2827299","84466","unique_entrez_id"
"2827388","133619","unique_entrez_id"
"2827525","6558;79070","ambiguous_multiple_entrez"
"2827645","28965","unique_entrez_id"
"2827709","51015","unique_entrez_id"
"2827772","171019","unique_entrez_id"
"2827865","337876","unique_entrez_id"
"2828115","90624","unique_entrez_id"
"2828135","90624","unique_entrez_id"
"2828146","56990","unique_entrez_id"
"2828323","3562","unique_entrez_id"
"2828356","1437","unique_entrez_id"
"2828441","8572","unique_entrez_id"
"2828479","6583","unique_entrez_id"
"2828520","6584","unique_entrez_id"
"2828564","10111;441108","ambiguous_multiple_entrez"
"2828688","3596","unique_entrez_id"
"2828699","3565","unique_entrez_id"
"2828757","134548","unique_entrez_id"
"2828787","27089","unique_entrez_id"
"2828796","116842","unique_entrez_id"
"2828856","3308","unique_entrez_id"
"2829171","6932","unique_entrez_id"
"2829275","7320","unique_entrez_id"
"2829337","23338","unique_entrez_id"
"2829416","10802","unique_entrez_id"
"2829463","819","unique_entrez_id"
"2829488","9879","unique_entrez_id"
"2829542","134553","unique_entrez_id"
"2829562","79770","unique_entrez_id"
"2829589","84105","unique_entrez_id"
"2829624","347732","unique_entrez_id"
"2829864","153328","unique_entrez_id"
"2829905","26223","unique_entrez_id"
"2829947","7045","unique_entrez_id"
"2830010","4090","unique_entrez_id"
"2830450","4888","unique_entrez_id"
"2830465","9499","unique_entrez_id"
"2830504","27039","unique_entrez_id"
"2830598","7478","unique_entrez_id"
"2830638","10112","unique_entrez_id"
"2830698","51307","unique_entrez_id"
"2830742","51780","unique_entrez_id"
"2830818","51308","unique_entrez_id"
"2830861","1958","unique_entrez_id"
"2830946","1495","unique_entrez_id"
"2831124","26821;724102;9782","ambiguous_multiple_entrez"
"2831209","51247","unique_entrez_id"
"2831284","7322","unique_entrez_id"
"2831350","51523","unique_entrez_id"
"2831436","84249","unique_entrez_id"
"2831519","5813;84418","ambiguous_multiple_entrez"
"2831567","5813","unique_entrez_id"
"2831591","492311","unique_entrez_id"
"2831619","115106;54853","ambiguous_multiple_entrez"
"2831664","83697","unique_entrez_id"
"2831719","404734;54882;8637","ambiguous_multiple_entrez"
"2831875","113829","unique_entrez_id"
"2831897","55374","unique_entrez_id"
"2831932","100500820;3550;55374","ambiguous_multiple_entrez"
"2831935","","unmapped_entrez"
"2831937","","unmapped_entrez"
"2831938","","unmapped_entrez"
"2831940","","unmapped_entrez"
"2831941","","unmapped_entrez"
"2831942","","unmapped_entrez"
"2831946","","unmapped_entrez"
"2831947","","unmapped_entrez"
"2831949","","unmapped_entrez"
"2831951","","unmapped_entrez"
"2831953","","unmapped_entrez"
"2831955","","unmapped_entrez"
"2831956","","unmapped_entrez"
"2831957","","unmapped_entrez"
"2831958","","unmapped_entrez"
"2831960","","unmapped_entrez"
"2831962","","unmapped_entrez"
"2831964","","unmapped_entrez"
"2831965","","unmapped_entrez"
"2831966","","unmapped_entrez"
"2831968","","unmapped_entrez"
"2831971","","unmapped_entrez"
"2831973","","unmapped_entrez"
"2831975","","unmapped_entrez"
"2831977","","unmapped_entrez"
"2831979","","unmapped_entrez"
"2831981","","unmapped_entrez"
"2831983","","unmapped_entrez"
"2831985","","unmapped_entrez"
"2831987","","unmapped_entrez"
"2831989","","unmapped_entrez"
"2831991","","unmapped_entrez"
"2831993","","unmapped_entrez"
"2831995","","unmapped_entrez"
"2831997","","unmapped_entrez"
"2831999","","unmapped_entrez"
"2832001","","unmapped_entrez"
"2832003","","unmapped_entrez"
"2832005","","unmapped_entrez"
"2832007","","unmapped_entrez"
"2832009","","unmapped_entrez"
"2832011","","unmapped_entrez"
"2832013","","unmapped_entrez"
"2832015","","unmapped_entrez"
"2832017","","unmapped_entrez"
"2832019","","unmapped_entrez"
"2832021","","unmapped_entrez"
"2832023","","unmapped_entrez"
"2832025","","unmapped_entrez"
"2832027","","unmapped_entrez"
"2832029","","unmapped_entrez"
"2832031","","unmapped_entrez"
"2832033","","unmapped_entrez"
"2832035","","unmapped_entrez"
"2832037","","unmapped_entrez"
"2832039","","unmapped_entrez"
"2832041","","unmapped_entrez"
"2832043","","unmapped_entrez"
"2832045","","unmapped_entrez"
"2832047","","unmapped_entrez"
"2832052","23438","unique_entrez_id"
"2832081","153527","unique_entrez_id"
"2832115","56131;56132;56134;56135;56136;56137;56138;56139;56140;56141;56142;56143;56144;56145;56146;56147;9752","ambiguous_multiple_entrez"
"2832291","29930","unique_entrez_id"
"2832297","56123;56132;56133;84054","ambiguous_multiple_entrez"
"2832310","56132","unique_entrez_id"
"2832315","56131","unique_entrez_id"
"2832325","26167;56130;56131;56133;57717;84054","ambiguous_multiple_entrez"
"2832355","56130","unique_entrez_id"
"2832363","26167;54660;54661;56121;56122;56123;56124;56125;56126;56127;56128;56129;56131;56133","ambiguous_multiple_entrez"
"2832378","56129","unique_entrez_id"
"2832387","56123;56128","ambiguous_multiple_entrez"
"2832392","57717","unique_entrez_id"
"2832403","56126;56127","ambiguous_multiple_entrez"
"2832423","56126","unique_entrez_id"
"2832431","56125","unique_entrez_id"
"2832439","56124","unique_entrez_id"
"2832447","56123;57717","ambiguous_multiple_entrez"
"2832459","56122","unique_entrez_id"
"2832467","54660","unique_entrez_id"
"2832499","56121","unique_entrez_id"
"2832533","26025;5098;56097;56098;56099;56100;56101;56102;56103;56104;56105;56106;56107;56108;56109;56110;56111;56112;56113;56114;56120;8641;9708","ambiguous_multiple_entrez"
"2832844","285613","unique_entrez_id"
"2832963","9812","unique_entrez_id"
"2833024","9604","unique_entrez_id"
"2833078","80762","unique_entrez_id"
"2833286","23092","unique_entrez_id"
"2833623","57824","unique_entrez_id"
"2833924","153769","unique_entrez_id"
"2834025","54439;5459","ambiguous_multiple_entrez"
"2834093","10915","unique_entrez_id"
"2834282","202374","unique_entrez_id"
"2834472","117156","unique_entrez_id"
"2834503","11005","unique_entrez_id"
"2834574","408187","unique_entrez_id"
"2834579","404203","unique_entrez_id"
"2834609","84651","unique_entrez_id"
"2834743","154","unique_entrez_id"
"2834863","22885","unique_entrez_id"
"2834957","134265","unique_entrez_id"
"2835006","134266","unique_entrez_id"
"2835021","78991","unique_entrez_id"
"2835166","389337","unique_entrez_id"
"2835213","133522","unique_entrez_id"
"2835300","1836","unique_entrez_id"
"2835368","1044","unique_entrez_id"
"2835386","6534","unique_entrez_id"
"2835440","6949","unique_entrez_id"
"2835531","3340","unique_entrez_id"
"2835576","11346","unique_entrez_id"
"2835619","91977","unique_entrez_id"
"2835662","85027","unique_entrez_id"
"2835715","2878","unique_entrez_id"
"2835792","2760","unique_entrez_id"
"2835848","206358","unique_entrez_id"
"2835960","10146;105378235","ambiguous_multiple_entrez"
"2836242","2890","unique_entrez_id"
"2836451","4238","unique_entrez_id"
"2836518","55568","unique_entrez_id"
"2836665","79685","unique_entrez_id"
"2836738","23367","unique_entrez_id"
"2836856","9337","unique_entrez_id"
"2836886","29093","unique_entrez_id"
"2837029","6444","unique_entrez_id"
"2837192","153743","unique_entrez_id"
"2837232","3702","unique_entrez_id"
"2837266","26999","unique_entrez_id"
"2837479","54974","unique_entrez_id"
"2837499","134353","unique_entrez_id"
"2837810","134510","unique_entrez_id"
"2837970","147","unique_entrez_id"
"2838042","7265","unique_entrez_id"
"2838116","2172","unique_entrez_id"
"2838201","9232","unique_entrez_id"
"2838399","2559","unique_entrez_id"
"2838416","2554","unique_entrez_id"
"2838462","2566","unique_entrez_id"
"2838598","900","unique_entrez_id"
"2838656","3161","unique_entrez_id"
"2838688","27430","unique_entrez_id"
"2839543","23286","unique_entrez_id"
"2839671","5917","unique_entrez_id"
"2840002","54908","unique_entrez_id"
"2840036","100616498;1794","ambiguous_multiple_entrez"
"2840213","2299","unique_entrez_id"
"2840238","133874","unique_entrez_id"
"2840270","30820","unique_entrez_id"
"2840393","2568","unique_entrez_id"
"2840425","219333;64901","ambiguous_multiple_entrez"
"2840574","30012","unique_entrez_id"
"2840616","29121;400002;4869","ambiguous_multiple_entrez"
"2840621","","unmapped_entrez"
"2840623","","unmapped_entrez"
"2840624","","unmapped_entrez"
"2840626","","unmapped_entrez"
"2840627","","unmapped_entrez"
"2840628","","unmapped_entrez"
"2840629","","unmapped_entrez"
"2840631","","unmapped_entrez"
"2840632","","unmapped_entrez"
"2840633","","unmapped_entrez"
"2840636","","unmapped_entrez"
"2840638","","unmapped_entrez"
"2840640","","unmapped_entrez"
"2840642","","unmapped_entrez"
"2840646","","unmapped_entrez"
"2840647","","unmapped_entrez"
"2840650","","unmapped_entrez"
"2840652","","unmapped_entrez"
"2840654","","unmapped_entrez"
"2840656","","unmapped_entrez"
"2840658","","unmapped_entrez"
"2840660","","unmapped_entrez"
"2840662","","unmapped_entrez"
"2840664","","unmapped_entrez"
"2840666","","unmapped_entrez"
"2840668","","unmapped_entrez"
"2840670","","unmapped_entrez"
"2840672","","unmapped_entrez"
"2840674","","unmapped_entrez"
"2840676","","unmapped_entrez"
"2840678","","unmapped_entrez"
"2840680","","unmapped_entrez"
"2840682","","unmapped_entrez"
"2840684","","unmapped_entrez"
"2840686","","unmapped_entrez"
"2840688","","unmapped_entrez"
"2840690","","unmapped_entrez"
"2840692","","unmapped_entrez"
"2840694","","unmapped_entrez"
"2840696","","unmapped_entrez"
"2840698","","unmapped_entrez"
"2840700","","unmapped_entrez"
"2840702","","unmapped_entrez"
"2840704","","unmapped_entrez"
"2840706","","unmapped_entrez"
"2840708","","unmapped_entrez"
"2840710","","unmapped_entrez"
"2840712","","unmapped_entrez"
"2840714","","unmapped_entrez"
"2840716","","unmapped_entrez"
"2840718","","unmapped_entrez"
"2840720","","unmapped_entrez"
"2840722","","unmapped_entrez"
"2840724","","unmapped_entrez"
"2840726","","unmapped_entrez"
"2840728","","unmapped_entrez"
"2840730","","unmapped_entrez"
"2840732","","unmapped_entrez"
"2840734","","unmapped_entrez"
"2840736","","unmapped_entrez"
"2840738","","unmapped_entrez"
"2840740","","unmapped_entrez"
"2840742","","unmapped_entrez"
"2840744","","unmapped_entrez"
"2840746","","unmapped_entrez"
"2840748","","unmapped_entrez"
"2840750","","unmapped_entrez"
"2840752","","unmapped_entrez"
"2840754","","unmapped_entrez"
"2840756","","unmapped_entrez"
"2840758","","unmapped_entrez"
"2840760","","unmapped_entrez"
"2840762","","unmapped_entrez"
"2840764","","unmapped_entrez"
"2840766","","unmapped_entrez"
"2840768","","unmapped_entrez"
"2840770","","unmapped_entrez"
"2840772","","unmapped_entrez"
"2840774","","unmapped_entrez"
"2840776","","unmapped_entrez"
"2840778","","unmapped_entrez"
"2840780","","unmapped_entrez"
"2840782","","unmapped_entrez"
"2840789","8817","unique_entrez_id"
"2841184","57222","unique_entrez_id"
"2841284","677841;8992","ambiguous_multiple_entrez"
"2841286","","unmapped_entrez"
"2841289","","unmapped_entrez"
"2841295","","unmapped_entrez"
"2841296","","unmapped_entrez"
"2841301","","unmapped_entrez"
"2841304","","unmapped_entrez"
"2841306","","unmapped_entrez"
"2841308","","unmapped_entrez"
"2841310","","unmapped_entrez"
"2841312","","unmapped_entrez"
"2841314","","unmapped_entrez"
"2841316","","unmapped_entrez"
"2841318","","unmapped_entrez"
"2841320","","unmapped_entrez"
"2841322","","unmapped_entrez"
"2841324","","unmapped_entrez"
"2841326","","unmapped_entrez"
"2841328","","unmapped_entrez"
"2841330","","unmapped_entrez"
"2841332","","unmapped_entrez"
"2841334","","unmapped_entrez"
"2841336","","unmapped_entrez"
"2841338","","unmapped_entrez"
"2841340","","unmapped_entrez"
"2841342","","unmapped_entrez"
"2841344","","unmapped_entrez"
"2841346","","unmapped_entrez"
"2841348","","unmapped_entrez"
"2841350","","unmapped_entrez"
"2841352","","unmapped_entrez"
"2841354","","unmapped_entrez"
"2841356","","unmapped_entrez"
"2841358","","unmapped_entrez"
"2841360","","unmapped_entrez"
"2841362","","unmapped_entrez"
"2841364","","unmapped_entrez"
"2841366","","unmapped_entrez"
"2841368","","unmapped_entrez"
"2841370","","unmapped_entrez"
"2841372","","unmapped_entrez"
"2841374","","unmapped_entrez"
"2841376","","unmapped_entrez"
"2841378","","unmapped_entrez"
"2841380","","unmapped_entrez"
"2841382","","unmapped_entrez"
"2841384","","unmapped_entrez"
"2841386","","unmapped_entrez"
"2841388","","unmapped_entrez"
"2841390","","unmapped_entrez"
"2841392","","unmapped_entrez"
"2841394","","unmapped_entrez"
"2841396","","unmapped_entrez"
"2841398","","unmapped_entrez"
"2841400","","unmapped_entrez"
"2841402","","unmapped_entrez"
"2841404","","unmapped_entrez"
"2841406","","unmapped_entrez"
"2841408","","unmapped_entrez"
"2841410","","unmapped_entrez"
"2841412","","unmapped_entrez"
"2841414","","unmapped_entrez"
"2841416","","unmapped_entrez"
"2841418","","unmapped_entrez"
"2841420","","unmapped_entrez"
"2841422","","unmapped_entrez"
"2841424","","unmapped_entrez"
"2841426","","unmapped_entrez"
"2841428","","unmapped_entrez"
"2841430","","unmapped_entrez"
"2841432","","unmapped_entrez"
"2841434","","unmapped_entrez"
"2841436","","unmapped_entrez"
"2841438","","unmapped_entrez"
"2841440","","unmapped_entrez"
"2841442","","unmapped_entrez"
"2841444","","unmapped_entrez"
"2841446","","unmapped_entrez"
"2841448","","unmapped_entrez"
"2841450","","unmapped_entrez"
"2841452","","unmapped_entrez"
"2841454","","unmapped_entrez"
"2841456","","unmapped_entrez"
"2841458","","unmapped_entrez"
"2841460","","unmapped_entrez"
"2841462","","unmapped_entrez"
"2841464","","unmapped_entrez"
"2841466","","unmapped_entrez"
"2841468","","unmapped_entrez"
"2841470","","unmapped_entrez"
"2841472","","unmapped_entrez"
"2841474","","unmapped_entrez"
"2841476","","unmapped_entrez"
"2841478","","unmapped_entrez"
"2841480","","unmapped_entrez"
"2841482","","unmapped_entrez"
"2841484","","unmapped_entrez"
"2841491","153222","unique_entrez_id"
"2841528","662","unique_entrez_id"
"2841699","80315","unique_entrez_id"
"2841802","51617","unique_entrez_id"
"2841964","4488","unique_entrez_id"
"2842101","94081","unique_entrez_id"
"2842157","3274","unique_entrez_id"
"2842194","10814","unique_entrez_id"
"2842255","10814","unique_entrez_id"
"2842429","202181;375484;79184","ambiguous_multiple_entrez"
"2842530","285598","unique_entrez_id"
"2842561","192286","unique_entrez_id"
"2842570","23197","unique_entrez_id"
"2842624","54825","unique_entrez_id"
"2842707","26262","unique_entrez_id"
"2842860","23567","unique_entrez_id"
"2842911","2264","unique_entrez_id"
"2842951","64324","unique_entrez_id"
"2843091","10636","unique_entrez_id"
"2843131","6569","unique_entrez_id"
"2843163","2870;2871","ambiguous_multiple_entrez"
"2843209","80758","unique_entrez_id"
"2843283","105377750;11285","ambiguous_multiple_entrez"
"2843485","202134;285596","ambiguous_multiple_entrez"
"2843560","23138","unique_entrez_id"
"2843579","64777","unique_entrez_id"
"2843619","3182","unique_entrez_id"
"2843804","117608;345462;6940","ambiguous_multiple_entrez"
"2843855","80108","unique_entrez_id"
"2843882","285676","unique_entrez_id"
"2843935","30832","unique_entrez_id"
"2844082","80230","unique_entrez_id"
"2844203","821","unique_entrez_id"
"2844206","","unmapped_entrez"
"2844212","","unmapped_entrez"
"2844213","","unmapped_entrez"
"2844214","","unmapped_entrez"
"2844215","","unmapped_entrez"
"2844216","","unmapped_entrez"
"2844217","","unmapped_entrez"
"2844219","","unmapped_entrez"
"2844221","","unmapped_entrez"
"2844222","","unmapped_entrez"
"2844226","","unmapped_entrez"
"2844227","","unmapped_entrez"
"2844228","","unmapped_entrez"
"2844229","","unmapped_entrez"
"2844230","","unmapped_entrez"
"2844231","","unmapped_entrez"
"2844233","","unmapped_entrez"
"2844235","","unmapped_entrez"
"2844238","","unmapped_entrez"
"2844241","","unmapped_entrez"
"2844242","","unmapped_entrez"
"2844243","","unmapped_entrez"
"2844244","","unmapped_entrez"
"2844245","","unmapped_entrez"
"2844246","","unmapped_entrez"
"2844247","","unmapped_entrez"
"2844248","","unmapped_entrez"
"2844249","","unmapped_entrez"
"2844250","","unmapped_entrez"
"2844253","","unmapped_entrez"
"2844255","","unmapped_entrez"
"2844257","","unmapped_entrez"
"2844259","","unmapped_entrez"
"2844261","","unmapped_entrez"
"2844263","","unmapped_entrez"
"2844265","","unmapped_entrez"
"2844267","","unmapped_entrez"
"2844269","","unmapped_entrez"
"2844271","","unmapped_entrez"
"2844273","","unmapped_entrez"
"2844275","","unmapped_entrez"
"2844277","","unmapped_entrez"
"2844279","","unmapped_entrez"
"2844281","","unmapped_entrez"
"2844283","","unmapped_entrez"
"2844285","","unmapped_entrez"
"2844287","","unmapped_entrez"
"2844289","","unmapped_entrez"
"2844291","","unmapped_entrez"
"2844293","","unmapped_entrez"
"2844295","","unmapped_entrez"
"2844297","","unmapped_entrez"
"2844299","","unmapped_entrez"
"2844301","","unmapped_entrez"
"2844303","","unmapped_entrez"
"2844305","","unmapped_entrez"
"2844307","","unmapped_entrez"
"2844309","","unmapped_entrez"
"2844311","","unmapped_entrez"
"2844313","","unmapped_entrez"
"2844315","","unmapped_entrez"
"2844317","","unmapped_entrez"
"2844319","","unmapped_entrez"
"2844321","","unmapped_entrez"
"2844323","","unmapped_entrez"
"2844325","","unmapped_entrez"
"2844327","","unmapped_entrez"
"2844329","","unmapped_entrez"
"2844331","","unmapped_entrez"
"2844333","","unmapped_entrez"
"2844335","","unmapped_entrez"
"2844337","","unmapped_entrez"
"2844339","","unmapped_entrez"
"2844341","","unmapped_entrez"
"2844343","","unmapped_entrez"
"2844345","","unmapped_entrez"
"2844347","","unmapped_entrez"
"2844349","","unmapped_entrez"
"2844351","","unmapped_entrez"
"2844353","","unmapped_entrez"
"2844355","","unmapped_entrez"
"2844357","","unmapped_entrez"
"2844359","","unmapped_entrez"
"2844361","","unmapped_entrez"
"2844363","","unmapped_entrez"
"2844365","","unmapped_entrez"
"2844367","","unmapped_entrez"
"2844369","","unmapped_entrez"
"2844371","","unmapped_entrez"
"2844373","","unmapped_entrez"
"2844375","","unmapped_entrez"
"2844377","","unmapped_entrez"
"2844379","","unmapped_entrez"
"2844381","","unmapped_entrez"
"2844383","","unmapped_entrez"
"2844385","","unmapped_entrez"
"2844387","","unmapped_entrez"
"2844389","","unmapped_entrez"
"2844391","","unmapped_entrez"
"2844393","","unmapped_entrez"
"2844395","","unmapped_entrez"
"2844397","","unmapped_entrez"
"2844399","","unmapped_entrez"
"2844401","","unmapped_entrez"
"2844403","","unmapped_entrez"
"2844405","","unmapped_entrez"
"2844407","","unmapped_entrez"
"2844409","","unmapped_entrez"
"2844410","9794","unique_entrez_id"
"2844453","","unmapped_entrez"
"2844461","4056;9794","ambiguous_multiple_entrez"
"2844479","8878","unique_entrez_id"
"2844709","57472","unique_entrez_id"
"2844888","10917;79908","ambiguous_multiple_entrez"
"2844908","153579","unique_entrez_id"
"2844987","285659","unique_entrez_id"
"2845043","90933","unique_entrez_id"
"2845078","100507602;101928649","ambiguous_multiple_entrez"
"2845263","","unmapped_entrez"
"2845274","133957","unique_entrez_id"
"2845342","116349","unique_entrez_id"
"2845351","25845","unique_entrez_id"
"2845362","6550","unique_entrez_id"
"2845417","100996325","unique_entrez_id"
"2845450","11076","unique_entrez_id"
"2845474","65980;79844","ambiguous_multiple_entrez"
"2845591","65980","unique_entrez_id"
"2845699","10723","unique_entrez_id"
"2845829","7015","unique_entrez_id"
"2845879","81037","unique_entrez_id"
"2845921","6531","unique_entrez_id"
"2845973","79888","unique_entrez_id"
"2846207","50805","unique_entrez_id"
"2846522","153572","unique_entrez_id"
"2847229","401172","unique_entrez_id"
"2847264","84246","unique_entrez_id"
"2847292","54888","unique_entrez_id"
"2847710","79072","unique_entrez_id"
"2847967","9037","unique_entrez_id"
"2848118","285692;50834","ambiguous_multiple_entrez"
"2848233","134145","unique_entrez_id"
"2848265","134147","unique_entrez_id"
"2848464","102723441;1611","ambiguous_multiple_entrez"
"2848589","1501","unique_entrez_id"
"2849056","1767","unique_entrez_id"
"2849469","56172","unique_entrez_id"
"2849588","","unmapped_entrez"
"2849960","90441","unique_entrez_id"
"2849992","54463","unique_entrez_id"
"2850071","4651","unique_entrez_id"
"2850272","285696","unique_entrez_id"
"2850676","1016","unique_entrez_id"
"2850964","1010;102724392","ambiguous_multiple_entrez"
"2851274","1008","unique_entrez_id"
"2851511","1007","unique_entrez_id"
"2851965","29102","unique_entrez_id"
"2852237","64083","unique_entrez_id"
"2852274","54545","unique_entrez_id"
"2852333","51663","unique_entrez_id"
"2852591","81792","unique_entrez_id"
"2852712","51151","unique_entrez_id"
"2852742","100534612;23600","ambiguous_multiple_entrez"
"2852766","100534612;114899","ambiguous_multiple_entrez"
"2852989","5810","unique_entrez_id"
"2853055","64902","unique_entrez_id"
"2853102","5618","unique_entrez_id"
"2853275","133690","unique_entrez_id"
"2853293","133688","unique_entrez_id"
"2853325","167127","unique_entrez_id"
"2853388","133686","unique_entrez_id"
"2853426","202151","unique_entrez_id"
"2853642","65250","unique_entrez_id"
"2853768","9631","unique_entrez_id"
"2853885","2668","unique_entrez_id"
"2854092","3977","unique_entrez_id"
"2854241","253260","unique_entrez_id"
"2854327","2533","unique_entrez_id"
"2854409","735","unique_entrez_id"
"2854445","1601","unique_entrez_id"
"2854718","23548","unique_entrez_id"
"2854737","5562","unique_entrez_id"
"2854824","133558","unique_entrez_id"
"2854915","729","unique_entrez_id"
"2855058","5019","unique_entrez_id"
"2855285","6414","unique_entrez_id"
"2855434","389289","unique_entrez_id"
"2855443","100132356","unique_entrez_id"
"2855501","3157","unique_entrez_id"
"2855542","56477","unique_entrez_id"
"2855578","64417","unique_entrez_id"
"2855614","375444","unique_entrez_id"
"2855679","10605","unique_entrez_id"
"2855818","102723839;2255","ambiguous_multiple_entrez"
"2855963","348980","unique_entrez_id"
"2856044","133418;647121","ambiguous_multiple_entrez"
"2856484","4338","unique_entrez_id"
"2856634","54622","unique_entrez_id"
"2856995","11082","unique_entrez_id"
"2857042","166979","unique_entrez_id"
"2857112","10309","unique_entrez_id"
"2857131","54505","unique_entrez_id"
"2857204","379013;51444;8611","ambiguous_multiple_entrez"
"2857301","153129","unique_entrez_id"
"2857416","107984974;3572","ambiguous_multiple_entrez"
"2857488","79722","unique_entrez_id"
"2857733","166968","unique_entrez_id"
"2858023","10769","unique_entrez_id"
"2858134","5144","unique_entrez_id"
"2858592","55789","unique_entrez_id"
"2858668","1161","unique_entrez_id"
"2858752","1161","unique_entrez_id"
"2858793","643155","unique_entrez_id"
"2858823","","unmapped_entrez"
"2859195","27292","unique_entrez_id"
"2859387","3350","unique_entrez_id"
"2859494","285672","unique_entrez_id"
"2859565","11174","unique_entrez_id"
"2859601","11174","unique_entrez_id"
"2859667","11174;64105","ambiguous_multiple_entrez"
"2859734","373","unique_entrez_id"
"2859775","54557","unique_entrez_id"
"2860178","4064","unique_entrez_id"
"2860614","202243","unique_entrez_id"
"2860666","102157402;6880","ambiguous_multiple_entrez"
"2861952","23107","unique_entrez_id"
"2862019","167465","unique_entrez_id"
"2862317","2297","unique_entrez_id"
"2862380","57763","unique_entrez_id"
"2862423","","unmapped_entrez"
"2862696","8507","unique_entrez_id"
"2862716","84340","unique_entrez_id"
"2862841","51301","unique_entrez_id"
"2862950","10087","unique_entrez_id"
"2863049","134359","unique_entrez_id"
"2863363","2151","unique_entrez_id"
"2863451","84327","unique_entrez_id"
"2863535","55255","unique_entrez_id"
"2863613","23440","unique_entrez_id"
"2863637","6902","unique_entrez_id"
"2863730","8546","unique_entrez_id"
"2863885","10184","unique_entrez_id"
"2863964","411","unique_entrez_id"
"2864118","29958","unique_entrez_id"
"2864237","9456","unique_entrez_id"
"2864449","256987","unique_entrez_id"
"2864584","340120","unique_entrez_id"
"2864796","134526","unique_entrez_id"
"2864849","23635","unique_entrez_id"
"2865050","6228","unique_entrez_id"
"2865327","1404","unique_entrez_id"
"2865390","10085","unique_entrez_id"
"2865673","105379065;55338","ambiguous_multiple_entrez"
"2865745","645261","unique_entrez_id"
"2865860","902","unique_entrez_id"
"2866045","153396","unique_entrez_id"
"2866225","4208","unique_entrez_id"
"2866543","1070","unique_entrez_id"
"2866576","153364","unique_entrez_id"
"2866590","116068","unique_entrez_id"
"2866704","57561","unique_entrez_id"
"2867145","83989","unique_entrez_id"
"2867284","134187","unique_entrez_id"
"2867295","","unmapped_entrez"
"2867392","285600","unique_entrez_id"
"2867432","","unmapped_entrez"
"2867443","79772","unique_entrez_id"
"2867693","9652","unique_entrez_id"
"2867788","83890","unique_entrez_id"
"2867836","2745","unique_entrez_id"
"2867873","22936","unique_entrez_id"
"2868044","5122","unique_entrez_id"
"2868131","51752","unique_entrez_id"
"2868265","167410","unique_entrez_id"
"2868283","55781","unique_entrez_id"
"2868523","1105","unique_entrez_id"
"2868904","7903","unique_entrez_id"
"2869096","353189","unique_entrez_id"
"2869124","133482","unique_entrez_id"
"2869275","54826","unique_entrez_id"
"2869438","83594","unique_entrez_id"
"2869558","","unmapped_entrez"
"2869880","1946","unique_entrez_id"
"2870113","64839","unique_entrez_id"
"2870397","9867","unique_entrez_id"
"2870828","134429","unique_entrez_id"
"2870889","9315","unique_entrez_id"
"2870964","64097","unique_entrez_id"
"2871176","7905","unique_entrez_id"
"2871241","4163","unique_entrez_id"
"2871396","83942","unique_entrez_id"
"2871617","55521","unique_entrez_id"
"2871685","5229","unique_entrez_id"
"2871717","153733","unique_entrez_id"
"2871801","56929","unique_entrez_id"
"2871821","100302736;353376;51014","ambiguous_multiple_entrez"
"2871896","1036","unique_entrez_id"
"2871923","9140","unique_entrez_id"
"2871986","","unmapped_entrez"
"2872047","57556","unique_entrez_id"
"2872471","285605","unique_entrez_id"
"2872848","4015","unique_entrez_id"
"2872958","153163","unique_entrez_id"
"2873105","5480","unique_entrez_id"
"2873168","153241","unique_entrez_id"
"2873785","501","unique_entrez_id"
"2873897","115123","unique_entrez_id"
"2874371","105379167;2201","ambiguous_multiple_entrez"
"2874686","3094","unique_entrez_id"
"2874688","","unmapped_entrez"
"2874689","","unmapped_entrez"
"2874690","","unmapped_entrez"
"2874691","","unmapped_entrez"
"2874696","","unmapped_entrez"
"2874697","","unmapped_entrez"
"2874702","","unmapped_entrez"
"2874719","","unmapped_entrez"
"2874721","","unmapped_entrez"
"2874723","","unmapped_entrez"
"2874725","","unmapped_entrez"
"2874727","","unmapped_entrez"
"2874729","","unmapped_entrez"
"2874731","","unmapped_entrez"
"2874733","","unmapped_entrez"
"2874735","","unmapped_entrez"
"2874737","","unmapped_entrez"
"2874739","","unmapped_entrez"
"2874741","","unmapped_entrez"
"2874794","51735;96459","ambiguous_multiple_entrez"
"2874920","23305;728637","ambiguous_multiple_entrez"
"2875193","8974","unique_entrez_id"
"2875257","","unmapped_entrez"
"2875289","","unmapped_entrez"
"2875348","3659","unique_entrez_id"
"2875384","3567","unique_entrez_id"
"2875419","11127","unique_entrez_id"
"2875454","23176","unique_entrez_id"
"2875491","134549","unique_entrez_id"
"2875529","2661","unique_entrez_id"
"2875555","27125","unique_entrez_id"
"2875634","54819","unique_entrez_id"
"2875685","23105","unique_entrez_id"
"2875929","56951","unique_entrez_id"
"2875954","105379182;7416","ambiguous_multiple_entrez"
"2876011","6500","unique_entrez_id"
"2876046","51265;5515","ambiguous_multiple_entrez"
"2876146","51265","unique_entrez_id"
"2876213","91368","unique_entrez_id"
"2876257","51128","unique_entrez_id"
"2876361","5307","unique_entrez_id"
"2876479","9555","unique_entrez_id"
"2876543","140947;497189","ambiguous_multiple_entrez"
"2876597","4762","unique_entrez_id"
"2876608","9547","unique_entrez_id"
"2876707","3578","unique_entrez_id"
"2876721","3950","unique_entrez_id"
"2876754","9597","unique_entrez_id"
"2876793","57113","unique_entrez_id"
"2876897","6695","unique_entrez_id"
"2877028","101928005;26249","ambiguous_multiple_entrez"
"2877141","10949","unique_entrez_id"
"2877171","51306","unique_entrez_id"
"2877231","8382","unique_entrez_id"
"2877257","10902","unique_entrez_id"
"2877314","8697","unique_entrez_id"
"2877355","2676","unique_entrez_id"
"2877378","995","unique_entrez_id"
"2877465","2107","unique_entrez_id"
"2877508","26785;3313","ambiguous_multiple_entrez"
"2877597","26045","unique_entrez_id"
"2877639","64374","unique_entrez_id"
"2877861","9963","unique_entrez_id"
"2877893","51237","unique_entrez_id"
"2877918","202051","unique_entrez_id"
"2877939","202052","unique_entrez_id"
"2877990","340061","unique_entrez_id"
"2878074","9542","unique_entrez_id"
"2878246","5201","unique_entrez_id"
"2878273","1839","unique_entrez_id"
"2878347","10011","unique_entrez_id"
"2878368","102465499;10307","ambiguous_multiple_entrez"
"2878437","929","unique_entrez_id"
"2878446","4695","unique_entrez_id"
"2878455","","unmapped_entrez"
"2878457","","unmapped_entrez"
"2878461","373863","unique_entrez_id"
"2878474","3035","unique_entrez_id"
"2878622","6879","unique_entrez_id"
"2878630","83884","unique_entrez_id"
"2878662","1729","unique_entrez_id"
"2878726","8841","unique_entrez_id"
"2878778","89848","unique_entrez_id"
"2878809","64411","unique_entrez_id"
"2878943","5097","unique_entrez_id"
"2878987","51294","unique_entrez_id"
"2879028","10007","unique_entrez_id"
"2879105","100642175;81848","ambiguous_multiple_entrez"
"2879166","2246","unique_entrez_id"
"2879312","2908","unique_entrez_id"
"2879509","81555","unique_entrez_id"
"2879739","153768;643226","ambiguous_multiple_entrez"
"2879927","51520","unique_entrez_id"
"2880044","134391","unique_entrez_id"
"2880051","5521","unique_entrez_id"
"2880292","1809","unique_entrez_id"
"2880361","9832","unique_entrez_id"
"2880422","6690","unique_entrez_id"
"2880463","389336","unique_entrez_id"
"2880552","3360","unique_entrez_id"
"2880679","79628","unique_entrez_id"
"2880830","27190","unique_entrez_id"
"2880905","1452","unique_entrez_id"
"2880932","1452","unique_entrez_id"
"2881083","5145;644762","ambiguous_multiple_entrez"
"2881165","81789","unique_entrez_id"
"2881187","1436","unique_entrez_id"
"2881239","5159","unique_entrez_id"
"2881300","815","unique_entrez_id"
"2881370","972","unique_entrez_id"
"2881413","6208","unique_entrez_id"
"2881521","55696","unique_entrez_id"
"2881554","51164","unique_entrez_id"
"2881607","134466;91975","ambiguous_multiple_entrez"
"2881672","10318","unique_entrez_id"
"2881747","309","unique_entrez_id"
"2881860","26112","unique_entrez_id"
"2881923","285641","unique_entrez_id"
"2881950","153201","unique_entrez_id"
"2882026","2196","unique_entrez_id"
"2882098","6678","unique_entrez_id"
"2882196","475","unique_entrez_id"
"2882253","2741","unique_entrez_id"
"2882325","105378236;56923","ambiguous_multiple_entrez"
"2882555","10827","unique_entrez_id"
"2882747","9421","unique_entrez_id"
"2882834","10826","unique_entrez_id"
"2882897","25929","unique_entrez_id"
"2883283","91937","unique_entrez_id"
"2883317","100101266;26762","ambiguous_multiple_entrez"
"2883349","84868","unique_entrez_id"
"2883380","9443","unique_entrez_id"
"2883392","153745","unique_entrez_id"
"2883423","408263","unique_entrez_id"
"2883440","8728","unique_entrez_id"
"2883541","11063","unique_entrez_id"
"2883609","9685","unique_entrez_id"
"2883661","","unmapped_entrez"
"2883878","1879","unique_entrez_id"
"2884216","153830","unique_entrez_id"
"2884301","3593","unique_entrez_id"
"2884578","79616","unique_entrez_id"
"2884623","114898","unique_entrez_id"
"2884647","63920","unique_entrez_id"
"2884658","10569","unique_entrez_id"
"2884727","23120","unique_entrez_id"
"2884845","2561","unique_entrez_id"
"2885099","134492","unique_entrez_id"
"2886130","406895;79646","ambiguous_multiple_entrez"
"2886174","407001;6586","ambiguous_multiple_entrez"
"2886535","","unmapped_entrez"
"2886595","3937","unique_entrez_id"
"2886679","3779","unique_entrez_id"
"2886977","23291","unique_entrez_id"
"2887048","6793","unique_entrez_id"
"2887128","92181","unique_entrez_id"
"2887164","285590","unique_entrez_id"
"2887264","","unmapped_entrez"
"2887309","1843","unique_entrez_id"
"2887449","1482","unique_entrez_id"
"2887490","8614","unique_entrez_id"
"2887633","91272","unique_entrez_id"
"2887930","441116","unique_entrez_id"
"2888010","1812","unique_entrez_id"
"2888243","57179","unique_entrez_id"
"2888284","51491","unique_entrez_id"
"2888304","1212","unique_entrez_id"
"2888341","22838","unique_entrez_id"
"2888385","114787","unique_entrez_id"
"2888399","6620","unique_entrez_id"
"2888485","3101","unique_entrez_id"
"2888519","51720","unique_entrez_id"
"2888648","53917","unique_entrez_id"
"2888674","83463","unique_entrez_id"
"2888698","10960","unique_entrez_id"
"2888741","2161","unique_entrez_id"
"2888800","1627","unique_entrez_id"
"2888879","79930","unique_entrez_id"
"2889241","202134;285596;653316","ambiguous_multiple_entrez"
"2889382","5626","unique_entrez_id"
"2889466","64395;64396","ambiguous_multiple_entrez"
"2889486","85007","unique_entrez_id"
"2889542","91522","unique_entrez_id"
"2889698","57396","unique_entrez_id"
"2889753","117608;6940","ambiguous_multiple_entrez"
"2889848","2916","unique_entrez_id"
"2889916","105377759;9509","ambiguous_multiple_entrez"
"2890148","3187","unique_entrez_id"
"2890239","11282","unique_entrez_id"
"2890292","51149","unique_entrez_id"
"2890326","23061","unique_entrez_id"
"2890413","55819","unique_entrez_id"
"2890517","255426","unique_entrez_id"
"2890605","5601","unique_entrez_id"
"2890660","9945","unique_entrez_id"
"2890741","92304","unique_entrez_id"
"2890756","2324","unique_entrez_id"
"2890859","4245","unique_entrez_id"
"2891015","81786","unique_entrez_id"
"2891052","10399;619570;619571","ambiguous_multiple_entrez"
"2891092","84851","unique_entrez_id"
"2891241","105374870;56940","ambiguous_multiple_entrez"
"2891341","3662","unique_entrez_id"
"2891556","94234","unique_entrez_id"
"2891644","105374883;2295","ambiguous_multiple_entrez"
"2891768","2296","unique_entrez_id"
"2892170","56897","unique_entrez_id"
"2892262","401232","unique_entrez_id"
"2892277","4835","unique_entrez_id"
"2892341","8737","unique_entrez_id"
"2892393","670","unique_entrez_id"
"2892652","26240","unique_entrez_id"
"2892734","","unmapped_entrez"
"2892738","8899","unique_entrez_id"
"2892800","404220","unique_entrez_id"
"2892979","9425","unique_entrez_id"
"2893109","","unmapped_entrez"
"2893130","10667","unique_entrez_id"
"2893392","9450","unique_entrez_id"
"2893562","6239","unique_entrez_id"
"2893721","83732","unique_entrez_id"
"2893794","1832","unique_entrez_id"
"2893847","105374906;154007","ambiguous_multiple_entrez"
"2893895","654","unique_entrez_id"
"2894036","206426;266971;8394","ambiguous_multiple_entrez"
"2894573","2651","unique_entrez_id"
"2894663","55003","unique_entrez_id"
"2894689","51522","unique_entrez_id"
"2894711","81853","unique_entrez_id"
"2894790","221711","unique_entrez_id"
"2895159","3096","unique_entrez_id"
"2895244","1906","unique_entrez_id"
"2895650","23408","unique_entrez_id"
"2895721","23408;51406","ambiguous_multiple_entrez"
"2895792","221687","unique_entrez_id"
"2895841","105374939;9308","ambiguous_multiple_entrez"
"2895945","","unmapped_entrez"
"2896177","3720","unique_entrez_id"
"2896484","29116","unique_entrez_id"
"2896545","2766","unique_entrez_id"
"2896848","221662","unique_entrez_id"
"2896888","10486","unique_entrez_id"
"2896958","51439","unique_entrez_id"
"2897172","255488","unique_entrez_id"
"2897453","3400","unique_entrez_id"
"2897576","1871","unique_entrez_id"
"2897627","","unmapped_entrez"
"2897635","105374968;54901","ambiguous_multiple_entrez"
"2897842","","unmapped_entrez"
"2897899","6659","unique_entrez_id"
"2898096","154150","unique_entrez_id"
"2898371","140767","unique_entrez_id"
"2898441","353219","unique_entrez_id"
"2898452","57380","unique_entrez_id"
"2898499","7915","unique_entrez_id"
"2898562","55856","unique_entrez_id"
"2898597","105374978;51053","ambiguous_multiple_entrez"
"2898746","55604","unique_entrez_id"
"2898934","10590","unique_entrez_id"
"2898971","255626;387319","ambiguous_multiple_entrez"
"2898986","10050","unique_entrez_id"
"2899022","10475","unique_entrez_id"
"2899090","8350","unique_entrez_id"
"2899095","8359","unique_entrez_id"
"2899102","8352","unique_entrez_id"
"2899110","3077","unique_entrez_id"
"2899146","8364","unique_entrez_id"
"2899152","8334","unique_entrez_id"
"2899171","3008","unique_entrez_id"
"2899176","3017","unique_entrez_id"
"2899194","8344","unique_entrez_id"
"2899206","8343","unique_entrez_id"
"2899216","8367","unique_entrez_id"
"2899223","3012","unique_entrez_id"
"2899233","8353","unique_entrez_id"
"2899243","8361","unique_entrez_id"
"2899261","8346","unique_entrez_id"
"2899298","10384;11118;11119","ambiguous_multiple_entrez"
"2899333","11118","unique_entrez_id"
"2899340","10385;11120","ambiguous_multiple_entrez"
"2899372","11119","unique_entrez_id"
"2899393","11120;54718","ambiguous_multiple_entrez"
"2899413","10384;11118;11119","ambiguous_multiple_entrez"
"2899437","10385;11120;54718","ambiguous_multiple_entrez"
"2899473","696","unique_entrez_id"
"2899506","10473","unique_entrez_id"
"2899519","29777","unique_entrez_id"
"2899756","8969","unique_entrez_id"
"2899768","8294","unique_entrez_id"
"2899772","85235","unique_entrez_id"
"2899808","10279","unique_entrez_id"
"2899874","387316","unique_entrez_id"
"2900051","8357","unique_entrez_id"
"2900059","8342","unique_entrez_id"
"2900074","8341","unique_entrez_id"
"2900091","8332","unique_entrez_id"
"2900116","8348","unique_entrez_id"
"2900143","26212","unique_entrez_id"
"2900195","7718","unique_entrez_id"
"2900269","80345","unique_entrez_id"
"2900299","7745","unique_entrez_id"
"2900372","7746","unique_entrez_id"
"2900423","7741","unique_entrez_id"
"2900453","7741;84547","ambiguous_multiple_entrez"
"2900497","80317","unique_entrez_id"
"2900554","2880","unique_entrez_id"
"2900750","442186","unique_entrez_id"
"2900812","26529","unique_entrez_id"
"2900832","26716","unique_entrez_id"
"2900910","7932","unique_entrez_id"
"2900940","4340","unique_entrez_id"
"2900974","3134","unique_entrez_id"
"2901043","352962","unique_entrez_id"
"2901312","10255","unique_entrez_id"
"2901333","30834","unique_entrez_id"
"2901352","6992","unique_entrez_id"
"2901393","135644","unique_entrez_id"
"2901417","89870","unique_entrez_id"
"2901463","3139","unique_entrez_id"
"2901503","202658;56658","ambiguous_multiple_entrez"
"2901552","202658;79897","ambiguous_multiple_entrez"
"2901620","3133","unique_entrez_id"
"2901660","80742","unique_entrez_id"
"2901687","100126314;23","ambiguous_multiple_entrez"
"2901690","","unmapped_entrez"
"2901691","","unmapped_entrez"
"2901692","","unmapped_entrez"
"2901693","","unmapped_entrez"
"2901694","","unmapped_entrez"
"2901695","","unmapped_entrez"
"2901697","","unmapped_entrez"
"2901698","","unmapped_entrez"
"2901699","","unmapped_entrez"
"2901703","","unmapped_entrez"
"2901704","","unmapped_entrez"
"2901705","","unmapped_entrez"
"2901706","","unmapped_entrez"
"2901707","","unmapped_entrez"
"2901709","","unmapped_entrez"
"2901710","","unmapped_entrez"
"2901711","","unmapped_entrez"
"2901712","","unmapped_entrez"
"2901713","","unmapped_entrez"
"2901714","","unmapped_entrez"
"2901715","","unmapped_entrez"
"2901719","","unmapped_entrez"
"2901721","","unmapped_entrez"
"2901723","","unmapped_entrez"
"2901725","","unmapped_entrez"
"2901726","","unmapped_entrez"
"2901729","","unmapped_entrez"
"2901731","","unmapped_entrez"
"2901733","","unmapped_entrez"
"2901735","","unmapped_entrez"
"2901737","","unmapped_entrez"
"2901739","","unmapped_entrez"
"2901741","","unmapped_entrez"
"2901743","","unmapped_entrez"
"2901745","","unmapped_entrez"
"2901747","","unmapped_entrez"
"2901749","","unmapped_entrez"
"2901751","","unmapped_entrez"
"2901753","","unmapped_entrez"
"2901755","","unmapped_entrez"
"2901757","","unmapped_entrez"
"2901759","","unmapped_entrez"
"2901761","","unmapped_entrez"
"2901763","","unmapped_entrez"
"2901765","","unmapped_entrez"
"2901767","","unmapped_entrez"
"2901769","","unmapped_entrez"
"2901771","","unmapped_entrez"
"2901773","","unmapped_entrez"
"2901775","","unmapped_entrez"
"2901777","","unmapped_entrez"
"2901779","","unmapped_entrez"
"2901781","","unmapped_entrez"
"2901783","","unmapped_entrez"
"2901785","","unmapped_entrez"
"2901787","","unmapped_entrez"
"2901789","","unmapped_entrez"
"2901791","","unmapped_entrez"
"2901793","","unmapped_entrez"
"2901795","","unmapped_entrez"
"2901797","","unmapped_entrez"
"2901799","","unmapped_entrez"
"2901801","","unmapped_entrez"
"2901803","","unmapped_entrez"
"2901805","","unmapped_entrez"
"2901807","","unmapped_entrez"
"2901818","28973","unique_entrez_id"
"2901841","79969","unique_entrez_id"
"2901879","221545","unique_entrez_id"
"2901913","203068","unique_entrez_id"
"2901970","780","unique_entrez_id"
"2902013","2968","unique_entrez_id"
"2902089","135656","unique_entrez_id"
"2902103","100507679;394263","ambiguous_multiple_entrez"
"2902155","170679","unique_entrez_id"
"2902178","6941","unique_entrez_id"
"2902207","253018","unique_entrez_id"
"2902326","10866","unique_entrez_id"
"2902348","4277","unique_entrez_id"
"2902385","4795","unique_entrez_id"
"2902407","4049","unique_entrez_id"
"2902416","7124","unique_entrez_id"
"2902427","7940","unique_entrez_id"
"2902444","199","unique_entrez_id"
"2902463","677820;7916","ambiguous_multiple_entrez"
"2902531","55937","unique_entrez_id"
"2902559","1460;58496","ambiguous_multiple_entrez"
"2902574","58496","unique_entrez_id"
"2902593","259215;58530","ambiguous_multiple_entrez"
"2902609","80739","unique_entrez_id"
"2902633","100532732;401251;4439","ambiguous_multiple_entrez"
"2902707","3303;3304","ambiguous_multiple_entrez"
"2902725","3303;3304","ambiguous_multiple_entrez"
"2902736","26797;50854","ambiguous_multiple_entrez"
"2902804","717","unique_entrez_id"
"2902844","629","unique_entrez_id"
"2902884","6499","unique_entrez_id"
"2902935","8859","unique_entrez_id"
"2902958","100293534;110384692;720;721","ambiguous_multiple_entrez"
"2903034","1589","unique_entrez_id"
"2903075","100532746;80864;9374","ambiguous_multiple_entrez"
"2903189","3117;3122","ambiguous_multiple_entrez"
"2903219","3117","unique_entrez_id"
"2903258","3118","unique_entrez_id"
"2903285","100507463;5698","ambiguous_multiple_entrez"
"2903343","6046","unique_entrez_id"
"2903401","3115","unique_entrez_id"
"2903435","3116","unique_entrez_id"
"2903470","7922","unique_entrez_id"
"2903488","7923","unique_entrez_id"
"2903507","6015","unique_entrez_id"
"2903574","8705","unique_entrez_id"
"2903588","102465501;10471","ambiguous_multiple_entrez"
"2903673","5252","unique_entrez_id"
"2903703","221504;8831","ambiguous_multiple_entrez"
"2903777","449520","unique_entrez_id"
"2903782","3710","unique_entrez_id"
"2904000","3159","unique_entrez_id"
"2904168","29993","unique_entrez_id"
"2904248","6631","unique_entrez_id"
"2904270","54887","unique_entrez_id"
"2904329","23294","unique_entrez_id"
"2904485","222663","unique_entrez_id"
"2904528","7629","unique_entrez_id"
"2904563","50619","unique_entrez_id"
"2904597","5467","unique_entrez_id"
"2904663","2178","unique_entrez_id"
"2904689","","unmapped_entrez"
"2904691","","unmapped_entrez"
"2904695","","unmapped_entrez"
"2904696","","unmapped_entrez"
"2904697","","unmapped_entrez"
"2904700","","unmapped_entrez"
"2904701","","unmapped_entrez"
"2904702","","unmapped_entrez"
"2904703","","unmapped_entrez"
"2904704","","unmapped_entrez"
"2904788","221481","unique_entrez_id"
"2904810","389383","unique_entrez_id"
"2904836","222662","unique_entrez_id"
"2904877","1432","unique_entrez_id"
"2904946","5603","unique_entrez_id"
"2905025","285848","unique_entrez_id"
"2905069","222658","unique_entrez_id"
"2905118","105375038;6428","ambiguous_multiple_entrez"
"2905169","1026","unique_entrez_id"
"2905196","401258","unique_entrez_id"
"2905256","221477","unique_entrez_id"
"2905296","221476","unique_entrez_id"
"2905327","221472","unique_entrez_id"
"2905404","5292","unique_entrez_id"
"2905432","55633","unique_entrez_id"
"2905469","9025","unique_entrez_id"
"2905512","23070","unique_entrez_id"
"2905664","60685","unique_entrez_id"
"2905946","1769","unique_entrez_id"
"2906105","2740","unique_entrez_id"
"2906333","23500","unique_entrez_id"
"2906591","10930","unique_entrez_id"
"2906607","221442;4800","ambiguous_multiple_entrez"
"2906720","221438;285852","ambiguous_multiple_entrez"
"2906749","9436","unique_entrez_id"
"2906824","116113","unique_entrez_id"
"2906872","4188","unique_entrez_id"
"2906934","100188893;29964","ambiguous_multiple_entrez"
"2906990","705","unique_entrez_id"
"2907018","129685","unique_entrez_id"
"2907066","118142757;2978","ambiguous_multiple_entrez"
"2907173","","unmapped_entrez"
"2907190","23304","unique_entrez_id"
"2907396","401261","unique_entrez_id"
"2907444","171558","unique_entrez_id"
"2907459","10695","unique_entrez_id"
"2907513","27232","unique_entrez_id"
"2907538","5528","unique_entrez_id"
"2907568","116138","unique_entrez_id"
"2907596","88745","unique_entrez_id"
"2907623","89953","unique_entrez_id"
"2907671","5754","unique_entrez_id"
"2907730","6722","unique_entrez_id"
"2907754","23113;9820","ambiguous_multiple_entrez"
"2907887","10864","unique_entrez_id"
"2907943","102466746;89845","ambiguous_multiple_entrez"
"2908008","93643","unique_entrez_id"
"2908052","9533","unique_entrez_id"
"2908100","5429","unique_entrez_id"
"2908144","9587","unique_entrez_id"
"2908154","221421","unique_entrez_id"
"2908179","7422","unique_entrez_id"
"2908261","221416","unique_entrez_id"
"2908371","11131","unique_entrez_id"
"2908423","2030","unique_entrez_id"
"2908474","3326;3327","ambiguous_multiple_entrez"
"2908485","","unmapped_entrez"
"2908486","","unmapped_entrez"
"2908487","","unmapped_entrez"
"2908488","","unmapped_entrez"
"2908489","","unmapped_entrez"
"2908491","","unmapped_entrez"
"2908492","","unmapped_entrez"
"2908494","","unmapped_entrez"
"2908495","","unmapped_entrez"
"2908497","","unmapped_entrez"
"2908498","","unmapped_entrez"
"2908499","","unmapped_entrez"
"2908500","","unmapped_entrez"
"2908501","","unmapped_entrez"
"2908502","","unmapped_entrez"
"2908503","","unmapped_entrez"
"2908505","","unmapped_entrez"
"2908508","","unmapped_entrez"
"2908509","","unmapped_entrez"
"2908510","","unmapped_entrez"
"2908511","","unmapped_entrez"
"2908512","","unmapped_entrez"
"2908515","","unmapped_entrez"
"2908520","221409;441151","ambiguous_multiple_entrez"
"2908572","988","unique_entrez_id"
"2908762","860","unique_entrez_id"
"2909020","22875","unique_entrez_id"
"2909167","221400;9481","ambiguous_multiple_entrez"
"2909263","4224","unique_entrez_id"
"2909404","23607","unique_entrez_id"
"2909483","222611","unique_entrez_id"
"2909499","221393;222611","ambiguous_multiple_entrez"
"2909540","221391","unique_entrez_id"
"2909723","55166","unique_entrez_id"
"2909772","135398","unique_entrez_id"
"2909912","83741","unique_entrez_id"
"2909948","7021","unique_entrez_id"
"2910138","3605;406989;442890","ambiguous_multiple_entrez"
"2910218","85315","unique_entrez_id"
"2910236","114327","unique_entrez_id"
"2910364","28978","unique_entrez_id"
"2910429","105375091","unique_entrez_id"
"2910477","26268","unique_entrez_id"
"2910680","55227","unique_entrez_id"
"2910779","101927189;90523","ambiguous_multiple_entrez"
"2910868","27283","unique_entrez_id"
"2911003","3062","unique_entrez_id"
"2911032","389400","unique_entrez_id"
"2911226","221336","unique_entrez_id"
"2911257","57691","unique_entrez_id"
"2911303","26036;57691","ambiguous_multiple_entrez"
"2911372","9532","unique_entrez_id"
"2911413","5558","unique_entrez_id"
"2911903","7803","unique_entrez_id"
"2911944","23469","unique_entrez_id"
"2912416","577","unique_entrez_id"
"2912649","1310","unique_entrez_id"
"2912777","57579","unique_entrez_id"
"2912860","135154","unique_entrez_id"
"2912889","60682","unique_entrez_id"
"2912980","79627","unique_entrez_id"
"2913123","22999","unique_entrez_id"
"2913277","56479","unique_entrez_id"
"2913564","55510","unique_entrez_id"
"2913594","25821","unique_entrez_id"
"2913694","135228","unique_entrez_id"
"2913983","26054","unique_entrez_id"
"2914070","4646","unique_entrez_id"
"2914693","83699","unique_entrez_id"
"2914777","7272","unique_entrez_id"
"2914820","594","unique_entrez_id"
"2915133","105377874;7162","ambiguous_multiple_entrez"
"2915268","23033","unique_entrez_id"
"2915357","112611","unique_entrez_id"
"2915420","167681","unique_entrez_id"
"2915491","51167","unique_entrez_id"
"2915571","112609","unique_entrez_id"
"2915828","4907","unique_entrez_id"
"2916067","3354","unique_entrez_id"
"2916246","57150;63914","ambiguous_multiple_entrez"
"2916307","154313","unique_entrez_id"
"2916345","10559","unique_entrez_id"
"2916390","23595","unique_entrez_id"
"2916502","81833","unique_entrez_id"
"2916716","10957","unique_entrez_id"
"2916825","101929057;22881","ambiguous_multiple_entrez"
"2916952","9994","unique_entrez_id"
"2917017","84694","unique_entrez_id"
"2917767","79694","unique_entrez_id"
"2917825","10690","unique_entrez_id"
"2917914","23376","unique_entrez_id"
"2917951","9457","unique_entrez_id"
"2918037","114792","unique_entrez_id"
"2918388","5454","unique_entrez_id"
"2918688","59336","unique_entrez_id"
"2918982","2898","unique_entrez_id"
"2919399","389421","unique_entrez_id"
"2919669","639","unique_entrez_id"
"2919873","105377927;55278","ambiguous_multiple_entrez"
"2919927","51250","unique_entrez_id"
"2920085","55084","unique_entrez_id"
"2920327","7101","unique_entrez_id"
"2920377","246269","unique_entrez_id"
"2920475","2309;2310","ambiguous_multiple_entrez"
"2920619","84071","unique_entrez_id"
"2920716","285753","unique_entrez_id"
"2920803","221262","unique_entrez_id"
"2920906","6610","unique_entrez_id"
"2920962","9896","unique_entrez_id"
"2921022","2830","unique_entrez_id"
"2921086","105377937;51362","ambiguous_multiple_entrez"
"2921296","262","unique_entrez_id"
"2921346","112495","unique_entrez_id"
"2921374","84154","unique_entrez_id"
"2921402","117247","unique_entrez_id"
"2921456","91749","unique_entrez_id"
"2921872","8838","unique_entrez_id"
"2922215","4082","unique_entrez_id"
"2922246","285759","unique_entrez_id"
"2922521","221294","unique_entrez_id"
"2922631","29940","unique_entrez_id"
"2922715","254228","unique_entrez_id"
"2922732","221301","unique_entrez_id"
"2922756","51389","unique_entrez_id"
"2922840","3841","unique_entrez_id"
"2922881","222546","unique_entrez_id"
"2922940","245806","unique_entrez_id"
"2922972","285761","unique_entrez_id"
"2923257","23629","unique_entrez_id"
"2923270","5350","unique_entrez_id"
"2923359","25842","unique_entrez_id"
"2923661","2697","unique_entrez_id"
"2923819","3298","unique_entrez_id"
"2923868","5570","unique_entrez_id"
"2923928","2173","unique_entrez_id"
"2923939","10924","unique_entrez_id"
"2924081","154215","unique_entrez_id"
"2924253","154214","unique_entrez_id"
"2924330","7164","unique_entrez_id"
"2924492","23493","unique_entrez_id"
"2924514","135112;84456","ambiguous_multiple_entrez"
"2924604","135114","unique_entrez_id"
"2924619","60487","unique_entrez_id"
"2924851","84870","unique_entrez_id"
"2924898","81847","unique_entrez_id"
"2925013","105377996;352999","ambiguous_multiple_entrez"
"2925237","3908","unique_entrez_id"
"2925510","84456","unique_entrez_id"
"2925590","114801","unique_entrez_id"
"2925724","9465","unique_entrez_id"
"2925841","383","unique_entrez_id"
"2925871","5169","unique_entrez_id"
"2925953","5167","unique_entrez_id"
"2926131","134860","unique_entrez_id"
"2926137","83551","unique_entrez_id"
"2926147","319100","unique_entrez_id"
"2926323","2070","unique_entrez_id"
"2926437","154089","unique_entrez_id"
"2926447","6943","unique_entrez_id"
"2926476","9519","unique_entrez_id"
"2926802","4602","unique_entrez_id"
"2926969","27115","unique_entrez_id"
"2927255","5191","unique_entrez_id"
"2927506","7128","unique_entrez_id"
"2927604","57221","unique_entrez_id"
"2927722","23593","unique_entrez_id"
"2927873","25901","unique_entrez_id"
"2927967","58527","unique_entrez_id"
"2927993","51696","unique_entrez_id"
"2928392","51534","unique_entrez_id"
"2928461","57211","unique_entrez_id"
"2928690","51390","unique_entrez_id"
"2928874","8504","unique_entrez_id"
"2928930","9749","unique_entrez_id"
"2929036","84946","unique_entrez_id"
"2929127","8676","unique_entrez_id"
"2929168","7402","unique_entrez_id"
"2929571","2911","unique_entrez_id"
"2929699","10981","unique_entrez_id"
"2929870","134957","unique_entrez_id"
"2930243","23328","unique_entrez_id"
"2930418","10090","unique_entrez_id"
"2930592","23118","unique_entrez_id"
"2930698","387082","unique_entrez_id"
"2930753","116254","unique_entrez_id"
"2930808","645958","unique_entrez_id"
"2930863","5110","unique_entrez_id"
"2930957","154064;353091;80328","ambiguous_multiple_entrez"
"2931036","80329","unique_entrez_id"
"2931090","81706","unique_entrez_id"
"2931172","389434","unique_entrez_id"
"2931391","10124;25902","ambiguous_multiple_entrez"
"2931569","9590","unique_entrez_id"
"2931683","79624","unique_entrez_id"
"2931700","80129","unique_entrez_id"
"2931763","2099","unique_entrez_id"
"2931970","80177","unique_entrez_id"
"2931988","7432","unique_entrez_id"
"2932219","4988","unique_entrez_id"
"2932360","22828","unique_entrez_id"
"2932508","26230","unique_entrez_id"
"2932593","49861","unique_entrez_id"
"2932928","57492","unique_entrez_id"
"2933175","79683","unique_entrez_id"
"2933331","51429","unique_entrez_id"
"2933392","8871","unique_entrez_id"
"2933522","404672","unique_entrez_id"
"2933536","56995","unique_entrez_id"
"2934089","9589","unique_entrez_id"
"2934131","39","unique_entrez_id"
"2934167","29074","unique_entrez_id"
"2934191","154197","unique_entrez_id"
"2934274","4142","unique_entrez_id"
"2934308","3482;729603","ambiguous_multiple_entrez"
"2934451","6580","unique_entrez_id"
"2934521","6581","unique_entrez_id"
"2934682","285189;4018;5340;5342;5343;80350;84141","ambiguous_multiple_entrez"
"2934801","4216","unique_entrez_id"
"2935311","105378095;135138","ambiguous_multiple_entrez"
"2935475","9444","unique_entrez_id"
"2936564","11116","unique_entrez_id"
"2936657","1235","unique_entrez_id"
"2936731","54346","unique_entrez_id"
"2936773","83887","unique_entrez_id"
"2936857","4301","unique_entrez_id"
"2936971","3834","unique_entrez_id"
"2937144","105378141;64094","ambiguous_multiple_entrez"
"2937625","80069","unique_entrez_id"
"2937856","84498","unique_entrez_id"
"2937984","6908","unique_entrez_id"
"2938196","55770","unique_entrez_id"
"2938321","135458","unique_entrez_id"
"2938636","2762","unique_entrez_id"
"2938895","154386","unique_entrez_id"
"2938972","1992","unique_entrez_id"
"2939014","221756","unique_entrez_id"
"2939034","5272","unique_entrez_id"
"2939069","5269","unique_entrez_id"
"2939213","347733;7280","ambiguous_multiple_entrez"
"2939232","347733;7280","ambiguous_multiple_entrez"
"2939298","63027","unique_entrez_id"
"2939469","221749","unique_entrez_id"
"2939560","222826","unique_entrez_id"
"2939593","10455","unique_entrez_id"
"2939782","","unmapped_entrez"
"2939814","10799","unique_entrez_id"
"2939886","57128","unique_entrez_id"
"2939892","57128","unique_entrez_id"
"2940145","51299","unique_entrez_id"
"2940202","2162","unique_entrez_id"
"2940258","285780","unique_entrez_id"
"2940551","6745","unique_entrez_id"
"2940595","285782","unique_entrez_id"
"2940826","100526836;100526837;63915;81567","ambiguous_multiple_entrez"
"2940920","100124533;100526837;9521","ambiguous_multiple_entrez"
"2940987","51000","unique_entrez_id"
"2941287","266553","unique_entrez_id"
"2941476","7020","unique_entrez_id"
"2941546","221718","unique_entrez_id"
"2941632","4117","unique_entrez_id"
"2941690","9247","unique_entrez_id"
"2941721","54898","unique_entrez_id"
"2941757","405754","unique_entrez_id"
"2941784","4739","unique_entrez_id"
"2941972","84830","unique_entrez_id"
"2942306","100130357;107080638;51256","ambiguous_multiple_entrez"
"2942363","54438","unique_entrez_id"
"2942432","54438","unique_entrez_id"
"2942504","10048","unique_entrez_id"
"2942578","63933","unique_entrez_id"
"2943236","102724520;84062","ambiguous_multiple_entrez"
"2943434","6310","unique_entrez_id"
"2943808","9972","unique_entrez_id"
"2943874","63971","unique_entrez_id"
"2944021","378884","unique_entrez_id"
"2944025","7172","unique_entrez_id"
"2944068","7913","unique_entrez_id"
"2944491","105374965;154141","ambiguous_multiple_entrez"
"2945129","5617","unique_entrez_id"
"2945440","51473","unique_entrez_id"
"2945518","2822","unique_entrez_id"
"2945598","9856","unique_entrez_id"
"2945645","51567","unique_entrez_id"
"2945677","81688","unique_entrez_id"
"2945741","102724765;9750","ambiguous_multiple_entrez"
"2945882","8418","unique_entrez_id"
"2946050","221613","unique_entrez_id"
"2946056","6568","unique_entrez_id"
"2946106","10786","unique_entrez_id"
"2946146","10246","unique_entrez_id"
"2946194","3024","unique_entrez_id"
"2946208","8366","unique_entrez_id"
"2946215","8358","unique_entrez_id"
"2946219","8335","unique_entrez_id"
"2946225","3018","unique_entrez_id"
"2946232","3006","unique_entrez_id"
"2946259","3010","unique_entrez_id"
"2946268","8347","unique_entrez_id"
"2946319","8360","unique_entrez_id"
"2946324","3013;8351","ambiguous_multiple_entrez"
"2946345","8339","unique_entrez_id"
"2946353","3007","unique_entrez_id"
"2946357","8369","unique_entrez_id"
"2946364","8968","unique_entrez_id"
"2946369","8355","unique_entrez_id"
"2946383","8365","unique_entrez_id"
"2946681","8970","unique_entrez_id"
"2946714","85236","unique_entrez_id"
"2946845","7738;7754","ambiguous_multiple_entrez"
"2946908","","unmapped_entrez"
"2947040","8329;8331","ambiguous_multiple_entrez"
"2947063","8330","unique_entrez_id"
"2947073","3009","unique_entrez_id"
"2947077","8354","unique_entrez_id"
"2947081","8368","unique_entrez_id"
"2947095","8356","unique_entrez_id"
"2947100","8336","unique_entrez_id"
"2947108","81697","unique_entrez_id"
"2947219","387032","unique_entrez_id"
"2947248","64288","unique_entrez_id"
"2947283","9753","unique_entrez_id"
"2947387","257202","unique_entrez_id"
"2947405","114821","unique_entrez_id"
"2947572","5987","unique_entrez_id"
"2947681","26692","unique_entrez_id"
"2947703","442184","unique_entrez_id"
"2947774","81696","unique_entrez_id"
"2947789","81797","unique_entrez_id"
"2947805","105379641;26531","ambiguous_multiple_entrez"
"2947842","116511","unique_entrez_id"
"2947877","10537","unique_entrez_id"
"2947889","2550","unique_entrez_id"
"2947948","","unmapped_entrez"
"2947975","285830;340198","ambiguous_multiple_entrez"
"2948024","54435","unique_entrez_id"
"2948169","80862","unique_entrez_id"
"2948188","80352","unique_entrez_id"
"2948205","11074","unique_entrez_id"
"2948239","10107","unique_entrez_id"
"2948259","7726","unique_entrez_id"
"2948379","2794","unique_entrez_id"
"2948425","5514","unique_entrez_id"
"2948485","8449","unique_entrez_id"
"2948522","107987457;170954","ambiguous_multiple_entrez"
"2948547","11270","unique_entrez_id"
"2948564","9656","unique_entrez_id"
"2948587","10211","unique_entrez_id"
"2948630","8870","unique_entrez_id"
"2948648","401247","unique_entrez_id"
"2948683","389376","unique_entrez_id"
"2948713","100130889;4758;7936","ambiguous_multiple_entrez"
"2948783","29113","unique_entrez_id"
"2948790","1041","unique_entrez_id"
"2948810","170680","unique_entrez_id"
"2948821","54535","unique_entrez_id"
"2948863","5460;5462;642559;645682","ambiguous_multiple_entrez"
"2948887","3105;3106;3107","ambiguous_multiple_entrez"
"2948926","102465537;3106","ambiguous_multiple_entrez"
"2949038","100532737;534;692199;692233;7919","ambiguous_multiple_entrez"
"2949039","","unmapped_entrez"
"2949042","","unmapped_entrez"
"2949043","","unmapped_entrez"
"2949045","","unmapped_entrez"
"2949047","","unmapped_entrez"
"2949050","","unmapped_entrez"
"2949051","","unmapped_entrez"
"2949058","","unmapped_entrez"
"2949059","","unmapped_entrez"
"2949061","","unmapped_entrez"
"2949063","","unmapped_entrez"
"2949065","","unmapped_entrez"
"2949067","","unmapped_entrez"
"2949068","","unmapped_entrez"
"2949091","","unmapped_entrez"
"2949093","","unmapped_entrez"
"2949095","","unmapped_entrez"
"2949097","","unmapped_entrez"
"2949099","","unmapped_entrez"
"2949101","","unmapped_entrez"
"2949103","","unmapped_entrez"
"2949105","","unmapped_entrez"
"2949107","","unmapped_entrez"
"2949109","","unmapped_entrez"
"2949111","","unmapped_entrez"
"2949113","","unmapped_entrez"
"2949115","","unmapped_entrez"
"2949117","","unmapped_entrez"
"2949118","4050","unique_entrez_id"
"2949132","259197","unique_entrez_id"
"2949148","7917","unique_entrez_id"
"2949197","57827","unique_entrez_id"
"2949210","7918","unique_entrez_id"
"2949230","80741","unique_entrez_id"
"2949256","7920","unique_entrez_id"
"2949294","79136","unique_entrez_id"
"2949299","80740","unique_entrez_id"
"2949311","23564","unique_entrez_id"
"2949330","105375020;1192","ambiguous_multiple_entrez"
"2949352","80737","unique_entrez_id"
"2949380","7407","unique_entrez_id"
"2949431","57819","unique_entrez_id"
"2949450","3305","unique_entrez_id"
"2949471","4758","unique_entrez_id"
"2949488","80736","unique_entrez_id"
"2949524","10919","unique_entrez_id"
"2949570","221527","unique_entrez_id"
"2949588","1797","unique_entrez_id"
"2949622","1388;7148","ambiguous_multiple_entrez"
"2949760","63943","unique_entrez_id"
"2949772","100507547;100532746;80863","ambiguous_multiple_entrez"
"2949801","100532746;10554","ambiguous_multiple_entrez"
"2949830","177","unique_entrez_id"
"2949859","5088;5089","ambiguous_multiple_entrez"
"2949885","63940","unique_entrez_id"
"2949901","4855","unique_entrez_id"
"2949971","10665","unique_entrez_id"
"2949993","56244","unique_entrez_id"
"2950125","3120","unique_entrez_id"
"2950145","3112","unique_entrez_id"
"2950167","6891","unique_entrez_id"
"2950199","5696","unique_entrez_id"
"2950214","6890","unique_entrez_id"
"2950242","100507444","unique_entrez_id"
"2950263","3109","unique_entrez_id"
"2950277","3108","unique_entrez_id"
"2950307","3111","unique_entrez_id"
"2950329","3113","unique_entrez_id"
"2950384","1302","unique_entrez_id"
"2950474","6257","unique_entrez_id"
"2950515","6293","unique_entrez_id"
"2950561","9277","unique_entrez_id"
"2950590","5863","unique_entrez_id"
"2950629","6892","unique_entrez_id"
"2950656","9278","unique_entrez_id"
"2950668","1616","unique_entrez_id"
"2950714","51596","unique_entrez_id"
"2950753","578","unique_entrez_id"
"2950771","401253","unique_entrez_id"
"2950798","84300","unique_entrez_id"
"2950823","117283","unique_entrez_id"
"2950885","4295","unique_entrez_id"
"2950970","2914","unique_entrez_id"
"2951057","221491","unique_entrez_id"
"2951087","100529239;11165","ambiguous_multiple_entrez"
"2951191","25803","unique_entrez_id"
"2951221","64771","unique_entrez_id"
"2951300","6882","unique_entrez_id"
"2951369","6954","unique_entrez_id"
"2951500","7005","unique_entrez_id"
"2951541","7287","unique_entrez_id"
"2951567","2289;285847","ambiguous_multiple_entrez"
"2951664","1208","unique_entrez_id"
"2951674","6732","unique_entrez_id"
"2951730","116369","unique_entrez_id"
"2951859","51513","unique_entrez_id"
"2951881","222659","unique_entrez_id"
"2951916","11329","unique_entrez_id"
"2951999","57699","unique_entrez_id"
"2952065","51645","unique_entrez_id"
"2952102","23787","unique_entrez_id"
"2952198","221468","unique_entrez_id"
"2952323","266727","unique_entrez_id"
"2952497","114781","unique_entrez_id"
"2952679","2739","unique_entrez_id"
"2952781","55776","unique_entrez_id"
"2952834","8645","unique_entrez_id"
"2952893","89822","unique_entrez_id"
"2952927","83795","unique_entrez_id"
"2952959","221458","unique_entrez_id"
"2953139","100505635;4337","ambiguous_multiple_entrez"
"2953262","401260","unique_entrez_id"
"2953408","222643","unique_entrez_id"
"2953435","221443","unique_entrez_id"
"2953481","340205","unique_entrez_id"
"2953501","54209","unique_entrez_id"
"2953536","79865","unique_entrez_id"
"2953570","54210","unique_entrez_id"
"2953711","7942","unique_entrez_id"
"2953751","5225","unique_entrez_id"
"2953777","10817","unique_entrez_id"
"2953798","25862","unique_entrez_id"
"2953852","9477","unique_entrez_id"
"2953866","896","unique_entrez_id"
"2953974","2979","unique_entrez_id"
"2954005","55173","unique_entrez_id"
"2954022","55809","unique_entrez_id"
"2954025","55809","unique_entrez_id"
"2954176","5961","unique_entrez_id"
"2954207","6903","unique_entrez_id"
"2954280","5190","unique_entrez_id"
"2954324","4201","unique_entrez_id"
"2954355","23113;9820","ambiguous_multiple_entrez"
"2954423","51069","unique_entrez_id"
"2954489","10591","unique_entrez_id"
"2954506","401262","unique_entrez_id"
"2954527","24149","unique_entrez_id"
"2954596","65989","unique_entrez_id"
"2954646","25844","unique_entrez_id"
"2954678","57510","unique_entrez_id"
"2954771","54676","unique_entrez_id"
"2954818","55168","unique_entrez_id"
"2955025","64928","unique_entrez_id"
"2955061","347734","unique_entrez_id"
"2955076","4794","unique_entrez_id"
"2955096","202500","unique_entrez_id"
"2955118","57505","unique_entrez_id"
"2955164","","unmapped_entrez"
"2955282","8464","unique_entrez_id"
"2955556","53405","unique_entrez_id"
"2955638","53405","unique_entrez_id"
"2955673","59084","unique_entrez_id"
"2955691","10231","unique_entrez_id"
"2955761","51302","unique_entrez_id"
"2955827","7941","unique_entrez_id"
"2955863","221395","unique_entrez_id"
"2955932","266977","unique_entrez_id"
"2955999","266977","unique_entrez_id"
"2956052","27242","unique_entrez_id"
"2956217","442213","unique_entrez_id"
"2956438","4594","unique_entrez_id"
"2956502","6005","unique_entrez_id"
"2956536","7180","unique_entrez_id"
"2956563","10321","unique_entrez_id"
"2956586","5232","unique_entrez_id"
"2956593","101927048;167","ambiguous_multiple_entrez"
"2956759","2509","unique_entrez_id"
"2956904","5314","unique_entrez_id"
"2957111","112744","unique_entrez_id"
"2957126","4172","unique_entrez_id"
"2957227","9697","unique_entrez_id"
"2957314","2938;2939;730152","ambiguous_multiple_entrez"
"2957342","221357;2938;2939;2940","ambiguous_multiple_entrez"
"2957384","221357;2938;2939","ambiguous_multiple_entrez"
"2957402","2940","unique_entrez_id"
"2957462","2941","unique_entrez_id"
"2957499","22858","unique_entrez_id"
"2957560","8521","unique_entrez_id"
"2957596","60481;647190","ambiguous_multiple_entrez"
"2957700","2729","unique_entrez_id"
"2957816","401265","unique_entrez_id"
"2958117","54511","unique_entrez_id"
"2958172","653","unique_entrez_id"
"2958232","81578","unique_entrez_id"
"2958325","667","unique_entrez_id"
"2958670","51715","unique_entrez_id"
"2958861","100049076;101927268;102724851;106660612;106660613;11039;11042;375513;387036;653188;728411","ambiguous_multiple_entrez"
"2959039","202559","unique_entrez_id"
"2959197","51557","unique_entrez_id"
"2959596","346007","unique_entrez_id"
"2960010","55788","unique_entrez_id"
"2960146","1297","unique_entrez_id"
"2960303","135152","unique_entrez_id"
"2960399","79940","unique_entrez_id"
"2960774","100129128;80759","ambiguous_multiple_entrez"
"2960872","115004","unique_entrez_id"
"2960903","1915","unique_entrez_id"
"2960955","26503","unique_entrez_id"
"2961177","1303","unique_entrez_id"
"2961300","1347","unique_entrez_id"
"2961317","55754","unique_entrez_id"
"2961347","27145","unique_entrez_id"
"2961451","3617","unique_entrez_id"
"2961647","3351","unique_entrez_id"
"2961816","55023","unique_entrez_id"
"2961929","9324","unique_entrez_id"
"2961993","80078","unique_entrez_id"
"2962026","167691","unique_entrez_id"
"2962113","6785","unique_entrez_id"
"2962383","105377871;55603","ambiguous_multiple_entrez"
"2962525","25998","unique_entrez_id"
"2962683","90025","unique_entrez_id"
"2962767","5238","unique_entrez_id"
"2962820","4199","unique_entrez_id"
"2962876","9892","unique_entrez_id"
"2962998","22832","unique_entrez_id"
"2963313","57231","unique_entrez_id"
"2963407","10492","unique_entrez_id"
"2963614","1081","unique_entrez_id"
"2963679","375519","unique_entrez_id"
"2963707","57038","unique_entrez_id"
"2963784","55122","unique_entrez_id"
"2963859","1268","unique_entrez_id"
"2963929","101928936;8732","ambiguous_multiple_entrez"
"2964052","135295","unique_entrez_id"
"2964092","2569","unique_entrez_id"
"2964139","2570","unique_entrez_id"
"2964200","51465","unique_entrez_id"
"2964231","58528","unique_entrez_id"
"2964327","57226","unique_entrez_id"
"2964350","23195","unique_entrez_id"
"2964553","60468","unique_entrez_id"
"2964771","6885","unique_entrez_id"
"2965206","2045","unique_entrez_id"
"2965653","81491","unique_entrez_id"
"2965674","29078","unique_entrez_id"
"2965739","253714","unique_entrez_id"
"2966078","26235","unique_entrez_id"
"2966193","84553","unique_entrez_id"
"2966232","51805","unique_entrez_id"
"2966253","25957","unique_entrez_id"
"2966298","85015","unique_entrez_id"
"2966371","892","unique_entrez_id"
"2966496","84539","unique_entrez_id"
"2966587","6492","unique_entrez_id"
"2966636","10973","unique_entrez_id"
"2967151","57531","unique_entrez_id"
"2967249","11149","unique_entrez_id"
"2967276","64208","unique_entrez_id"
"2967321","5550","unique_entrez_id"
"2967550","9474","unique_entrez_id"
"2967650","84816","unique_entrez_id"
"2967818","57107","unique_entrez_id"
"2967989","256380","unique_entrez_id"
"2968054","11231","unique_entrez_id"
"2968144","105377929;28962","ambiguous_multiple_entrez"
"2968232","8724","unique_entrez_id"
"2968244","","unmapped_entrez"
"2968245","","unmapped_entrez"
"2968246","","unmapped_entrez"
"2968247","","unmapped_entrez"
"2968250","","unmapped_entrez"
"2968255","","unmapped_entrez"
"2968257","","unmapped_entrez"
"2968258","","unmapped_entrez"
"2968259","","unmapped_entrez"
"2968267","","unmapped_entrez"
"2968269","","unmapped_entrez"
"2968271","","unmapped_entrez"
"2968273","","unmapped_entrez"
"2968275","","unmapped_entrez"
"2968277","","unmapped_entrez"
"2968279","","unmapped_entrez"
"2968281","","unmapped_entrez"
"2968283","","unmapped_entrez"
"2968285","","unmapped_entrez"
"2968287","","unmapped_entrez"
"2968289","","unmapped_entrez"
"2968291","","unmapped_entrez"
"2968293","","unmapped_entrez"
"2968295","","unmapped_entrez"
"2968297","","unmapped_entrez"
"2968299","","unmapped_entrez"
"2968301","","unmapped_entrez"
"2968303","","unmapped_entrez"
"2968305","","unmapped_entrez"
"2968307","","unmapped_entrez"
"2968309","","unmapped_entrez"
"2968311","","unmapped_entrez"
"2968313","","unmapped_entrez"
"2968315","","unmapped_entrez"
"2968317","","unmapped_entrez"
"2968319","","unmapped_entrez"
"2968321","","unmapped_entrez"
"2968323","","unmapped_entrez"
"2968325","","unmapped_entrez"
"2968327","","unmapped_entrez"
"2968329","","unmapped_entrez"
"2968331","","unmapped_entrez"
"2968333","","unmapped_entrez"
"2968335","","unmapped_entrez"
"2968337","","unmapped_entrez"
"2968339","","unmapped_entrez"
"2968341","","unmapped_entrez"
"2968343","","unmapped_entrez"
"2968345","","unmapped_entrez"
"2968347","","unmapped_entrez"
"2968349","","unmapped_entrez"
"2968351","","unmapped_entrez"
"2968353","","unmapped_entrez"
"2968355","","unmapped_entrez"
"2968357","","unmapped_entrez"
"2968359","","unmapped_entrez"
"2968361","","unmapped_entrez"
"2968363","","unmapped_entrez"
"2968365","","unmapped_entrez"
"2968367","","unmapped_entrez"
"2968369","","unmapped_entrez"
"2968371","","unmapped_entrez"
"2968373","","unmapped_entrez"
"2968375","","unmapped_entrez"
"2968377","","unmapped_entrez"
"2968379","","unmapped_entrez"
"2968381","","unmapped_entrez"
"2968383","","unmapped_entrez"
"2968385","","unmapped_entrez"
"2968387","","unmapped_entrez"
"2968389","","unmapped_entrez"
"2968391","","unmapped_entrez"
"2968393","","unmapped_entrez"
"2968395","","unmapped_entrez"
"2968397","","unmapped_entrez"
"2968399","","unmapped_entrez"
"2968401","","unmapped_entrez"
"2968403","","unmapped_entrez"
"2968408","","unmapped_entrez"
"2968410","","unmapped_entrez"
"2968412","","unmapped_entrez"
"2968416","","unmapped_entrez"
"2968418","","unmapped_entrez"
"2968420","","unmapped_entrez"
"2968422","","unmapped_entrez"
"2968424","","unmapped_entrez"
"2968426","","unmapped_entrez"
"2968428","","unmapped_entrez"
"2968430","","unmapped_entrez"
"2968432","","unmapped_entrez"
"2968434","","unmapped_entrez"
"2968436","","unmapped_entrez"
"2968438","","unmapped_entrez"
"2968440","","unmapped_entrez"
"2968442","","unmapped_entrez"
"2968444","","unmapped_entrez"
"2968446","","unmapped_entrez"
"2968448","","unmapped_entrez"
"2968450","","unmapped_entrez"
"2968452","","unmapped_entrez"
"2968454","","unmapped_entrez"
"2968456","","unmapped_entrez"
"2968458","","unmapped_entrez"
"2968460","","unmapped_entrez"
"2968652","27244","unique_entrez_id"
"2969201","221264","unique_entrez_id"
"2969289","8936","unique_entrez_id"
"2969350","728464;8528","ambiguous_multiple_entrez"
"2969406","85413","unique_entrez_id"
"2969467","23097","unique_entrez_id"
"2969677","5980","unique_entrez_id"
"2969796","","unmapped_entrez"
"2969810","10758","unique_entrez_id"
"2969886","2534","unique_entrez_id"
"2970044","51175","unique_entrez_id"
"2970086","3910","unique_entrez_id"
"2970532","3066","unique_entrez_id"
"2970607","222537","unique_entrez_id"
"2970897","2444","unique_entrez_id"
"2970942","1300","unique_entrez_id"
"2970985","23270","unique_entrez_id"
"2971014","7259","unique_entrez_id"
"2971139","221302","unique_entrez_id"
"2971204","222545","unique_entrez_id"
"2971267","6098","unique_entrez_id"
"2971378","57120","unique_entrez_id"
"2971564","387119","unique_entrez_id"
"2971678","254394","unique_entrez_id"
"2971692","254394","unique_entrez_id"
"2971724","79632","unique_entrez_id"
"2971801","4121","unique_entrez_id"
"2972063","221322","unique_entrez_id"
"2972310","57515","unique_entrez_id"
"2972411","10345","unique_entrez_id"
"2972759","51020","unique_entrez_id"
"2973168","55862","unique_entrez_id"
"2973232","387104;9729","ambiguous_multiple_entrez"
"2973376","5796","unique_entrez_id"
"2973694","93663","unique_entrez_id"
"2973856","154075","unique_entrez_id"
"2973995","2037","unique_entrez_id"
"2974188","9439","unique_entrez_id"
"2974330","1490","unique_entrez_id"
"2974413","26002","unique_entrez_id"
"2974469","8417","unique_entrez_id"
"2974542","9038","unique_entrez_id"
"2974566","9287","unique_entrez_id"
"2974576","134864","unique_entrez_id"
"2974592","8876","unique_entrez_id"
"2974610","55350","unique_entrez_id"
"2974635","8875","unique_entrez_id"
"2974671","116843","unique_entrez_id"
"2974702","","unmapped_entrez"
"2974935","154091","unique_entrez_id"
"2975014","6446","unique_entrez_id"
"2975257","64577","unique_entrez_id"
"2975287","10767","unique_entrez_id"
"2975385","54806","unique_entrez_id"
"2975655","113115","unique_entrez_id"
"2975680","9774","unique_entrez_id"
"2975741","9053","unique_entrez_id"
"2975867","4217","unique_entrez_id"
"2976041","53832","unique_entrez_id"
"2976091","116379","unique_entrez_id"
"2976113","3459","unique_entrez_id"
"2976155","167826","unique_entrez_id"
"2976360","64065","unique_entrez_id"
"2976417","59351","unique_entrez_id"
"2976626","85021","unique_entrez_id"
"2976727","167838","unique_entrez_id"
"2976768","10370","unique_entrez_id"
"2977122","4829","unique_entrez_id"
"2977265","3097","unique_entrez_id"
"2977471","134637","unique_entrez_id"
"2977510","2519","unique_entrez_id"
"2977621","5325;57061","ambiguous_multiple_entrez"
"2977690","83443","unique_entrez_id"
"2977949","7957","unique_entrez_id"
"2978026","84085","unique_entrez_id"
"2978044","","unmapped_entrez"
"2978050","257218","unique_entrez_id"
"2978876","29080;340152;85313","ambiguous_multiple_entrez"
"2978957","11104","unique_entrez_id"
"2978989","85313;9113","ambiguous_multiple_entrez"
"2979056","348995","unique_entrez_id"
"2979111","84918","unique_entrez_id"
"2979159","135250","unique_entrez_id"
"2979187","154064;353091;80328","ambiguous_multiple_entrez"
"2979246","154064;80328","ambiguous_multiple_entrez"
"2979267","79465","unique_entrez_id"
"2979679","57621","unique_entrez_id"
"2979704","55005","unique_entrez_id"
"2979871","23345","unique_entrez_id"
"2980241","26271","unique_entrez_id"
"2980258","54516","unique_entrez_id"
"2980290","26575","unique_entrez_id"
"2980366","6157","unique_entrez_id"
"2980449","105378067;26034","ambiguous_multiple_entrez"
"2980516","154043","unique_entrez_id"
"2980812","51106","unique_entrez_id"
"2980870","50508","unique_entrez_id"
"2981676","84947","unique_entrez_id"
"2981874","6993","unique_entrez_id"
"2981912","7430","unique_entrez_id"
"2981976","202459","unique_entrez_id"
"2982028","83861","unique_entrez_id"
"2982076","117289","unique_entrez_id"
"2982270","105378085","unique_entrez_id"
"2982319","100129518;6648","ambiguous_multiple_entrez"
"2982381","677806;677812;6950","ambiguous_multiple_entrez"
"2982524","6582","unique_entrez_id"
"2982630","4018;80350","ambiguous_multiple_entrez"
"2982730","4018;5340;5342;5343;80350","ambiguous_multiple_entrez"
"2983030","56895","unique_entrez_id"
"2983138","79992","unique_entrez_id"
"2983142","5071","unique_entrez_id"
"2984230","168090","unique_entrez_id"
"2984275","100505705;10846;90632","ambiguous_multiple_entrez"
"2984500","6862","unique_entrez_id"
"2984543","285800","unique_entrez_id"
"2984573","113402","unique_entrez_id"
"2984616","51660","unique_entrez_id"
"2984655","6196","unique_entrez_id"
"2984884","8635","unique_entrez_id"
"2985026","2853","unique_entrez_id"
"2985129","401285;6953","ambiguous_multiple_entrez"
"2985281","653483","unique_entrez_id"
"2985332","100128124","unique_entrez_id"
"2985342","100505879","unique_entrez_id"
"2985368","79981","unique_entrez_id"
"2985497","105378139;168002","ambiguous_multiple_entrez"
"2985781","7058","unique_entrez_id"
"2985964","253769","unique_entrez_id"
"2986084","55274","unique_entrez_id"
"2986127","6991","unique_entrez_id"
"2986146","401288","unique_entrez_id"
"2986350","28514;285804","ambiguous_multiple_entrez"
"2986493","5689","unique_entrez_id"
"2986546","5134;728739","ambiguous_multiple_entrez"
"2986825","23353","unique_entrez_id"
"2986906","51608","unique_entrez_id"
"2986951","54905","unique_entrez_id"
"2986999","115330","unique_entrez_id"
"2987038","2852","unique_entrez_id"
"2987199","7975","unique_entrez_id"
"2987211","7975","unique_entrez_id"
"2987410","4521","unique_entrez_id"
"2987441","8662","unique_entrez_id"
"2987523","55501","unique_entrez_id"
"2987544","3955","unique_entrez_id"
"2987578","23288","unique_entrez_id"
"2987632","80727","unique_entrez_id"
"2987843","221935","unique_entrez_id"
"2988336","9907","unique_entrez_id"
"2988410","441191;54476;55113","ambiguous_multiple_entrez"
"2988459","100533952;57786","ambiguous_multiple_entrez"
"2988499","100533952;389458","ambiguous_multiple_entrez"
"2988536","26100","unique_entrez_id"
"2988594","222962","unique_entrez_id"
"2988726","6624","unique_entrez_id"
"2988882","7965","unique_entrez_id"
"2989050","5879","unique_entrez_id"
"2989100","","unmapped_entrez"
"2989112","55146;79034","ambiguous_multiple_entrez"
"2989141","79034","unique_entrez_id"
"2989269","441194;5395","ambiguous_multiple_entrez"
"2989435","101927354;56913","ambiguous_multiple_entrez"
"2989493","54468","unique_entrez_id"
"2989537","105375142;113263;729852","ambiguous_multiple_entrez"
"2989764","30010","unique_entrez_id"
"2990043","9678","unique_entrez_id"
"2990342","54664","unique_entrez_id"
"2990404","85477","unique_entrez_id"
"2990446","85477","unique_entrez_id"
"2990464","10124","unique_entrez_id"
"2991103","28969","unique_entrez_id"
"2991150","27075","unique_entrez_id"
"2991233","196","unique_entrez_id"
"2991395","9734","unique_entrez_id"
"2991860","3696","unique_entrez_id"
"2991995","340273","unique_entrez_id"
"2992197","6671","unique_entrez_id"
"2992243","8701","unique_entrez_id"
"2992576","3569","unique_entrez_id"
"2992695","55975","unique_entrez_id"
"2992766","11097","unique_entrez_id"
"2992814","10457","unique_entrez_id"
"2992863","115416","unique_entrez_id"
"2992936","256355","unique_entrez_id"
"2992963","90693","unique_entrez_id"
"2992998","340277","unique_entrez_id"
"2993029","56164","unique_entrez_id"
"2993124","4852","unique_entrez_id"
"2993206","51678","unique_entrez_id"
"2993590","9603","unique_entrez_id"
"2993639","11335","unique_entrez_id"
"2993643","","unmapped_entrez"
"2993644","","unmapped_entrez"
"2993647","","unmapped_entrez"
"2993649","","unmapped_entrez"
"2993650","","unmapped_entrez"
"2993651","","unmapped_entrez"
"2993654","","unmapped_entrez"
"2993656","","unmapped_entrez"
"2993657","","unmapped_entrez"
"2993658","","unmapped_entrez"
"2993662","","unmapped_entrez"
"2993664","","unmapped_entrez"
"2993666","","unmapped_entrez"
"2993668","","unmapped_entrez"
"2993670","","unmapped_entrez"
"2993672","","unmapped_entrez"
"2993674","","unmapped_entrez"
"2993676","","unmapped_entrez"
"2993678","","unmapped_entrez"
"2993680","","unmapped_entrez"
"2993682","","unmapped_entrez"
"2993684","","unmapped_entrez"
"2993686","","unmapped_entrez"
"2993688","","unmapped_entrez"
"2993690","","unmapped_entrez"
"2993692","","unmapped_entrez"
"2993694","","unmapped_entrez"
"2993696","","unmapped_entrez"
"2993698","","unmapped_entrez"
"2993700","","unmapped_entrez"
"2993702","","unmapped_entrez"
"2993704","","unmapped_entrez"
"2993706","","unmapped_entrez"
"2993727","29887","unique_entrez_id"
"2994193","2128","unique_entrez_id"
"2994342","8887","unique_entrez_id"
"2994558","9586","unique_entrez_id"
"2994835","1124","unique_entrez_id"
"2994981","222171","unique_entrez_id"
"2995076","223082;441208;644150","ambiguous_multiple_entrez"
"2995189","51054;84725","ambiguous_multiple_entrez"
"2995254","222166","unique_entrez_id"
"2995320","222161","unique_entrez_id"
"2995420","2617","unique_entrez_id"
"2995476","100526825;11185","ambiguous_multiple_entrez"
"2995491","100526825;84182","ambiguous_multiple_entrez"
"2995589","358","unique_entrez_id"
"2995608","105375222;2692","ambiguous_multiple_entrez"
"2995667","117","unique_entrez_id"
"2995765","223075","unique_entrez_id"
"2995811","10842","unique_entrez_id"
"2996033","23080","unique_entrez_id"
"2996246","11328;360132","ambiguous_multiple_entrez"
"2996321","100421336;27241","ambiguous_multiple_entrez"
"2996470","55025","unique_entrez_id"
"2996537","","unmapped_entrez"
"2996563","168667","unique_entrez_id"
"2996753","387129","unique_entrez_id"
"2997097","641977;989","ambiguous_multiple_entrez"
"2997231","","unmapped_entrez"
"2997272","80820","unique_entrez_id"
"2997376","54443","unique_entrez_id"
"2997789","353345","unique_entrez_id"
"2997875","51314","unique_entrez_id"
"2997907","105375236;54749","ambiguous_multiple_entrez"
"2997952","83930","unique_entrez_id"
"2998192","11281","unique_entrez_id"
"2998333","57002","unique_entrez_id"
"2998404","349114;5898","ambiguous_multiple_entrez"
"2998453","349114;399744;401149;402483;441124;729218;731275","ambiguous_multiple_entrez"
"2998536","8621","unique_entrez_id"
"2998638","79783","unique_entrez_id"
"2999303","64983","unique_entrez_id"
"2999334","23072","unique_entrez_id"
"2999485","9263","unique_entrez_id"
"2999516","","unmapped_entrez"
"2999544","644","unique_entrez_id"
"2999640","51619","unique_entrez_id"
"2999676","100310812;285955;441251;441272;441273;442590;728524;729597","ambiguous_multiple_entrez"
"2999710","28988","unique_entrez_id"
"2999755","100616346;165","ambiguous_multiple_entrez"
"2999816","10652","unique_entrez_id"
"2999948","4967","unique_entrez_id"
"3000010","83637","unique_entrez_id"
"3000073","5478","unique_entrez_id"
"3000167","83605","unique_entrez_id"
"3000276","10268","unique_entrez_id"
"3000342","107","unique_entrez_id"
"3000503","3484","unique_entrez_id"
"3000643","","unmapped_entrez"
"3000895","84847","unique_entrez_id"
"3000905","80099","unique_entrez_id"
"3000953","7378","unique_entrez_id"
"3000984","154664","unique_entrez_id"
"3001345","375567","unique_entrez_id"
"3001479","10320","unique_entrez_id"
"3002183","285877","unique_entrez_id"
"3002420","222008;285878","ambiguous_multiple_entrez"
"3002640","1956","unique_entrez_id"
"3002873","55915","unique_entrez_id"
"3003107","349075","unique_entrez_id"
"3003143","51373","unique_entrez_id"
"3003153","2631","unique_entrez_id"
"3003193","908","unique_entrez_id"
"3003228","25870","unique_entrez_id"
"3003384","100653233;222029","ambiguous_multiple_entrez"
"3004009","442319;643955;730291;90827","ambiguous_multiple_entrez"
"3004462","168417","unique_entrez_id"
"3004628","51427","unique_entrez_id"
"3004665","7697","unique_entrez_id"
"3004768","10793","unique_entrez_id"
"3004938","285905;644619;92105","ambiguous_multiple_entrez"
"3005069","168374","unique_entrez_id"
"3005252","","unmapped_entrez"
"3005266","154807","unique_entrez_id"
"3005280","154807","unique_entrez_id"
"3005332","27297","unique_entrez_id"
"3005363","435","unique_entrez_id"
"3005444","8460","unique_entrez_id"
"3005684","154881","unique_entrez_id"
"3005717","100996437;27342","ambiguous_multiple_entrez"
"3005956","55069","unique_entrez_id"
"3005995","441250;55253","ambiguous_multiple_entrez"
"3006133","105375337;64940","ambiguous_multiple_entrez"
"3006572","105375347;26053","ambiguous_multiple_entrez"
"3007024","64409","unique_entrez_id"
"3007438","100101267;100101440;100132832;100133091;100630923;105375355;22932;441259;441263;5379;5380;5383;5387;729453;9883","ambiguous_multiple_entrez"
"3007577","100101148;541473;8468","ambiguous_multiple_entrez"
"3007829","8326","unique_entrez_id"
"3007869","155382","unique_entrez_id"
"3007894","114049","unique_entrez_id"
"3007960","1364","unique_entrez_id"
"3007968","135886","unique_entrez_id"
"3008019","2006","unique_entrez_id"
"3008108","3984","unique_entrez_id"
"3008144","7458","unique_entrez_id"
"3008164","7462","unique_entrez_id"
"3008220","7461","unique_entrez_id"
"3008266","9569","unique_entrez_id"
"3008356","107986810","unique_entrez_id"
"3008376","100093631;2969;2970","ambiguous_multiple_entrez"
"3009198","57414","unique_entrez_id"
"3009229","5447","unique_entrez_id"
"3009299","4191","unique_entrez_id"
"3009335","222183","unique_entrez_id"
"3009399","3315","unique_entrez_id"
"3009441","113878;22932;7784","ambiguous_multiple_entrez"
"3009472","113878;441263","ambiguous_multiple_entrez"
"3009520","100101440;100132832;105375355;441259;441263;5379;5383;5387;729453","ambiguous_multiple_entrez"
"3009580","100133091;100630923","ambiguous_multiple_entrez"
"3009838","57639","unique_entrez_id"
"3009959","105375363;5782","ambiguous_multiple_entrez"
"3010030","222194","unique_entrez_id"
"3010082","105375368;57157","ambiguous_multiple_entrez"
"3010200","399670","unique_entrez_id"
"3010439","2770","unique_entrez_id"
"3010503","948","unique_entrez_id"
"3011180","2913","unique_entrez_id"
"3011250","105375384;9988","ambiguous_multiple_entrez"
"3011317","54677","unique_entrez_id"
"3011409","154661","unique_entrez_id"
"3011454","10926","unique_entrez_id"
"3011492","53616","unique_entrez_id"
"3011675","219578","unique_entrez_id"
"3011830","442523","unique_entrez_id"
"3011838","256227;26872","ambiguous_multiple_entrez"
"3011861","261729","unique_entrez_id"
"3011911","79846","unique_entrez_id"
"3011977","85865","unique_entrez_id"
"3012019","9069","unique_entrez_id"
"3012064","5218","unique_entrez_id"
"3012213","8321","unique_entrez_id"
"3012381","10142","unique_entrez_id"
"3012633","57798","unique_entrez_id"
"3012677","84060","unique_entrez_id"
"3012819","55610","unique_entrez_id"
"3012910","2792","unique_entrez_id"
"3012978","2791","unique_entrez_id"
"3013054","1278;5324","ambiguous_multiple_entrez"
"3013178","64921","unique_entrez_id"
"3013255","23089","unique_entrez_id"
"3013498","51666","unique_entrez_id"
"3013565","1780","unique_entrez_id"
"3013894","1750","unique_entrez_id"
"3013952","57001","unique_entrez_id"
"3014065","6863","unique_entrez_id"
"3014159","22853","unique_entrez_id"
"3014227","168620","unique_entrez_id"
"3014229","25798","unique_entrez_id"
"3014347","105375418;4885","ambiguous_multiple_entrez"
"3014411","101927550;8295","ambiguous_multiple_entrez"
"3014671","10552","unique_entrez_id"
"3014714","10095","unique_entrez_id"
"3014742","8896","unique_entrez_id"
"3014764","10898","unique_entrez_id"
"3014808","285989","unique_entrez_id"
"3014855","23660","unique_entrez_id"
"3014904","100131257;100289187;79027","ambiguous_multiple_entrez"
"3014957","221785","unique_entrez_id"
"3015040","64816","unique_entrez_id"
"3015147","7586","unique_entrez_id"
"3015178","7589","unique_entrez_id"
"3015216","10980","unique_entrez_id"
"3015241","9179","unique_entrez_id"
"3015276","245812","unique_entrez_id"
"3015299","255374","unique_entrez_id"
"3015338","10734;442578;442582;54441","ambiguous_multiple_entrez"
"3015395","101752334;101752399;79037","ambiguous_multiple_entrez"
"3015414","285955;441272;442590;641776;728524","ambiguous_multiple_entrez"
"3015442","101735302;101752334;101752399;102466747;29990;442578;79037","ambiguous_multiple_entrez"
"3015519","29990;29992","ambiguous_multiple_entrez"
"3015553","56257","unique_entrez_id"
"3015579","222950","unique_entrez_id"
"3015603","3268","unique_entrez_id"
"3015655","26261","unique_entrez_id"
"3015682","5118","unique_entrez_id"
"3015706","64598","unique_entrez_id"
"3015740","2783","unique_entrez_id"
"3015769","10248","unique_entrez_id"
"3015778","2056","unique_entrez_id"
"3015786","7455","unique_entrez_id"
"3015865","56996","unique_entrez_id"
"3015911","102466755;7205","ambiguous_multiple_entrez"
"3015941","51593","unique_entrez_id"
"3016070","140453","unique_entrez_id"
"3016098","81844","unique_entrez_id"
"3016148","5054","unique_entrez_id"
"3016177","1174","unique_entrez_id"
"3016211","10467","unique_entrez_id"
"3016262","136227","unique_entrez_id"
"3016316","","unmapped_entrez"
"3016380","1523","unique_entrez_id"
"3016636","10603","unique_entrez_id"
"3016692","100133091;100630923;246721;5382;5387;79706","ambiguous_multiple_entrez"
"3016768","80228","unique_entrez_id"
"3016791","222229","unique_entrez_id"
"3017030","10234","unique_entrez_id"
"3017068","58160","unique_entrez_id"
"3017080","83787","unique_entrez_id"
"3017123","9512","unique_entrez_id"
"3017206","5701","unique_entrez_id"
"3017354","375612","unique_entrez_id"
"3017547","55904","unique_entrez_id"
"3017795","60561","unique_entrez_id"
"3018011","222256","unique_entrez_id"
"3018309","5294","unique_entrez_id"
"3018375","5577","unique_entrez_id"
"3018420","26959","unique_entrez_id"
"3018484","2845","unique_entrez_id"
"3018509","11062","unique_entrez_id"
"3018535","55973","unique_entrez_id"
"3018605","5172","unique_entrez_id"
"3018652","79872","unique_entrez_id"
"3018696","1738","unique_entrez_id"
"3018866","4189","unique_entrez_id"
"3019158","54674","unique_entrez_id"
"3019401","11179","unique_entrez_id"
"3019519","3475","unique_entrez_id"
"3019565","286006","unique_entrez_id"
"3019793","93986","unique_entrez_id"
"3019981","29969","unique_entrez_id"
"3020192","26136","unique_entrez_id"
"3020222","","unmapped_entrez"
"3020273","858","unique_entrez_id"
"3020302","857","unique_entrez_id"
"3020343","4233","unique_entrez_id"
"3020444","830","unique_entrez_id"
"3020496","102466616;7982;93655","ambiguous_multiple_entrez"
"3020646","1080","unique_entrez_id"
"3020804","51691","unique_entrez_id"
"3020843","102724495;56311","ambiguous_multiple_entrez"
"3021009","3751","unique_entrez_id"
"3021123","54556","unique_entrez_id"
"3021158","79974","unique_entrez_id"
"3021269","51384","unique_entrez_id"
"3021377","5803","unique_entrez_id"
"3021696","142685","unique_entrez_id"
"3021808","23553","unique_entrez_id"
"3021830","105375483;6677","ambiguous_multiple_entrez"
"3022409","381","unique_entrez_id"
"3022422","29999","unique_entrez_id"
"3022465","27044;27099","ambiguous_multiple_entrez"
"3022689","27099","unique_entrez_id"
"3022709","3952;406917","ambiguous_multiple_entrez"
"3022814","29923","unique_entrez_id"
"3022841","339175;55798","ambiguous_multiple_entrez"
"3023038","84691","unique_entrez_id"
"3023060","813","unique_entrez_id"
"3023103","64753","unique_entrez_id"
"3023149","2318","unique_entrez_id"
"3023211","9296","unique_entrez_id"
"3023246","3663","unique_entrez_id"
"3023279","286016","unique_entrez_id"
"3023295","407835;5605","ambiguous_multiple_entrez"
"3023318","340348","unique_entrez_id"
"3023350","6608","unique_entrez_id"
"3023384","23382","unique_entrez_id"
"3023483","100287482;57464","ambiguous_multiple_entrez"
"3023565","4899","unique_entrez_id"
"3023729","23008","unique_entrez_id"
"3023795","23008","unique_entrez_id"
"3023803","23008","unique_entrez_id"
"3023825","136263","unique_entrez_id"
"3023835","1358","unique_entrez_id"
"3023883","51200","unique_entrez_id"
"3023912","93979","unique_entrez_id"
"3023964","1357","unique_entrez_id"
"3024025","4232","unique_entrez_id"
"3024275","4289","unique_entrez_id"
"3024792","286023","unique_entrez_id"
"3025005","60412","unique_entrez_id"
"3025291","136332","unique_entrez_id"
"3025433","441282;57016","ambiguous_multiple_entrez"
"3025500","669","unique_entrez_id"
"3025545","800","unique_entrez_id"
"3025678","340351","unique_entrez_id"
"3025740","55281;57612","ambiguous_multiple_entrez"
"3025802","346673","unique_entrez_id"
"3026216","1129","unique_entrez_id"
"3026495","6718","unique_entrez_id"
"3026599","8805","unique_entrez_id"
"3026834","79989","unique_entrez_id"
"3026969","100996928;154791;51631","ambiguous_multiple_entrez"
"3026988","100996928;51631","ambiguous_multiple_entrez"
"3027204","105375532;6916","ambiguous_multiple_entrez"
"3027503","90956","unique_entrez_id"
"3027538","4708","unique_entrez_id"
"3027808","55750","unique_entrez_id"
"3027915","6742","unique_entrez_id"
"3027943","50831","unique_entrez_id"
"3027956","50832","unique_entrez_id"
"3027961","54429","unique_entrez_id"
"3028001","130075","unique_entrez_id"
"3028011","8972;93432","ambiguous_multiple_entrez"
"3028217","28560;28566;28568;28596;28602;28611;28619;28639","ambiguous_multiple_entrez"
"3028636","","unmapped_entrez"
"3028744","154754;5645;5646","ambiguous_multiple_entrez"
"3028766","154754;5644;5645;5646","ambiguous_multiple_entrez"
"3028858","2051","unique_entrez_id"
"3028911","135927","unique_entrez_id"
"3028923","346517","unique_entrez_id"
"3028934","5304","unique_entrez_id"
"3028956","259285","unique_entrez_id"
"3028966","259286","unique_entrez_id"
"3028977","105375546;373156","ambiguous_multiple_entrez"
"3029016","135932","unique_entrez_id"
"3029030","835","unique_entrez_id"
"3029066","1180","unique_entrez_id"
"3029129","7791","unique_entrez_id"
"3029198","338398","unique_entrez_id"
"3029213","259287","unique_entrez_id"
"3029434","135948","unique_entrez_id"
"3029447","26211","unique_entrez_id"
"3029475","135946","unique_entrez_id"
"3029498","392138;442361","ambiguous_multiple_entrez"
"3029513","346525","unique_entrez_id"
"3029521","135941","unique_entrez_id"
"3029646","445328;728377;7984","ambiguous_multiple_entrez"
"3029900","26047","unique_entrez_id"
"3030248","202865","unique_entrez_id"
"3030285","8454","unique_entrez_id"
"3030448","57541","unique_entrez_id"
"3030489","8427","unique_entrez_id"
"3030562","7988","unique_entrez_id"
"3030585","100289678;155060","ambiguous_multiple_entrez"
"3030799","84626","unique_entrez_id"
"3030873","23145;643641","ambiguous_multiple_entrez"
"3031181","155066","unique_entrez_id"
"3031335","113763","unique_entrez_id"
"3031345","65999","unique_entrez_id"
"3031383","29803","unique_entrez_id"
"3031399","285971;728743","ambiguous_multiple_entrez"
"3031466","155038;285972","ambiguous_multiple_entrez"
"3031517","168537","unique_entrez_id"
"3031533","55303","unique_entrez_id"
"3031544","100527949;170575","ambiguous_multiple_entrez"
"3031556","26157","unique_entrez_id"
"3031573","100527949;170575;55340","ambiguous_multiple_entrez"
"3031624","55365","unique_entrez_id"
"3031650","26","unique_entrez_id"
"3031711","4846","unique_entrez_id"
"3031754","11194;9311","ambiguous_multiple_entrez"
"3031800","9311","unique_entrez_id"
"3031827","6522","unique_entrez_id"
"3031880","116988","unique_entrez_id"
"3031967","54480;768213","ambiguous_multiple_entrez"
"3032017","51667","unique_entrez_id"
"3032211","168391","unique_entrez_id"
"3032243","100131012;63917","ambiguous_multiple_entrez"
"3032446","57180;653857","ambiguous_multiple_entrez"
"3032647","1804","unique_entrez_id"
"3033127","3361","unique_entrez_id"
"3033209","3638","unique_entrez_id"
"3033307","2020","unique_entrez_id"
"3033397","155435","unique_entrez_id"
"3033728","140545","unique_entrez_id"
"3033924","9690","unique_entrez_id"
"3034027","10049;65084","ambiguous_multiple_entrez"
"3034449","55112","unique_entrez_id"
"3034987","11033","unique_entrez_id"
"3035049","84310","unique_entrez_id"
"3035135","90637","unique_entrez_id"
"3035223","79778","unique_entrez_id"
"3035281","100128653;26173","ambiguous_multiple_entrez"
"3035380","202915","unique_entrez_id"
"3035408","84262","unique_entrez_id"
"3035464","8379","unique_entrez_id"
"3035682","29960","unique_entrez_id"
"3035702","102465503;29886","ambiguous_multiple_entrez"
"3035795","221927","unique_entrez_id"
"3035892","2768","unique_entrez_id"
"3035990","84433","unique_entrez_id"
"3036476","55698","unique_entrez_id"
"3036552","56903","unique_entrez_id"
"3036565","221938","unique_entrez_id"
"3036844","100129484;693174;80028","ambiguous_multiple_entrez"
"3036924","60","unique_entrez_id"
"3036985","100874342;441191;54476","ambiguous_multiple_entrez"
"3037100","222967;728194","ambiguous_multiple_entrez"
"3037142","441194;5395","ambiguous_multiple_entrez"
"3037193","27102","unique_entrez_id"
"3037251","9265","unique_entrez_id"
"3037304","84792","unique_entrez_id"
"3037344","221955","unique_entrez_id"
"3037385","11014","unique_entrez_id"
"3037535","7559","unique_entrez_id"
"3037944","6119","unique_entrez_id"
"3038065","3382","unique_entrez_id"
"3038617","4697","unique_entrez_id"
"3039177","2115","unique_entrez_id"
"3039247","1607","unique_entrez_id"
"3039399","392636","unique_entrez_id"
"3039485","4223","unique_entrez_id"
"3039671","25928","unique_entrez_id"
"3039731","57037","unique_entrez_id"
"3039791","10551","unique_entrez_id"
"3039830","155465","unique_entrez_id"
"3040073","23161","unique_entrez_id"
"3040175","221823","unique_entrez_id"
"3040363","7291","unique_entrez_id"
"3040375","222894","unique_entrez_id"
"3040454","221830","unique_entrez_id"
"3040465","256130","unique_entrez_id"
"3040518","101927668;346389","ambiguous_multiple_entrez"
"3040699","221833","unique_entrez_id"
"3040897","55536","unique_entrez_id"
"3040967","9771","unique_entrez_id"
"3041122","256227;26872","ambiguous_multiple_entrez"
"3041244","541472","unique_entrez_id"
"3041260","201725;54543","ambiguous_multiple_entrez"
"3041294","84668","unique_entrez_id"
"3041409","10643","unique_entrez_id"
"3041519","29896","unique_entrez_id"
"3041550","29896","unique_entrez_id"
"3041816","1687","unique_entrez_id"
"3041875","26031","unique_entrez_id"
"3042001","54205","unique_entrez_id"
"3042012","136895","unique_entrez_id"
"3042063","64111","unique_entrez_id"
"3042421","2115;3181","ambiguous_multiple_entrez"
"3042603","9808","unique_entrez_id"
"3042610","101928077;8935","ambiguous_multiple_entrez"
"3042730","3198","unique_entrez_id"
"3042756","3199","unique_entrez_id"
"3042777","3200","unique_entrez_id"
"3042816","3201","unique_entrez_id"
"3042849","3202","unique_entrez_id"
"3042869","3203","unique_entrez_id"
"3042881","3204","unique_entrez_id"
"3042919","100534589;3205","ambiguous_multiple_entrez"
"3042952","100534589;3206","ambiguous_multiple_entrez"
"3042973","3207","unique_entrez_id"
"3042994","3209","unique_entrez_id"
"3043165","11112","unique_entrez_id"
"3043231","","unmapped_entrez"
"3043264","221895","unique_entrez_id"
"3043606","9865","unique_entrez_id"
"3043648","54504","unique_entrez_id"
"3043895","9805","unique_entrez_id"
"3043936","55033","unique_entrez_id"
"3044072","10392","unique_entrez_id"
"3044129","79017","unique_entrez_id"
"3044283","1395","unique_entrez_id"
"3044518","63974","unique_entrez_id"
"3044597","5137","unique_entrez_id"
"3044753","23658","unique_entrez_id"
"3044904","25948","unique_entrez_id"
"3044938","441212;6100","ambiguous_multiple_entrez"
"3045004","51251","unique_entrez_id"
"3045047","6100","unique_entrez_id"
"3045338","404744","unique_entrez_id"
"3045570","57057","unique_entrez_id"
"3045739","64224","unique_entrez_id"
"3046062","313","unique_entrez_id"
"3046197","9844","unique_entrez_id"
"3046444","6424","unique_entrez_id"
"3046520","445347;6967;6983","ambiguous_multiple_entrez"
"3046556","445347;6967;6983","ambiguous_multiple_entrez"
"3046670","6981","unique_entrez_id"
"3046681","6976;6978","ambiguous_multiple_entrez"
"3046708","445347;6967;6976;6978","ambiguous_multiple_entrez"
"3046739","273","unique_entrez_id"
"3047202","105375245;136647","ambiguous_multiple_entrez"
"3047581","3624","unique_entrez_id"
"3047660","2737","unique_entrez_id"
"3047953","79020","unique_entrez_id"
"3047963","5683","unique_entrez_id"
"3048134","55744","unique_entrez_id"
"3048212","100534592;64951","ambiguous_multiple_entrez"
"3048227","100534592;55665","ambiguous_multiple_entrez"
"3048363","5224","unique_entrez_id"
"3048373","102465504;27434","ambiguous_multiple_entrez"
"3048413","5425","unique_entrez_id"
"3048447","58498","unique_entrez_id"
"3048468","2645","unique_entrez_id"
"3048517","816","unique_entrez_id"
"3048631","23386","unique_entrez_id"
"3048712","29881","unique_entrez_id"
"3048749","54606","unique_entrez_id"
"3048778","222068","unique_entrez_id"
"3048869","400451;94239","ambiguous_multiple_entrez"
"3048886","5814","unique_entrez_id"
"3049025","654319;677795;677796;9238","ambiguous_multiple_entrez"
"3049292","3486","unique_entrez_id"
"3049522","64759","unique_entrez_id"
"3049700","168507","unique_entrez_id"
"3049840","3364","unique_entrez_id"
"3049868","256979","unique_entrez_id"
"3050170","11055","unique_entrez_id"
"3050367","63979","unique_entrez_id"
"3050388","1644","unique_entrez_id"
"3050462","2887","unique_entrez_id"
"3050609","23242","unique_entrez_id"
"3051263","401337","unique_entrez_id"
"3051395","23480","unique_entrez_id"
"3051655","81552","unique_entrez_id"
"3051753","11328;360132","ambiguous_multiple_entrez"
"3051800","346288","unique_entrez_id"
"3051868","389493;5723","ambiguous_multiple_entrez"
"3051907","5260","unique_entrez_id"
"3051928","51142","unique_entrez_id"
"3052129","642006;643955;728927;90827","ambiguous_multiple_entrez"
"3053229","340252","unique_entrez_id"
"3053312","441239","unique_entrez_id"
"3053380","2086;51351","ambiguous_multiple_entrez"
"3053451","441242","unique_entrez_id"
"3053691","2990","unique_entrez_id"
"3053827","285908","unique_entrez_id"
"3054165","155370;51119","ambiguous_multiple_entrez"
"3055466","83698","unique_entrez_id"
"3055608","441250;55253","ambiguous_multiple_entrez"
"3055703","155400;260294;55695","ambiguous_multiple_entrez"
"3055765","135892;375593;378108","ambiguous_multiple_entrez"
"3055999","155400;260294;55695","ambiguous_multiple_entrez"
"3056044","9031","unique_entrez_id"
"3056108","9275","unique_entrez_id"
"3056131","26608","unique_entrez_id"
"3056163","51085","unique_entrez_id"
"3056211","84277","unique_entrez_id"
"3056226","6804","unique_entrez_id"
"3056264","83451","unique_entrez_id"
"3056292","1365","unique_entrez_id"
"3056320","155368","unique_entrez_id"
"3056414","5982","unique_entrez_id"
"3056656","389524;84163","ambiguous_multiple_entrez"
"3056838","81554","unique_entrez_id"
"3057370","3092","unique_entrez_id"
"3057499","3092","unique_entrez_id"
"3057505","10344","unique_entrez_id"
"3057514","6369","unique_entrez_id"
"3057520","83862","unique_entrez_id"
"3057550","51657","unique_entrez_id"
"3057650","7532","unique_entrez_id"
"3057668","136853","unique_entrez_id"
"3057755","100101267;22932;7784;9883","ambiguous_multiple_entrez"
"3057955","10875","unique_entrez_id"
"3058156","85025","unique_entrez_id"
"3058209","9863","unique_entrez_id"
"3058759","10512","unique_entrez_id"
"3058944","3082","unique_entrez_id"
"3058991","781","unique_entrez_id"
"3059226","27445","unique_entrez_id"
"3059258","27445","unique_entrez_id"
"3059393","105375378;9723","ambiguous_multiple_entrez"
"3059464","10371","unique_entrez_id"
"3059667","223117","unique_entrez_id"
"3059942","222223","unique_entrez_id"
"3060051","79161","unique_entrez_id"
"3060095","11257","unique_entrez_id"
"3060117","5243;5244","ambiguous_multiple_entrez"
"3060182","5243","unique_entrez_id"
"3060245","55972","unique_entrez_id"
"3060300","6717","unique_entrez_id"
"3060332","79689","unique_entrez_id"
"3060450","219557","unique_entrez_id"
"3060917","7978","unique_entrez_id"
"3060994","1595;401387","ambiguous_multiple_entrez"
"3061046","889","unique_entrez_id"
"3061181","30816","unique_entrez_id"
"3061191","5189","unique_entrez_id"
"3061268","100421561;257415;728066;728640","ambiguous_multiple_entrez"
"3061319","1021;105375397","ambiguous_multiple_entrez"
"3061438","54809","unique_entrez_id"
"3061456","219285","unique_entrez_id"
"3061484","253012","unique_entrez_id"
"3061538","799","unique_entrez_id"
"3061621","7980","unique_entrez_id"
"3061651","10282","unique_entrez_id"
"3061805","8910","unique_entrez_id"
"3061942","5444","unique_entrez_id"
"3061964","5446","unique_entrez_id"
"3061997","5445","unique_entrez_id"
"3062082","5166","unique_entrez_id"
"3062193","10165","unique_entrez_id"
"3062302","7979","unique_entrez_id"
"3062523","1749","unique_entrez_id"
"3062576","440","unique_entrez_id"
"3062665","100506759;107986827;221960;389538;389634;51622;650293","ambiguous_multiple_entrez"
"3062738","4951;654231","ambiguous_multiple_entrez"
"3062794","25851","unique_entrez_id"
"3062868","55971","unique_entrez_id"
"3063035","222865","unique_entrez_id"
"3063083","57154","unique_entrez_id"
"3063245","11333","unique_entrez_id"
"3063273","100526740;26024","ambiguous_multiple_entrez"
"3063337","84124","unique_entrez_id"
"3063368","221786","unique_entrez_id"
"3063406","100861540;1576;1577","ambiguous_multiple_entrez"
"3063463","100861540;1551;1576","ambiguous_multiple_entrez"
"3063501","100861540;1551;1576;1577","ambiguous_multiple_entrez"
"3063532","81392","unique_entrez_id"
"3063536","89122","unique_entrez_id"
"3063577","349149","unique_entrez_id"
"3063589","563","unique_entrez_id"
"3063646","7551","unique_entrez_id"
"3063685","406900;407014;407050;4176","ambiguous_multiple_entrez"
"3063727","6878","unique_entrez_id"
"3063770","100616439;55262","ambiguous_multiple_entrez"
"3063795","79690","unique_entrez_id"
"3063807","221914","unique_entrez_id"
"3063856","105375426;352954;729438","ambiguous_multiple_entrez"
"3063968","55063","unique_entrez_id"
"3064006","221908","unique_entrez_id"
"3064024","402573","unique_entrez_id"
"3064039","81628","unique_entrez_id"
"3064082","100316904;4034","ambiguous_multiple_entrez"
"3064158","7036","unique_entrez_id"
"3064204","51412","unique_entrez_id"
"3064230","64599","unique_entrez_id"
"3064293","2050","unique_entrez_id"
"3064353","402682","unique_entrez_id"
"3064361","43","unique_entrez_id"
"3064462","7425","unique_entrez_id"
"3064484","375607","unique_entrez_id"
"3064501","346606","unique_entrez_id"
"3064541","8985","unique_entrez_id"
"3064574","24146","unique_entrez_id"
"3064591","51024","unique_entrez_id"
"3064638","64792","unique_entrez_id"
"3064689","93408","unique_entrez_id"
"3065007","54784","unique_entrez_id"
"3065015","246721;5439;548644;84820","ambiguous_multiple_entrez"
"3065244","100271927;10156;401331;84820","ambiguous_multiple_entrez"
"3065407","222235","unique_entrez_id"
"3065480","222236","unique_entrez_id"
"3065546","283417;349152;442524;554236","ambiguous_multiple_entrez"
"3065601","283417;349152;554236","ambiguous_multiple_entrez"
"3065638","27000","unique_entrez_id"
"3065684","375611","unique_entrez_id"
"3065740","5649","unique_entrez_id"
"3065963","5001","unique_entrez_id"
"3066297","6733","unique_entrez_id"
"3066436","54517","unique_entrez_id"
"3066496","100130771;222255","ambiguous_multiple_entrez"
"3066613","222255","unique_entrez_id"
"3066751","6856","unique_entrez_id"
"3066818","10135","unique_entrez_id"
"3066956","168455","unique_entrez_id"
"3067080","10466","unique_entrez_id"
"3067250","105375444;1811","ambiguous_multiple_entrez"
"3067302","3912","unique_entrez_id"
"3067408","22798","unique_entrez_id"
"3067478","4897","unique_entrez_id"
"3067592","50640","unique_entrez_id"
"3067644","168451;285872","ambiguous_multiple_entrez"
"3067890","83943","unique_entrez_id"
"3068097","9732","unique_entrez_id"
"3068476","64418","unique_entrez_id"
"3068519","154743","unique_entrez_id"
"3068587","54329","unique_entrez_id"
"3068688","5506","unique_entrez_id"
"3069082","22797","unique_entrez_id"
"3069366","7472","unique_entrez_id"
"3069399","136991","unique_entrez_id"
"3069470","83992","unique_entrez_id"
"3069955","23554","unique_entrez_id"
"3070183","10157","unique_entrez_id"
"3070309","93664","unique_entrez_id"
"3070499","168433","unique_entrez_id"
"3070507","378925","unique_entrez_id"
"3070520","50833","unique_entrez_id"
"3070543","6561","unique_entrez_id"
"3070610","154865;79800","ambiguous_multiple_entrez"
"3070658","4698","unique_entrez_id"
"3070712","8976","unique_entrez_id"
"3070873","2861","unique_entrez_id"
"3070908","25913","unique_entrez_id"
"3071063","2918","unique_entrez_id"
"3071213","168850","unique_entrez_id"
"3071285","105375489;79571","ambiguous_multiple_entrez"
"3071304","5078","unique_entrez_id"
"3071459","64101","unique_entrez_id"
"3071630","55131","unique_entrez_id"
"3071636","55131","unique_entrez_id"
"3071700","3614","unique_entrez_id"
"3071860","611","unique_entrez_id"
"3071878","375616","unique_entrez_id"
"3072014","23534","unique_entrez_id"
"3072276","7328","unique_entrez_id"
"3072368","51530","unique_entrez_id"
"3072435","84928","unique_entrez_id"
"3072546","95681","unique_entrez_id"
"3072630","114960;26958","ambiguous_multiple_entrez"
"3072703","136259","unique_entrez_id"
"3073013","5420","unique_entrez_id"
"3073267","91584","unique_entrez_id"
"3073597","54927","unique_entrez_id"
"3073981","105375519;231","ambiguous_multiple_entrez"
"3074039","84912","unique_entrez_id"
"3074101","78996","unique_entrez_id"
"3074260","29062","unique_entrez_id"
"3074362","4850","unique_entrez_id"
"3074531","26266","unique_entrez_id"
"3074577","389558","unique_entrez_id"
"3074640","136319;767558","ambiguous_multiple_entrez"
"3074857","5764","unique_entrez_id"
"3074912","107984974;9162","ambiguous_multiple_entrez"
"3075136","64764","unique_entrez_id"
"3075331","136306","unique_entrez_id"
"3075381","50617","unique_entrez_id"
"3075431","57670","unique_entrez_id"
"3075531","92092","unique_entrez_id"
"3075550","92092","unique_entrez_id"
"3075566","56829","unique_entrez_id"
"3075742","346689","unique_entrez_id"
"3075778","28996","unique_entrez_id"
"3075932","64761","unique_entrez_id"
"3076076","84255","unique_entrez_id"
"3076178","23608","unique_entrez_id"
"3076340","100134713;57670;673","ambiguous_multiple_entrez"
"3076489","51650","unique_entrez_id"
"3076753","57189","unique_entrez_id"
"3076799","285962","unique_entrez_id"
"3076868","23601","unique_entrez_id"
"3076882","5726","unique_entrez_id"
"3077004","136541;207147","ambiguous_multiple_entrez"
"3077072","55503;56302","ambiguous_multiple_entrez"
"3077128","55503;56302","ambiguous_multiple_entrez"
"3077168","3792","unique_entrez_id"
"3077214","135924","unique_entrez_id"
"3077244","89883","unique_entrez_id"
"3077273","9715","unique_entrez_id"
"3077321","2041","unique_entrez_id"
"3077502","9747","unique_entrez_id"
"3077573","445328;7984","ambiguous_multiple_entrez"
"3077766","27010","unique_entrez_id"
"3078348","2146","unique_entrez_id"
"3078435","9601","unique_entrez_id"
"3078478","136051","unique_entrez_id"
"3078493","155054","unique_entrez_id"
"3078520","155061","unique_entrez_id"
"3078597","27153","unique_entrez_id"
"3078656","155061;79970","ambiguous_multiple_entrez"
"3078774","168544","unique_entrez_id"
"3078948","57180;653857","ambiguous_multiple_entrez"
"3079005","5919","unique_entrez_id"
"3079103","474344","unique_entrez_id"
"3079172","105375567;28959","ambiguous_multiple_entrez"
"3079202","3757","unique_entrez_id"
"3079257","285973","unique_entrez_id"
"3079313","1020","unique_entrez_id"
"3079336","10922","unique_entrez_id"
"3079369","83590","unique_entrez_id"
"3079438","136371","unique_entrez_id"
"3079463","10061;114483834;392843","ambiguous_multiple_entrez"
"3079576","6604","unique_entrez_id"
"3079671","349136","unique_entrez_id"
"3079722","155051","unique_entrez_id"
"3079756","6009","unique_entrez_id"
"3079803","51422","unique_entrez_id"
"3080033","387590;58508;85316;85317;85318;85319","ambiguous_multiple_entrez"
"3080283","7516","unique_entrez_id"
"3080437","103724390;105375578;346547","ambiguous_multiple_entrez"
"3080843","22976","unique_entrez_id"
"3081205","6469","unique_entrez_id"
"3081525","100506380","unique_entrez_id"
"3081613","64327","unique_entrez_id"
"3081624","64327","unique_entrez_id"
"3081707","3110","unique_entrez_id"
"3081862","105375615;105379583;406945;5799","ambiguous_multiple_entrez"
"3082181","54892","unique_entrez_id"
"3082248","57488","unique_entrez_id"
"3082373","7434","unique_entrez_id"
"3082503","169270;79854","ambiguous_multiple_entrez"
"3082531","26260;728323","ambiguous_multiple_entrez"
"3082590","","unmapped_entrez"
"3082640","105379627;401442;9228","ambiguous_multiple_entrez"
"3082759","9228","unique_entrez_id"
"3082824","2055","unique_entrez_id"
"3082874","9639","unique_entrez_id"
"3082954","9639","unique_entrez_id"
"3082963","9920","unique_entrez_id"
"3082990","9172","unique_entrez_id"
"3083778","79648","unique_entrez_id"
"3083936","55326","unique_entrez_id"
"3084607","10407;653423","ambiguous_multiple_entrez"
"3084950","137075","unique_entrez_id"
"3085065","90459","unique_entrez_id"
"3085180","105379231;157273","ambiguous_multiple_entrez"
"3085270","8658","unique_entrez_id"
"3085403","4482","unique_entrez_id"
"3085602","203074","unique_entrez_id"
"3085874","66036","unique_entrez_id"
"3085906","157739","unique_entrez_id"
"3085933","83656","unique_entrez_id"
"3085990","640","unique_entrez_id"
"3086044","83655","unique_entrez_id"
"3086100","2626","unique_entrez_id"
"3086181","252969;606553","ambiguous_multiple_entrez"
"3086206","2222","unique_entrez_id"
"3086573","","unmapped_entrez"
"3086774","57604","unique_entrez_id"
"3086809","57604","unique_entrez_id"
"3086915","157773","unique_entrez_id"
"3087167","7991","unique_entrez_id"
"3087438","286097","unique_entrez_id"
"3087501","51201","unique_entrez_id"
"3087555","137492","unique_entrez_id"
"3087659","6542","unique_entrez_id"
"3087703","5157","unique_entrez_id"
"3087813","5108","unique_entrez_id"
"3087947","9","unique_entrez_id"
"3087990","10","unique_entrez_id"
"3088048","","unmapped_entrez"
"3088213","63898","unique_entrez_id"
"3088405","55174","unique_entrez_id"
"3088486","4023","unique_entrez_id"
"3088544","526","unique_entrez_id"
"3088983","23039","unique_entrez_id"
"3089049","10361;8822","ambiguous_multiple_entrez"
"3089090","8822","unique_entrez_id"
"3089102","2039","unique_entrez_id"
"3089140","64760","unique_entrez_id"
"3089192","6440","unique_entrez_id"
"3089215","649","unique_entrez_id"
"3089285","661","unique_entrez_id"
"3089316","55124","unique_entrez_id"
"3089360","23516","unique_entrez_id"
"3089401","5533","unique_entrez_id"
"3089469","10174","unique_entrez_id"
"3089535","64236","unique_entrez_id"
"3089569","541565","unique_entrez_id"
"3089597","57805","unique_entrez_id"
"3089740","23221","unique_entrez_id"
"3089799","254896;8794","ambiguous_multiple_entrez"
"3089816","8794","unique_entrez_id"
"3089853","91782","unique_entrez_id"
"3090006","51312","unique_entrez_id"
"3090053","51312","unique_entrez_id"
"3090209","10863","unique_entrez_id"
"3090294","27299","unique_entrez_id"
"3090326","8756","unique_entrez_id"
"3090436","4741","unique_entrez_id"
"3090512","80005","unique_entrez_id"
"3090697","157313","unique_entrez_id"
"3090922","5520","unique_entrez_id"
"3091000","665","unique_entrez_id"
"3091077","1808","unique_entrez_id"
"3091301","2185","unique_entrez_id"
"3091403","2053","unique_entrez_id"
"3091475","51435","unique_entrez_id"
"3091628","55140","unique_entrez_id"
"3091699","5368","unique_entrez_id"
"3091746","7976","unique_entrez_id"
"3091797","2137","unique_entrez_id"
"3091848","79618","unique_entrez_id"
"3092276","23484","unique_entrez_id"
"3092325","10671","unique_entrez_id"
"3092415","11030","unique_entrez_id"
"3092561","","unmapped_entrez"
"3092605","7993","unique_entrez_id"
"3092663","7486","unique_entrez_id"
"3092808","105379361;3084","ambiguous_multiple_entrez"
"3093259","84549","unique_entrez_id"
"3093526","137970","unique_entrez_id"
"3093781","157855","unique_entrez_id"
"3094157","80139","unique_entrez_id"
"3094245","11160","unique_entrez_id"
"3094286","11212","unique_entrez_id"
"3094334","25960","unique_entrez_id"
"3094447","9070","unique_entrez_id"
"3094494","9530","unique_entrez_id"
"3094514","23259","unique_entrez_id"
"3094611","137994","unique_entrez_id"
"3094778","6867","unique_entrez_id"
"3094980","203100","unique_entrez_id"
"3095002","8754","unique_entrez_id"
"3095057","203102","unique_entrez_id"
"3095114","255926","unique_entrez_id"
"3095152","8749","unique_entrez_id"
"3095223","3620","unique_entrez_id"
"3095257","169355","unique_entrez_id"
"3095313","56892","unique_entrez_id"
"3095719","51125","unique_entrez_id"
"3095766","84296","unique_entrez_id"
"3095815","137964","unique_entrez_id"
"3096007","10947","unique_entrez_id"
"3096092","105379395;3551","ambiguous_multiple_entrez"
"3096171","5423","unique_entrez_id"
"3096214","7419","unique_entrez_id"
"3096271","114926","unique_entrez_id"
"3096322","1142","unique_entrez_id"
"3096368","23092;84376","ambiguous_multiple_entrez"
"3096428","2339","unique_entrez_id"
"3096439","","unmapped_entrez"
"3096442","","unmapped_entrez"
"3096444","","unmapped_entrez"
"3096445","","unmapped_entrez"
"3096448","","unmapped_entrez"
"3096449","","unmapped_entrez"
"3096456","","unmapped_entrez"
"3096458","","unmapped_entrez"
"3096459","","unmapped_entrez"
"3096460","","unmapped_entrez"
"3096461","","unmapped_entrez"
"3096462","","unmapped_entrez"
"3096464","","unmapped_entrez"
"3096466","","unmapped_entrez"
"3096468","","unmapped_entrez"
"3096470","","unmapped_entrez"
"3096472","","unmapped_entrez"
"3096474","","unmapped_entrez"
"3096476","","unmapped_entrez"
"3096478","","unmapped_entrez"
"3096480","","unmapped_entrez"
"3096482","","unmapped_entrez"
"3096484","","unmapped_entrez"
"3096486","","unmapped_entrez"
"3096488","","unmapped_entrez"
"3096490","","unmapped_entrez"
"3096492","","unmapped_entrez"
"3096494","","unmapped_entrez"
"3096496","","unmapped_entrez"
"3096498","","unmapped_entrez"
"3096500","","unmapped_entrez"
"3096502","","unmapped_entrez"
"3096504","","unmapped_entrez"
"3096506","","unmapped_entrez"
"3096508","","unmapped_entrez"
"3096510","","unmapped_entrez"
"3096512","","unmapped_entrez"
"3096514","","unmapped_entrez"
"3096516","","unmapped_entrez"
"3096518","","unmapped_entrez"
"3096520","","unmapped_entrez"
"3096522","","unmapped_entrez"
"3096524","","unmapped_entrez"
"3096526","","unmapped_entrez"
"3096528","","unmapped_entrez"
"3096530","","unmapped_entrez"
"3096532","","unmapped_entrez"
"3096534","","unmapped_entrez"
"3096536","","unmapped_entrez"
"3096538","","unmapped_entrez"
"3096540","","unmapped_entrez"
"3096542","","unmapped_entrez"
"3096544","","unmapped_entrez"
"3096545","84197","unique_entrez_id"
"3096575","138050","unique_entrez_id"
"3096638","340441","unique_entrez_id"
"3097152","4173","unique_entrez_id"
"3097208","7336","unique_entrez_id"
"3097401","","unmapped_entrez"
"3097580","492307","unique_entrez_id"
"3097701","54212","unique_entrez_id"
"3098213","2831","unique_entrez_id"
"3098378","8601","unique_entrez_id"
"3098454","29088","unique_entrez_id"
"3098549","64321","unique_entrez_id"
"3098570","6101","unique_entrez_id"
"3098935","96764","unique_entrez_id"
"3098977","4067","unique_entrez_id"
"3099089","79145","unique_entrez_id"
"3099390","26138","unique_entrez_id"
"3099561","100505477","unique_entrez_id"
"3099566","90362","unique_entrez_id"
"3099750","6386","unique_entrez_id"
"3100166","5862","unique_entrez_id"
"3100497","157807","unique_entrez_id"
"3100690","286183","unique_entrez_id"
"3100909","253943","unique_entrez_id"
"3101153","27319","unique_entrez_id"
"3101385","9650","unique_entrez_id"
"3101475","85479","unique_entrez_id"
"3101514","84675","unique_entrez_id"
"3101622","23212","unique_entrez_id"
"3101629","137872","unique_entrez_id"
"3101681","254778","unique_entrez_id"
"3101765","100533105;56260","ambiguous_multiple_entrez"
"3101802","100533105;23678","ambiguous_multiple_entrez"
"3101851","157777","unique_entrez_id"
"3101893","79848","unique_entrez_id"
"3102096","80243","unique_entrez_id"
"3102204","116328","unique_entrez_id"
"3102372","23213","unique_entrez_id"
"3103062","9312","unique_entrez_id"
"3103187","7013","unique_entrez_id"
"3103293","157506","unique_entrez_id"
"3103494","54968","unique_entrez_id"
"3103523","23643","unique_entrez_id"
"3103607","54332","unique_entrez_id"
"3103703","51050","unique_entrez_id"
"3103745","83690","unique_entrez_id"
"3103818","3174","unique_entrez_id"
"3104013","79776","unique_entrez_id"
"3104260","5569","unique_entrez_id"
"3104323","51101","unique_entrez_id"
"3104489","11075","unique_entrez_id"
"3104698","65986","unique_entrez_id"
"3105033","92421","unique_entrez_id"
"3105271","138046","unique_entrez_id"
"3105430","85444","unique_entrez_id"
"3105467","1875","unique_entrez_id"
"3105506","377677","unique_entrez_id"
"3105581","761","unique_entrez_id"
"3105600","760","unique_entrez_id"
"3105749","245972","unique_entrez_id"
"3105777","11059","unique_entrez_id"
"3105904","8895","unique_entrez_id"
"3105979","168975","unique_entrez_id"
"3106243","8767","unique_entrez_id"
"3106276","734","unique_entrez_id"
"3106310","1666","unique_entrez_id"
"3106479","64168","unique_entrez_id"
"3106539","51633","unique_entrez_id"
"3106559","100130742;105375637;115111;1356","ambiguous_multiple_entrez"
"3107151","137392","unique_entrez_id"
"3107234","55472","unique_entrez_id"
"3107242","91147","unique_entrez_id"
"3107342","54704","unique_entrez_id"
"3107548","54845","unique_entrez_id"
"3107603","","unmapped_entrez"
"3107606","286148","unique_entrez_id"
"3107661","55656","unique_entrez_id"
"3107724","137682","unique_entrez_id"
"3107828","79666","unique_entrez_id"
"3108072","9791","unique_entrez_id"
"3108146","6383","unique_entrez_id"
"3108226","10404;105375655","ambiguous_multiple_entrez"
"3108433","92140","unique_entrez_id"
"3108489","55353","unique_entrez_id"
"3108526","4147","unique_entrez_id"
"3108648","203111","unique_entrez_id"
"3108665","105375660;10940","ambiguous_multiple_entrez"
"3108782","3788","unique_entrez_id"
"3108859","116039","unique_entrez_id"
"3108901","157680","unique_entrez_id"
"3109191","5440","unique_entrez_id"
"3109201","6674","unique_entrez_id"
"3109600","83955","unique_entrez_id"
"3109687","79977","unique_entrez_id"
"3109960","4956","unique_entrez_id"
"3110055","","unmapped_entrez"
"3110171","528","unique_entrez_id"
"3110217","379034;79870","ambiguous_multiple_entrez"
"3110272","8323","unique_entrez_id"
"3110317","115908","unique_entrez_id"
"3110341","25879","unique_entrez_id"
"3110395","9699","unique_entrez_id"
"3110608","81501","unique_entrez_id"
"3110789","23414","unique_entrez_id"
"3110999","55074","unique_entrez_id"
"3111375","9694","unique_entrez_id"
"3111485","7201","unique_entrez_id"
"3111530","56943","unique_entrez_id"
"3111561","93035","unique_entrez_id"
"3111695","9166","unique_entrez_id"
"3112543","84294","unique_entrez_id"
"3112584","169026","unique_entrez_id"
"3112713","90390","unique_entrez_id"
"3113133","10584","unique_entrez_id"
"3113180","114569","unique_entrez_id"
"3113202","4856","unique_entrez_id"
"3113280","64798","unique_entrez_id"
"3113352","105375730;7373","ambiguous_multiple_entrez"
"3113456","27085","unique_entrez_id"
"3113894","22882","unique_entrez_id"
"3114064","93594","unique_entrez_id"
"3114111","84985","unique_entrez_id"
"3114240","55093","unique_entrez_id"
"3114358","157769","unique_entrez_id"
"3114365","157769;57234","ambiguous_multiple_entrez"
"3114600","55039","unique_entrez_id"
"3114618","11236","unique_entrez_id"
"3114649","4715","unique_entrez_id"
"3114820","137209","unique_entrez_id"
"3114832","6713","unique_entrez_id"
"3114878","286053","unique_entrez_id"
"3115008","10221","unique_entrez_id"
"3115504","4609","unique_entrez_id"
"3116535","51105","unique_entrez_id"
"3116614","7038","unique_entrez_id"
"3116839","8840","unique_entrez_id"
"3117384","10656","unique_entrez_id"
"3118277","100507249","unique_entrez_id"
"3118451","54108","unique_entrez_id"
"3118651","22898","unique_entrez_id"
"3118818","11156","unique_entrez_id"
"3118838","","unmapped_entrez"
"3119000","619434","unique_entrez_id"
"3119017","575","unique_entrez_id"
"3119200","8000","unique_entrez_id"
"3119213","54742","unique_entrez_id"
"3119236","51337","unique_entrez_id"
"3119289","2765","unique_entrez_id"
"3119339","100128627;4061","ambiguous_multiple_entrez"
"3119376","286122","unique_entrez_id"
"3119428","","unmapped_entrez"
"3119432","338328","unique_entrez_id"
"3119450","286128","unique_entrez_id"
"3119470","2738;286128","ambiguous_multiple_entrez"
"3119516","79943","unique_entrez_id"
"3119572","114822","unique_entrez_id"
"3119656","79792","unique_entrez_id"
"3119708","84948","unique_entrez_id"
"3119735","9831","unique_entrez_id"
"3119765","286075","unique_entrez_id"
"3119792","225689","unique_entrez_id"
"3119945","2907","unique_entrez_id"
"3119970","375686","unique_entrez_id"
"3120008","102465510;54512","ambiguous_multiple_entrez"
"3120021","8733","unique_entrez_id"
"3120051","1537","unique_entrez_id"
"3120066","84232","unique_entrez_id"
"3120358","3297","unique_entrez_id"
"3120443","79581","unique_entrez_id"
"3120481","203054","unique_entrez_id"
"3120567","90990","unique_entrez_id"
"3120613","84988","unique_entrez_id"
"3120653","2875","unique_entrez_id"
"3120682","113655","unique_entrez_id"
"3120699","9684","unique_entrez_id"
"3120887","340385","unique_entrez_id"
"3120917","7553","unique_entrez_id"
"3121002","286103","unique_entrez_id"
"3121023","65265","unique_entrez_id"
"3121198","157695","unique_entrez_id"
"3121228","157697","unique_entrez_id"
"3121751","64478","unique_entrez_id"
"3122489","285","unique_entrez_id"
"3122631","389610","unique_entrez_id"
"3122678","1672","unique_entrez_id"
"3122703","1671","unique_entrez_id"
"3122721","1669;449491","ambiguous_multiple_entrez"
"3122828","1670;389634","ambiguous_multiple_entrez"
"3122984","10407;653423","ambiguous_multiple_entrez"
"3123541","9258","unique_entrez_id"
"3123675","79660","unique_entrez_id"
"3124074","94137","unique_entrez_id"
"3124159","83595","unique_entrez_id"
"3124180","54984","unique_entrez_id"
"3124227","286046;693183","ambiguous_multiple_entrez"
"3124333","286046","unique_entrez_id"
"3124344","","unmapped_entrez"
"3124353","","unmapped_entrez"
"3124360","","unmapped_entrez"
"3124388","83648","unique_entrez_id"
"3124537","1508","unique_entrez_id"
"3125001","91694","unique_entrez_id"
"3125116","10395","unique_entrez_id"
"3125342","137868","unique_entrez_id"
"3125571","4481","unique_entrez_id"
"3125715","26281","unique_entrez_id"
"3125775","29883","unique_entrez_id"
"3125915","57509","unique_entrez_id"
"3125993","2267","unique_entrez_id"
"3126087","427;84142","ambiguous_multiple_entrez"
"3126191","23362","unique_entrez_id"
"3126368","23362","unique_entrez_id"
"3126504","55790","unique_entrez_id"
"3126694","6570","unique_entrez_id"
"3126739","11178","unique_entrez_id"
"3127156","2675","unique_entrez_id"
"3127199","9046","unique_entrez_id"
"3127259","79873","unique_entrez_id"
"3127278","55806","unique_entrez_id"
"3127334","80346","unique_entrez_id"
"3127352","203190","unique_entrez_id"
"3127385","9796","unique_entrez_id"
"3127505","107986876","unique_entrez_id"
"3127523","55909","unique_entrez_id"
"3127579","80094","unique_entrez_id"
"3127584","1960","unique_entrez_id"
"3127610","105379325;157310","ambiguous_multiple_entrez"
"3127703","8795","unique_entrez_id"
"3127745","8793","unique_entrez_id"
"3127775","8797","unique_entrez_id"
"3127818","4017","unique_entrez_id"
"3127878","9583","unique_entrez_id"
"3127942","","unmapped_entrez"
"3127978","4824","unique_entrez_id"
"3128046","6781","unique_entrez_id"
"3128271","4747","unique_entrez_id"
"3128362","2796","unique_entrez_id"
"3128372","54793","unique_entrez_id"
"3128411","64641","unique_entrez_id"
"3128731","10687","unique_entrez_id"
"3128817","148","unique_entrez_id"
"3128911","81551","unique_entrez_id"
"3128954","23087","unique_entrez_id"
"3129026","1135","unique_entrez_id"
"3129065","102465508;1191","ambiguous_multiple_entrez"
"3129121","55246","unique_entrez_id"
"3129149","55872","unique_entrez_id"
"3129175","100422828;286133","ambiguous_multiple_entrez"
"3129304","55893","unique_entrez_id"
"3129361","157574;55893","ambiguous_multiple_entrez"
"3129465","55756","unique_entrez_id"
"3129588","23303","unique_entrez_id"
"3129731","1846","unique_entrez_id"
"3129948","51669","unique_entrez_id"
"3130113","2961","unique_entrez_id"
"3130161","2936","unique_entrez_id"
"3130211","5516","unique_entrez_id"
"3130244","56154","unique_entrez_id"
"3130294","29942","unique_entrez_id"
"3130757","84750","unique_entrez_id"
"3130823","80185","unique_entrez_id"
"3130850","79845","unique_entrez_id"
"3130872","78986","unique_entrez_id"
"3131720","55290","unique_entrez_id"
"3131741","80223","unique_entrez_id"
"3131789","137362","unique_entrez_id"
"3131819","6770","unique_entrez_id"
"3131844","27257","unique_entrez_id"
"3131881","84513","unique_entrez_id"
"3131916","54904","unique_entrez_id"
"3132016","2260;5324","ambiguous_multiple_entrez"
"3132124","389649","unique_entrez_id"
"3132333","83877","unique_entrez_id"
"3132393","1587;2515","ambiguous_multiple_entrez"
"3132616","79698","unique_entrez_id"
"3132782","6422","unique_entrez_id"
"3132927","157848","unique_entrez_id"
"3132940","286","unique_entrez_id"
"3133135","7994","unique_entrez_id"
"3133233","5327","unique_entrez_id"
"3133325","27121","unique_entrez_id"
"3133345","6575","unique_entrez_id"
"3133434","8973","unique_entrez_id"
"3133465","55145","unique_entrez_id"
"3133479","81790","unique_entrez_id"
"3134013","1052","unique_entrez_id"
"3134034","5591","unique_entrez_id"
"3134468","79645","unique_entrez_id"
"3134511","6591","unique_entrez_id"
"3134828","137902","unique_entrez_id"
"3134922","105375833;115294;137902","ambiguous_multiple_entrez"
"3135046","9705","unique_entrez_id"
"3135156","389658","unique_entrez_id"
"3135184","9821","unique_entrez_id"
"3135340","4986","unique_entrez_id"
"3135452","51606","unique_entrez_id"
"3135567","10434","unique_entrez_id"
"3136015","105375846;137695","ambiguous_multiple_entrez"
"3136129","26795;6224","ambiguous_multiple_entrez"
"3136167","4342","unique_entrez_id"
"3136178","5324","unique_entrez_id"
"3136229","195814","unique_entrez_id"
"3136271","5179","unique_entrez_id"
"3136413","54928","unique_entrez_id"
"3136756","1581","unique_entrez_id"
"3136782","8439","unique_entrez_id"
"3136888","9760","unique_entrez_id"
"3137120","767","unique_entrez_id"
"3137530","444","unique_entrez_id"
"3137875","8836","unique_entrez_id"
"3137901","7274","unique_entrez_id"
"3138204","9420","unique_entrez_id"
"3138414","55156","unique_entrez_id"
"3138464","105375883;5150","ambiguous_multiple_entrez"
"3138618","1392","unique_entrez_id"
"3138811","80124","unique_entrez_id"
"3138841","26255","unique_entrez_id"
"3138929","286187","unique_entrez_id"
"3138978","10987","unique_entrez_id"
"3139035","10565","unique_entrez_id"
"3139155","57094","unique_entrez_id"
"3139557","","unmapped_entrez"
"3139580","100008589;100861532;126248;81796","ambiguous_multiple_entrez"
"3139690","63978","unique_entrez_id"
"3139722","10499","unique_entrez_id"
"3139882","23471","unique_entrez_id"
"3139950","51110","unique_entrez_id"
"3140037","2138","unique_entrez_id"
"3140213","9242","unique_entrez_id"
"3140258","392232;8989","ambiguous_multiple_entrez"
"3140478","157869","unique_entrez_id"
"3140640","27067","unique_entrez_id"
"3140763","55284","unique_entrez_id"
"3140920","56704","unique_entrez_id"
"3141346","5828","unique_entrez_id"
"3141589","101241902;3574","ambiguous_multiple_entrez"
"3141755","23462","unique_entrez_id"
"3141809","28957","unique_entrez_id"
"3141857","7163","unique_entrez_id"
"3142217","55824","unique_entrez_id"
"3142362","5375;646480","ambiguous_multiple_entrez"
"3142381","2167","unique_entrez_id"
"3142485","347051;3612","ambiguous_multiple_entrez"
"3142519","79752","unique_entrez_id"
"3142554","64089","unique_entrez_id"
"3142932","401466","unique_entrez_id"
"3142967","759","unique_entrez_id"
"3143112","100288527;101929601;101929627","ambiguous_multiple_entrez"
"3143266","85481","unique_entrez_id"
"3143282","157724","unique_entrez_id"
"3143330","51115","unique_entrez_id"
"3143406","54714","unique_entrez_id"
"3143575","138009","unique_entrez_id"
"3143643","","unmapped_entrez"
"3143660","105375628;4325","ambiguous_multiple_entrez"
"3143970","4683","unique_entrez_id"
"3144033","793","unique_entrez_id"
"3144235","55529","unique_entrez_id"
"3144346","862","unique_entrez_id"
"3144740","","unmapped_entrez"
"3144760","389677","unique_entrez_id"
"3144859","1015","unique_entrez_id"
"3144934","2669","unique_entrez_id"
"3144973","100861412;25788","ambiguous_multiple_entrez"
"3145020","25962","unique_entrez_id"
"3145107","9134","unique_entrez_id"
"3145149","94241","unique_entrez_id"
"3145240","157657","unique_entrez_id"
"3145509","392255","unique_entrez_id"
"3145567","442454;7381","ambiguous_multiple_entrez"
"3145586","51001","unique_entrez_id"
"3145801","85453","unique_entrez_id"
"3145953","26775;6156","ambiguous_multiple_entrez"
"3145954","","unmapped_entrez"
"3145955","","unmapped_entrez"
"3145956","","unmapped_entrez"
"3145957","","unmapped_entrez"
"3145960","","unmapped_entrez"
"3145961","","unmapped_entrez"
"3145966","","unmapped_entrez"
"3145968","","unmapped_entrez"
"3145973","","unmapped_entrez"
"3145975","","unmapped_entrez"
"3145980","10247","unique_entrez_id"
"3146012","79815","unique_entrez_id"
"3146103","6788","unique_entrez_id"
"3146433","1345","unique_entrez_id"
"3146455","26166","unique_entrez_id"
"3146565","25897","unique_entrez_id"
"3146661","100128961;157567","ambiguous_multiple_entrez"
"3146723","169166","unique_entrez_id"
"3146898","105375674;7534","ambiguous_multiple_entrez"
"3147020","105375676;51123","ambiguous_multiple_entrez"
"3147173","83988","unique_entrez_id"
"3147286","50484","unique_entrez_id"
"3147321","51366","unique_entrez_id"
"3147508","105375685;7071","ambiguous_multiple_entrez"
"3147591","51582","unique_entrez_id"
"3147699","157556","unique_entrez_id"
"3147726","100499183;105369147;81034","ambiguous_multiple_entrez"
"3147926","1807","unique_entrez_id"
"3147971","","unmapped_entrez"
"3147985","29967","unique_entrez_id"
"3148387","137735","unique_entrez_id"
"3148463","284","unique_entrez_id"
"3148545","340419","unique_entrez_id"
"3148582","105375704;3646","ambiguous_multiple_entrez"
"3148703","157753","unique_entrez_id"
"3148796","84955","unique_entrez_id"
"3148871","55638","unique_entrez_id"
"3148963","27012","unique_entrez_id"
"3149161","114788","unique_entrez_id"
"3149528","7227","unique_entrez_id"
"3149754","8667","unique_entrez_id"
"3149843","100500914;5885","ambiguous_multiple_entrez"
"3150060","2131","unique_entrez_id"
"3150289","401474","unique_entrez_id"
"3150455","4982","unique_entrez_id"
"3150579","5168","unique_entrez_id"
"3150663","6873","unique_entrez_id"
"3150715","79075","unique_entrez_id"
"3150797","28998","unique_entrez_id"
"3150844","6641","unique_entrez_id"
"3151086","3037","unique_entrez_id"
"3151401","79139","unique_entrez_id"
"3151462","100131726","unique_entrez_id"
"3151473","100533106;11244;823;84933","ambiguous_multiple_entrez"
"3151534","29028","unique_entrez_id"
"3151607","114907","unique_entrez_id"
"3151719","312","unique_entrez_id"
"3151809","439941","unique_entrez_id"
"3151819","157376","unique_entrez_id"
"3151883","157378","unique_entrez_id"
"3151943","83940","unique_entrez_id"
"3151970","9788","unique_entrez_id"
"3152220","9897","unique_entrez_id"
"3152558","157638","unique_entrez_id"
"3153235","137196","unique_entrez_id"
"3153298","56169","unique_entrez_id"
"3153328","51571","unique_entrez_id"
"3153400","","unmapped_entrez"
"3153428","100507117;50807","ambiguous_multiple_entrez"
"3153633","29065","unique_entrez_id"
"3153716","114","unique_entrez_id"
"3153961","10086","unique_entrez_id"
"3154002","3786","unique_entrez_id"
"3154136","23639","unique_entrez_id"
"3154185","137835","unique_entrez_id"
"3154263","6503","unique_entrez_id"
"3154317","10397","unique_entrez_id"
"3154398","6482","unique_entrez_id"
"3154700","102723694;407030;407033;57623","ambiguous_multiple_entrez"
"3155489","51059","unique_entrez_id"
"3155637","169044","unique_entrez_id"
"3155901","51305","unique_entrez_id"
"3155937","83696","unique_entrez_id"
"3156193","27161","unique_entrez_id"
"3156307","5747","unique_entrez_id"
"3156541","57210","unique_entrez_id"
"3156640","2843","unique_entrez_id"
"3156655","389690","unique_entrez_id"
"3156848","203062","unique_entrez_id"
"3157060","8629","unique_entrez_id"
"3157132","57152","unique_entrez_id"
"3157138","137797","unique_entrez_id"
"3157147","111188157;432355;66004","ambiguous_multiple_entrez"
"3157178","8581","unique_entrez_id"
"3157217","1584;1585","ambiguous_multiple_entrez"
"3157241","1584;1585","ambiguous_multiple_entrez"
"3157311","4062","unique_entrez_id"
"3157385","116447","unique_entrez_id"
"3157434","78998","unique_entrez_id"
"3157441","389692","unique_entrez_id"
"3157460","23144","unique_entrez_id"
"3157563","93100","unique_entrez_id"
"3157596","1936","unique_entrez_id"
"3157639","1936","unique_entrez_id"
"3157647","65263","unique_entrez_id"
"3157660","105375798;7264","ambiguous_multiple_entrez"
"3157722","286077","unique_entrez_id"
"3157751","23513","unique_entrez_id"
"3157817","22827","unique_entrez_id"
"3157844","340371","unique_entrez_id"
"3157901","5339","unique_entrez_id"
"3158011","84875","unique_entrez_id"
"3158060","102465509;26873","ambiguous_multiple_entrez"
"3158114","81858","unique_entrez_id"
"3158190","23246","unique_entrez_id"
"3158478","26233;340393","ambiguous_multiple_entrez"
"3158516","100126351;100302196;29894","ambiguous_multiple_entrez"
"3158581","55630","unique_entrez_id"
"3158609","51160","unique_entrez_id"
"3158642","4796","unique_entrez_id"
"3158697","50626","unique_entrez_id"
"3158740","8928","unique_entrez_id"
"3158767","9401","unique_entrez_id"
"3158812","414919;441381","ambiguous_multiple_entrez"
"3159013","80778","unique_entrez_id"
"3159040","102465978;6132","ambiguous_multiple_entrez"
"3159061","58500","unique_entrez_id"
"3159132","28991;58500","ambiguous_multiple_entrez"
"3159167","286101;7564","ambiguous_multiple_entrez"
"3159330","81704","unique_entrez_id"
"3159483","23189","unique_entrez_id"
"3159676","1761","unique_entrez_id"
"3159735","58524","unique_entrez_id"
"3159754","102800446;10655","ambiguous_multiple_entrez"
"3159946","6595","unique_entrez_id"
"3160175","7436","unique_entrez_id"
"3160229","169522","unique_entrez_id"
"3160500","84850","unique_entrez_id"
"3160658","6505","unique_entrez_id"
"3160727","403313","unique_entrez_id"
"3160735","55664","unique_entrez_id"
"3160773","10171","unique_entrez_id"
"3160895","100419821;3717","ambiguous_multiple_entrez"
"3161042","3641","unique_entrez_id"
"3161082","29126","unique_entrez_id"
"3161113","80380","unique_entrez_id"
"3161167","57589","unique_entrez_id"
"3161261","2315","unique_entrez_id"
"3161379","89882","unique_entrez_id"
"3161398","115426","unique_entrez_id"
"3161566","23081","unique_entrez_id"
"3162486","7306","unique_entrez_id"
"3162529","286343","unique_entrez_id"
"3163136","6619","unique_entrez_id"
"3163200","203238","unique_entrez_id"
"3163728","54875","unique_entrez_id"
"3163818","6456","unique_entrez_id"
"3163982","92949","unique_entrez_id"
"3164086","92949","unique_entrez_id"
"3164181","10670","unique_entrez_id"
"3164221","55667","unique_entrez_id"
"3164312","340485","unique_entrez_id"
"3164601","105375989;54914","ambiguous_multiple_entrez"
"3164809","3445","unique_entrez_id"
"3164825","3439;3447","ambiguous_multiple_entrez"
"3164914","100048912;100533725;4507","ambiguous_multiple_entrez"
"3164999","51198","unique_entrez_id"
"3165057","63951","unique_entrez_id"
"3165624","100506422","unique_entrez_id"
"3165780","80173","unique_entrez_id"
"3165825","7010","unique_entrez_id"
"3165957","56832","unique_entrez_id"
"3166477","48","unique_entrez_id"
"3166644","401498","unique_entrez_id"
"3166718","3301","unique_entrez_id"
"3166815","27290","unique_entrez_id"
"3166844","51510","unique_entrez_id"
"3166880","4799","unique_entrez_id"
"3167110","304","unique_entrez_id"
"3167187","5644;5646","ambiguous_multiple_entrez"
"3167220","54926","unique_entrez_id"
"3167325","51271","unique_entrez_id"
"3167383","318","unique_entrez_id"
"3167427","27019","unique_entrez_id"
"3167511","2592","unique_entrez_id"
"3167553","3590","unique_entrez_id"
"3167660","25822","unique_entrez_id"
"3167684","138724","unique_entrez_id"
"3167731","10497","unique_entrez_id"
"3167994","100616214;7016","ambiguous_multiple_entrez"
"3168032","203260","unique_entrez_id"
"3168066","768","unique_entrez_id"
"3168102","10488","unique_entrez_id"
"3168136","9827","unique_entrez_id"
"3168160","4882","unique_entrez_id"
"3168210","51754","unique_entrez_id"
"3168245","51754","unique_entrez_id"
"3168255","646962","unique_entrez_id"
"3168309","8434","unique_entrez_id"
"3168385","152007","unique_entrez_id"
"3168409","881","unique_entrez_id"
"3168415","1211","unique_entrez_id"
"3168508","105376030;9833","ambiguous_multiple_entrez"
"3168700","84186","unique_entrez_id"
"3168841","9380","unique_entrez_id"
"3168938","64425","unique_entrez_id"
"3168990","22844","unique_entrez_id"
"3169043","158234","unique_entrez_id"
"3169094","55173;79269","ambiguous_multiple_entrez"
"3169331","219","unique_entrez_id"
"3171441","100996582;401507;401508;653123;728495","ambiguous_multiple_entrez"
"3171865","100289124;107984035","ambiguous_multiple_entrez"
"3173479","200350;2298;286380;349334;653404;653427","ambiguous_multiple_entrez"
"3173508","5239;595135","ambiguous_multiple_entrez"
"3173673","8395","unique_entrez_id"
"3173748","116224","unique_entrez_id"
"3173831","2395","unique_entrez_id"
"3173880","9414","unique_entrez_id"
"3173974","9413","unique_entrez_id"
"3174121","256691;6152","ambiguous_multiple_entrez"
"3174224","23137","unique_entrez_id"
"3174429","138241","unique_entrez_id"
"3174510","9615","unique_entrez_id"
"3174643","117531","unique_entrez_id"
"3174816","301","unique_entrez_id"
"3174967","6096","unique_entrez_id"
"3175119","26578","unique_entrez_id"
"3175274","5125","unique_entrez_id"
"3175494","2650","unique_entrez_id"
"3175597","23230","unique_entrez_id"
"3175971","29968","unique_entrez_id"
"3176209","7091","unique_entrez_id"
"3176689","347127;389761;389762;389763","ambiguous_multiple_entrez"
"3176711","389763","unique_entrez_id"
"3176933","414328","unique_entrez_id"
"3176999","80010","unique_entrez_id"
"3177111","4915","unique_entrez_id"
"3177563","60560","unique_entrez_id"
"3177863","401535","unique_entrez_id"
"3177880","1612","unique_entrez_id"
"3178147","1514;1518","ambiguous_multiple_entrez"
"3178255","286234","unique_entrez_id"
"3178416","10927","unique_entrez_id"
"3178480","158046","unique_entrez_id"
"3178545","1903","unique_entrez_id"
"3178583","1164","unique_entrez_id"
"3178611","79048","unique_entrez_id"
"3178679","10912","unique_entrez_id"
"3178952","6850","unique_entrez_id"
"3179359","401541","unique_entrez_id"
"3179551","89846","unique_entrez_id"
"3179646","203328","unique_entrez_id"
"3179669","84270","unique_entrez_id"
"3179706","65268","unique_entrez_id"
"3179872","23196;445577","ambiguous_multiple_entrez"
"3179975","5253","unique_entrez_id"
"3180142","138639","unique_entrez_id"
"3180212","169841","unique_entrez_id"
"3180263","84641","unique_entrez_id"
"3180342","407011;407012;407019;84909","ambiguous_multiple_entrez"
"3180717","375748","unique_entrez_id"
"3180880","158435","unique_entrez_id"
"3180957","22927","unique_entrez_id"
"3181193","23424","unique_entrez_id"
"3181240","7111","unique_entrez_id"
"3181302","4686","unique_entrez_id"
"3181374","2304","unique_entrez_id"
"3181417","10541","unique_entrez_id"
"3181460","54187","unique_entrez_id"
"3181600","79695","unique_entrez_id"
"3181642","1306","unique_entrez_id"
"3181728","7046","unique_entrez_id"
"3181976","8013","unique_entrez_id"
"3182019","55014","unique_entrez_id"
"3182063","27130;54881","ambiguous_multiple_entrez"
"3182199","100526694;91283","ambiguous_multiple_entrez"
"3182229","100526694;8577","ambiguous_multiple_entrez"
"3182310","54886","unique_entrez_id"
"3182409","7743","unique_entrez_id"
"3182489","56254","unique_entrez_id"
"3182678","1539","unique_entrez_id"
"3182781","10592","unique_entrez_id"
"3182894","138805","unique_entrez_id"
"3182903","138802","unique_entrez_id"
"3182930","286365","unique_entrez_id"
"3182957","25934;55335","ambiguous_multiple_entrez"
"3182984","55335","unique_entrez_id"
"3183012","55335","unique_entrez_id"
"3183111","23446","unique_entrez_id"
"3183219","83856","unique_entrez_id"
"3183238","253959;26134;83856","ambiguous_multiple_entrez"
"3183305","2218;83856","ambiguous_multiple_entrez"
"3183348","6887","unique_entrez_id"
"3183364","55151","unique_entrez_id"
"3183604","58499","unique_entrez_id"
"3183757","5887","unique_entrez_id"
"3184204","10881","unique_entrez_id"
"3184218","54942","unique_entrez_id"
"3184408","445815","unique_entrez_id"
"3184710","4593","unique_entrez_id"
"3184896","158399","unique_entrez_id"
"3184925","158399","unique_entrez_id"
"3184940","2790;548645;552891","ambiguous_multiple_entrez"
"3185063","100616114;7357","ambiguous_multiple_entrez"
"3185205","84263","unique_entrez_id"
"3185498","1318","unique_entrez_id"
"3185522","1317","unique_entrez_id"
"3185558","9128","unique_entrez_id"
"3185593","54836","unique_entrez_id"
"3185618","257169","unique_entrez_id"
"3185643","5998","unique_entrez_id"
"3185953","114991","unique_entrez_id"
"3185976","619556;85301","ambiguous_multiple_entrez"
"3186123","5004;5005","ambiguous_multiple_entrez"
"3186137","5004;5005","ambiguous_multiple_entrez"
"3186191","9550","unique_entrez_id"
"3186207","203197","unique_entrez_id"
"3186324","50514","unique_entrez_id"
"3186491","5069","unique_entrez_id"
"3186745","22954","unique_entrez_id"
"3186966","7099","unique_entrez_id"
"3187577","11064","unique_entrez_id"
"3187686","2934","unique_entrez_id"
"3187834","153090","unique_entrez_id"
"3188014","254956","unique_entrez_id"
"3188050","92399","unique_entrez_id"
"3188111","5742","unique_entrez_id"
"3188147","26219;26740","ambiguous_multiple_entrez"
"3188180","138882","unique_entrez_id"
"3188186","158131","unique_entrez_id"
"3188200","26737","unique_entrez_id"
"3188205","26735","unique_entrez_id"
"3188231","254973","unique_entrez_id"
"3188238","392390","unique_entrez_id"
"3188299","23637;2844","ambiguous_multiple_entrez"
"3188395","2844","unique_entrez_id"
"3188478","286204","unique_entrez_id"
"3188514","286204","unique_entrez_id"
"3188656","9355","unique_entrez_id"
"3188697","100129034;10783","ambiguous_multiple_entrez"
"3188780","347088","unique_entrez_id"
"3188883","169611","unique_entrez_id"
"3188993","81873","unique_entrez_id"
"3189080","10244","unique_entrez_id"
"3189110","101929014;26130","ambiguous_multiple_entrez"
"3189311","5090","unique_entrez_id"
"3189422","89853","unique_entrez_id"
"3189545","4010","unique_entrez_id"
"3189580","23099","unique_entrez_id"
"3189601","403341","unique_entrez_id"
"3189617","9649","unique_entrez_id"
"3189714","84253","unique_entrez_id"
"3189800","29988","unique_entrez_id"
"3189837","7633","unique_entrez_id"
"3189864","90678","unique_entrez_id"
"3189932","6812","unique_entrez_id"
"3190002","158248","unique_entrez_id"
"3190035","100422910;1025","ambiguous_multiple_entrez"
"3190061","2356","unique_entrez_id"
"3190151","114789","unique_entrez_id"
"3190190","3934","unique_entrez_id"
"3190210","79095","unique_entrez_id"
"3190242","1759","unique_entrez_id"
"3190331","","unmapped_entrez"
"3190339","51117","unique_entrez_id"
"3190366","10999","unique_entrez_id"
"3190394","100616335;81605","ambiguous_multiple_entrez"
"3190420","51148","unique_entrez_id"
"3190463","4957","unique_entrez_id"
"3190514","2733","unique_entrez_id"
"3190558","6709","unique_entrez_id"
"3190659","6418","unique_entrez_id"
"3190683","29941","unique_entrez_id"
"3190737","54662","unique_entrez_id"
"3190762","2021","unique_entrez_id"
"3190778","56262","unique_entrez_id"
"3190796","254295","unique_entrez_id"
"3190893","84895","unique_entrez_id"
"3190925","57171","unique_entrez_id"
"3190939","5524","unique_entrez_id"
"3191074","28989","unique_entrez_id"
"3191113","51450","unique_entrez_id"
"3191147","27348","unique_entrez_id"
"3191176","10868","unique_entrez_id"
"3191273","57720","unique_entrez_id"
"3191338","57720","unique_entrez_id"
"3191352","23413","unique_entrez_id"
"3191589","8939","unique_entrez_id"
"3191674","59335","unique_entrez_id"
"3191695","23404","unique_entrez_id"
"3191724","25","unique_entrez_id"
"3191805","10319","unique_entrez_id"
"3191877","83543","unique_entrez_id"
"3191900","8021","unique_entrez_id"
"3192033","84814","unique_entrez_id"
"3192062","84726","unique_entrez_id"
"3192117","26786;692093;84726","ambiguous_multiple_entrez"
"3192171","10585","unique_entrez_id"
"3192353","84628","unique_entrez_id"
"3192434","105376304;389799","ambiguous_multiple_entrez"
"3192495","56751","unique_entrez_id"
"3192525","9329","unique_entrez_id"
"3192580","11092","unique_entrez_id"
"3192609","8328","unique_entrez_id"
"3192653","9328","unique_entrez_id"
"3192693","1056;1057","ambiguous_multiple_entrez"
"3192725","1056;1057","ambiguous_multiple_entrez"
"3192820","1621;26813;26814;26815;26820;6130","ambiguous_multiple_entrez"
"3192912","169436","unique_entrez_id"
"3192954","11093","unique_entrez_id"
"3193227","266655","unique_entrez_id"
"3193339","6256","unique_entrez_id"
"3193482","1289","unique_entrez_id"
"3193631","2220","unique_entrez_id"
"3193725","10439","unique_entrez_id"
"3193848","157927","unique_entrez_id"
"3193870","9858","unique_entrez_id"
"3193900","51116","unique_entrez_id"
"3193959","5047","unique_entrez_id"
"3194015","392399","unique_entrez_id"
"3194284","26086","unique_entrez_id"
"3194338","23203","unique_entrez_id"
"3194395","158055","unique_entrez_id"
"3194470","406913;51162","ambiguous_multiple_entrez"
"3194567","138311","unique_entrez_id"
"3194613","85014","unique_entrez_id"
"3194635","55684;84960","ambiguous_multiple_entrez"
"3194810","29085","unique_entrez_id"
"3194832","158056","unique_entrez_id"
"3194896","7186","unique_entrez_id"
"3194969","733","unique_entrez_id"
"3194986","286256","unique_entrez_id"
"3195034","5730","unique_entrez_id"
"3195059","401562","unique_entrez_id"
"3195083","286257","unique_entrez_id"
"3195102","401563","unique_entrez_id"
"3195139","91373","unique_entrez_id"
"3195174","11253","unique_entrez_id"
"3195238","2902","unique_entrez_id"
"3195296","8636","unique_entrez_id"
"3195344","64975","unique_entrez_id"
"3195363","92714","unique_entrez_id"
"3195400","79813","unique_entrez_id"
"3195568","774","unique_entrez_id"
"3196034","157983","unique_entrez_id"
"3196691","9933","unique_entrez_id"
"3196842","5991","unique_entrez_id"
"3197014","169792","unique_entrez_id"
"3197140","169792","unique_entrez_id"
"3197231","55064","unique_entrez_id"
"3197318","101929351;50808","ambiguous_multiple_entrez"
"3197479","11172","unique_entrez_id"
"3197498","6019","unique_entrez_id"
"3197509","6013","unique_entrez_id"
"3197528","55848","unique_entrez_id"
"3197939","","unmapped_entrez"
"3197955","2731","unique_entrez_id"
"3198289","90871","unique_entrez_id"
"3198346","5789","unique_entrez_id"
"3198974","8777","unique_entrez_id"
"3199207","4781","unique_entrez_id"
"3199431","340481","unique_entrez_id"
"3199500","9350","unique_entrez_id"
"3199511","158326","unique_entrez_id"
"3199662","158219","unique_entrez_id"
"3199790","11168","unique_entrez_id"
"3200040","54796","unique_entrez_id"
"3200134","","unmapped_entrez"
"3200564","158297","unique_entrez_id"
"3200611","54801;677776","ambiguous_multiple_entrez"
"3200648","123","unique_entrez_id"
"3200689","6194","unique_entrez_id"
"3200762","25769","unique_entrez_id"
"3200982","4300","unique_entrez_id"
"3201144","3456","unique_entrez_id"
"3201170","3467","unique_entrez_id"
"3201178","3452","unique_entrez_id"
"3201188","3441;3446;3451","ambiguous_multiple_entrez"
"3201199","3444;3448","ambiguous_multiple_entrez"
"3201225","3441;3442;3446;3451;3452","ambiguous_multiple_entrez"
"3201242","3442;3446;3451;3452","ambiguous_multiple_entrez"
"3201255","3442","unique_entrez_id"
"3201277","55958","unique_entrez_id"
"3201300","3443","unique_entrez_id"
"3201319","3440","unique_entrez_id"
"3201345","407035;554202","ambiguous_multiple_entrez"
"3201359","338376","unique_entrez_id"
"3201437","1029","unique_entrez_id"
"3201488","1030","unique_entrez_id"
"3201784","1993","unique_entrez_id"
"3201999","286319","unique_entrez_id"
"3202136","79886","unique_entrez_id"
"3202171","9373","unique_entrez_id"
"3202224","64922","unique_entrez_id"
"3202293","54586","unique_entrez_id"
"3202316","79817","unique_entrez_id"
"3202421","203228","unique_entrez_id"
"3202528","100126316;158038","ambiguous_multiple_entrez"
"3203086","23586","unique_entrez_id"
"3203135","10210","unique_entrez_id"
"3203162","4712","unique_entrez_id"
"3203199","138474;6872","ambiguous_multiple_entrez"
"3203311","54840","unique_entrez_id"
"3203382","55234","unique_entrez_id"
"3203413","2683","unique_entrez_id"
"3203482","573","unique_entrez_id"
"3203524","100509620;364;375719","ambiguous_multiple_entrez"
"3203569","360","unique_entrez_id"
"3203582","65083","unique_entrez_id"
"3203636","441394","unique_entrez_id"
"3203665","11191;5728","ambiguous_multiple_entrez"
"3203753","55833","unique_entrez_id"
"3203855","25853","unique_entrez_id"
"3203935","347240","unique_entrez_id"
"3203962","347240","unique_entrez_id"
"3203990","57462","unique_entrez_id"
"3203996","84688","unique_entrez_id"
"3204019","203259;84688","ambiguous_multiple_entrez"
"3204061","375704","unique_entrez_id"
"3204149","1271","unique_entrez_id"
"3204174","138716","unique_entrez_id"
"3204202","11258;138715","ambiguous_multiple_entrez"
"3204243","10280","unique_entrez_id"
"3204261","10850;730098","ambiguous_multiple_entrez"
"3204285","6363","unique_entrez_id"
"3204301","6366","unique_entrez_id"
"3204404","7415","unique_entrez_id"
"3204463","2189","unique_entrez_id"
"3204496","84720","unique_entrez_id"
"3204534","30968","unique_entrez_id"
"3204558","80256","unique_entrez_id"
"3204610","","unmapped_entrez"
"3204648","971","unique_entrez_id"
"3204680","27240","unique_entrez_id"
"3204692","84904","unique_entrez_id"
"3204721","7169","unique_entrez_id"
"3204744","7094","unique_entrez_id"
"3204833","57704","unique_entrez_id"
"3204903","26206","unique_entrez_id"
"3204928","84681","unique_entrez_id"
"3204987","392309","unique_entrez_id"
"3205019","56656","unique_entrez_id"
"3205033","4904","unique_entrez_id"
"3205108","10020","unique_entrez_id"
"3205162","152006","unique_entrez_id"
"3205293","5079","unique_entrez_id"
"3205488","9925","unique_entrez_id"
"3205506","26267;401505","ambiguous_multiple_entrez"
"3205586","105376037;51010","ambiguous_multiple_entrez"
"3205633","92014","unique_entrez_id"
"3205659","6461","unique_entrez_id"
"3205834","100289137;253650;441459","ambiguous_multiple_entrez"
"3206317","26149;401509","ambiguous_multiple_entrez"
"3207241","102724238;387628;403323;654466","ambiguous_multiple_entrez"
"3208355","150472;220869;445571;55871;644019;653427","ambiguous_multiple_entrez"
"3208494","169693","unique_entrez_id"
"3208640","5568","unique_entrez_id"
"3208765","101929802;320","ambiguous_multiple_entrez"
"3208995","687","unique_entrez_id"
"3209060","80036","unique_entrez_id"
"3209374","","unmapped_entrez"
"3209384","23670","unique_entrez_id"
"3209497","51104","unique_entrez_id"
"3209623","7763","unique_entrez_id"
"3209726","216","unique_entrez_id"
"3210013","140803","unique_entrez_id"
"3210108","55071","unique_entrez_id"
"3210130","138199","unique_entrez_id"
"3210179","54981","unique_entrez_id"
"3210457","55312","unique_entrez_id"
"3210497","158471","unique_entrez_id"
"3210616","158471","unique_entrez_id"
"3210737","9630","unique_entrez_id"
"3210808","2776","unique_entrez_id"
"3211579","7088","unique_entrez_id"
"3211938","158158","unique_entrez_id"
"3212008","257019","unique_entrez_id"
"3212143","29979","unique_entrez_id"
"3212189","80318","unique_entrez_id"
"3212232","389765;55582","ambiguous_multiple_entrez"
"3212277","84267","unique_entrez_id"
"3212294","3190;407043","ambiguous_multiple_entrez"
"3212298","","unmapped_entrez"
"3212299","","unmapped_entrez"
"3212300","","unmapped_entrez"
"3212301","","unmapped_entrez"
"3212302","","unmapped_entrez"
"3212306","","unmapped_entrez"
"3212308","","unmapped_entrez"
"3212310","","unmapped_entrez"
"3212312","","unmapped_entrez"
"3212313","","unmapped_entrez"
"3212314","","unmapped_entrez"
"3212315","","unmapped_entrez"
"3212316","","unmapped_entrez"
"3212319","","unmapped_entrez"
"3212321","","unmapped_entrez"
"3212324","","unmapped_entrez"
"3212327","","unmapped_entrez"
"3212330","","unmapped_entrez"
"3212331","","unmapped_entrez"
"3212332","","unmapped_entrez"
"3212334","","unmapped_entrez"
"3212335","","unmapped_entrez"
"3212344","","unmapped_entrez"
"3212346","","unmapped_entrez"
"3212348","","unmapped_entrez"
"3212350","","unmapped_entrez"
"3212352","","unmapped_entrez"
"3212354","","unmapped_entrez"
"3212356","","unmapped_entrez"
"3212358","","unmapped_entrez"
"3212360","","unmapped_entrez"
"3212362","","unmapped_entrez"
"3212364","","unmapped_entrez"
"3212366","","unmapped_entrez"
"3212368","","unmapped_entrez"
"3212420","64078","unique_entrez_id"
"3212706","","unmapped_entrez"
"3212728","23287","unique_entrez_id"
"3212848","51280","unique_entrez_id"
"3212919","389766;81689","ambiguous_multiple_entrez"
"3212976","79670","unique_entrez_id"
"3213120","2619","unique_entrez_id"
"3213205","440173","unique_entrez_id"
"3213219","494127","unique_entrez_id"
"3213530","23552;90850","ambiguous_multiple_entrez"
"3213847","53358","unique_entrez_id"
"3214050","","unmapped_entrez"
"3214227","54769","unique_entrez_id"
"3214359","549","unique_entrez_id"
"3214430","","unmapped_entrez"
"3214451","4783","unique_entrez_id"
"3214496","4920","unique_entrez_id"
"3214582","10558","unique_entrez_id"
"3214668","3376","unique_entrez_id"
"3214749","55035","unique_entrez_id"
"3214800","4969","unique_entrez_id"
"3214825","4958","unique_entrez_id"
"3214845","54829","unique_entrez_id"
"3214867","1842","unique_entrez_id"
"3214926","64768","unique_entrez_id"
"3214984","23299","unique_entrez_id"
"3215146","4814","unique_entrez_id"
"3215245","158293","unique_entrez_id"
"3215395","56033","unique_entrez_id"
"3215560","8789","unique_entrez_id"
"3215570","2203","unique_entrez_id"
"3215701","2176","unique_entrez_id"
"3216023","100128782","unique_entrez_id"
"3216195","3293","unique_entrez_id"
"3216276","11046","unique_entrez_id"
"3216319","195828","unique_entrez_id"
"3216356","168448;8555","ambiguous_multiple_entrez"
"3216476","22869","unique_entrez_id"
"3216529","158431","unique_entrez_id"
"3216671","1515","unique_entrez_id"
"3216736","","unmapped_entrez"
"3216813","286359","unique_entrez_id"
"3216860","158427;7111","ambiguous_multiple_entrez"
"3216931","51531","unique_entrez_id"
"3216969","7507","unique_entrez_id"
"3217077","55363","unique_entrez_id"
"3217123","9830","unique_entrez_id"
"3217167","7464","unique_entrez_id"
"3217194","55357","unique_entrez_id"
"3217242","9568","unique_entrez_id"
"3217361","203286","unique_entrez_id"
"3217395","203286","unique_entrez_id"
"3217487","85365","unique_entrez_id"
"3217736","23071","unique_entrez_id"
"3217807","54881","unique_entrez_id"
"3218041","570","unique_entrez_id"
"3218067","54534","unique_entrez_id"
"3218077","229","unique_entrez_id"
"3218113","84302","unique_entrez_id"
"3218151","105376187;116443","ambiguous_multiple_entrez"
"3218209","5535","unique_entrez_id"
"3218474","138803","unique_entrez_id"
"3218480","138799;286362;392376","ambiguous_multiple_entrez"
"3218489","138799;392376","ambiguous_multiple_entrez"
"3218496","286362","unique_entrez_id"
"3218528","19","unique_entrez_id"
"3219030","","unmapped_entrez"
"3219215","9314","unique_entrez_id"
"3219543","10880","unique_entrez_id"
"3219547","8518","unique_entrez_id"
"3219621","8727","unique_entrez_id"
"3219682","23731;23732;407036","ambiguous_multiple_entrez"
"3219788","54566","unique_entrez_id"
"3219885","5774","unique_entrez_id"
"3220180","255220;79987","ambiguous_multiple_entrez"
"3220384","1902","unique_entrez_id"
"3220484","26248","unique_entrez_id"
"3220513","23392","unique_entrez_id"
"3220673","22949","unique_entrez_id"
"3220740","158401","unique_entrez_id"
"3220846","105376220;64420","ambiguous_multiple_entrez"
"3220977","9991","unique_entrez_id"
"3221135","58493","unique_entrez_id"
"3221205","57864","unique_entrez_id"
"3221277","100128385;169834;286333;7539","ambiguous_multiple_entrez"
"3221395","210","unique_entrez_id"
"3221543","246184","unique_entrez_id"
"3221571","138065","unique_entrez_id"
"3221598","114987","unique_entrez_id"
"3221633","81932","unique_entrez_id"
"3221646","54107","unique_entrez_id"
"3221702","","unmapped_entrez"
"3221800","259","unique_entrez_id"
"3221822","113220","unique_entrez_id"
"3221916","80709","unique_entrez_id"
"3221988","25861","unique_entrez_id"
"3222128","9966","unique_entrez_id"
"3222144","944","unique_entrez_id"
"3222170","3371","unique_entrez_id"
"3222404","58483","unique_entrez_id"
"3222534","105376242;23245","ambiguous_multiple_entrez"
"3223157","1620","unique_entrez_id"
"3223425","55755","unique_entrez_id"
"3223551","1955","unique_entrez_id"
"3223605","26190","unique_entrez_id"
"3223646","5711","unique_entrez_id"
"3223687","26147","unique_entrez_id"
"3223738","7185","unique_entrez_id"
"3223776","727","unique_entrez_id"
"3223872","51552","unique_entrez_id"
"3223903","57000","unique_entrez_id"
"3223928","2040","unique_entrez_id"
"3223967","2681","unique_entrez_id"
"3224087","158135","unique_entrez_id"
"3224197","4702","unique_entrez_id"
"3224220","26468","unique_entrez_id"
"3224259","92400","unique_entrez_id"
"3224321","347168","unique_entrez_id"
"3224331","138883","unique_entrez_id"
"3224333","138881","unique_entrez_id"
"3224336","347169","unique_entrez_id"
"3224341","5082","unique_entrez_id"
"3224366","54542","unique_entrez_id"
"3224437","10773","unique_entrez_id"
"3224442","57684","unique_entrez_id"
"3224556","81571","unique_entrez_id"
"3224591","55342","unique_entrez_id"
"3224650","105376266;105376267;57706;693186","ambiguous_multiple_entrez"
"3225003","5695","unique_entrez_id"
"3225058","2516","unique_entrez_id"
"3225096","2649","unique_entrez_id"
"3225196","11224","unique_entrez_id"
"3225197","","unmapped_entrez"
"3225198","","unmapped_entrez"
"3225199","","unmapped_entrez"
"3225204","","unmapped_entrez"
"3225207","","unmapped_entrez"
"3225215","","unmapped_entrez"
"3225224","2800;286205","ambiguous_multiple_entrez"
"3225292","286205","unique_entrez_id"
"3225348","5537","unique_entrez_id"
"3225398","3309","unique_entrez_id"
"3225456","79109","unique_entrez_id"
"3225560","51145","unique_entrez_id"
"3225855","23452","unique_entrez_id"
"3225952","64855","unique_entrez_id"
"3226005","138428","unique_entrez_id"
"3226027","27433","unique_entrez_id"
"3226041","10044","unique_entrez_id"
"3226097","2022","unique_entrez_id"
"3226138","203","unique_entrez_id"
"3226160","30815","unique_entrez_id"
"3226181","27090;30815","ambiguous_multiple_entrez"
"3226208","138429","unique_entrez_id"
"3226237","8818","unique_entrez_id"
"3226253","399665","unique_entrez_id"
"3226287","","unmapped_entrez"
"3226303","203245","unique_entrez_id"
"3226311","203245","unique_entrez_id"
"3226340","80142","unique_entrez_id"
"3226369","25792","unique_entrez_id"
"3226431","2801","unique_entrez_id"
"3226493","26995","unique_entrez_id"
"3226592","89891","unique_entrez_id"
"3226644","84885","unique_entrez_id"
"3226661","10444","unique_entrez_id"
"3226709","51490","unique_entrez_id"
"3226737","883","unique_entrez_id"
"3226789","22845","unique_entrez_id"
"3226804","56904","unique_entrez_id"
"3226844","1384","unique_entrez_id"
"3226883","389792;4247","ambiguous_multiple_entrez"
"3226975","375759","unique_entrez_id"
"3227014","140459","unique_entrez_id"
"3227070","9536","unique_entrez_id"
"3227098","1861","unique_entrez_id"
"3227121","51759","unique_entrez_id"
"3227159","23048","unique_entrez_id"
"3227288","401554","unique_entrez_id"
"3227454","347148","unique_entrez_id"
"3227482","84929","unique_entrez_id"
"3227574","286336","unique_entrez_id"
"3227634","","unmapped_entrez"
"3227645","83549","unique_entrez_id"
"3227696","2889","unique_entrez_id"
"3227816","2889","unique_entrez_id"
"3227846","441089;9442","ambiguous_multiple_entrez"
"3228007","23064","unique_entrez_id"
"3228097","7270","unique_entrez_id"
"3228191","64794","unique_entrez_id"
"3228279","158067","unique_entrez_id"
"3228373","7248","unique_entrez_id"
"3228463","5900","unique_entrez_id"
"3228523","26301","unique_entrez_id"
"3228545","29989;29991","ambiguous_multiple_entrez"
"3228582","28","unique_entrez_id"
"3228621","6838","unique_entrez_id"
"3228813","1757","unique_entrez_id"
"3228884","7410","unique_entrez_id"
"3229042","8019","unique_entrez_id"
"3229338","2219;2220","ambiguous_multiple_entrez"
"3229449","138162","unique_entrez_id"
"3229478","360203","unique_entrez_id"
"3229529","157922","unique_entrez_id"
"3229591","10422","unique_entrez_id"
"3229628","138151","unique_entrez_id"
"3229741","8022","unique_entrez_id"
"3229797","169714","unique_entrez_id"
"3229837","64170;728489","ambiguous_multiple_entrez"
"3229880","6621","unique_entrez_id"
"3229943","10807","unique_entrez_id"
"3229994","56623","unique_entrez_id"
"3230141","4851","unique_entrez_id"
"3230282","10555","unique_entrez_id"
"3230332","677804;677824;84973","ambiguous_multiple_entrez"
"3230371","414332","unique_entrez_id"
"3230397","158062","unique_entrez_id"
"3230414","138307","unique_entrez_id"
"3230440","389812","unique_entrez_id"
"3230490","105376326;8721","ambiguous_multiple_entrez"
"3230530","54461","unique_entrez_id"
"3230594","9022","unique_entrez_id"
"3230610","20","unique_entrez_id"
"3230689","2529","unique_entrez_id"
"3230697","56654","unique_entrez_id"
"3230733","954","unique_entrez_id"
"3230760","89958","unique_entrez_id"
"3230811","29952","unique_entrez_id"
"3230894","29882","unique_entrez_id"
"3230932","286262","unique_entrez_id"
"3231010","375775","unique_entrez_id"
"3231121","92715","unique_entrez_id"
"3231157","116225","unique_entrez_id"
"3231186","85026","unique_entrez_id"
"3231389","10771","unique_entrez_id"
"3231774","23560;91734","ambiguous_multiple_entrez"
"3231835","55853","unique_entrez_id"
"3231846","22884;399706","ambiguous_multiple_entrez"
"3232349","5214","unique_entrez_id"
"3232944","83592","unique_entrez_id"
"3232979","101928051;1645;1646;8644","ambiguous_multiple_entrez"
"3233049","1645;1646;8644","ambiguous_multiple_entrez"
"3233119","1109","unique_entrez_id"
"3233157","114131","unique_entrez_id"
"3233182","10276","unique_entrez_id"
"3233242","810","unique_entrez_id"
"3233322","54906","unique_entrez_id"
"3233431","84893","unique_entrez_id"
"3233547","84991","unique_entrez_id"
"3233605","5209","unique_entrez_id"
"3233686","","unmapped_entrez"
"3234083","3698","unique_entrez_id"
"3234140","509","unique_entrez_id"
"3234277","2625","unique_entrez_id"
"3234760","10659","unique_entrez_id"
"3235235","107984208","unique_entrez_id"
"3235255","79746","unique_entrez_id"
"3235293","254427","unique_entrez_id"
"3235373","55526","unique_entrez_id"
"3235414","55176","unique_entrez_id"
"3235461","8872","unique_entrez_id"
"3235516","57118","unique_entrez_id"
"3235726","10133","unique_entrez_id"
"3235789","55388","unique_entrez_id"
"3235932","8559","unique_entrez_id"
"3236395","51182","unique_entrez_id"
"3236448","79723","unique_entrez_id"
"3236505","55301","unique_entrez_id"
"3236538","105376431;10557","ambiguous_multiple_entrez"
"3236786","9317","unique_entrez_id"
"3236958","7431","unique_entrez_id"
"3237088","8027","unique_entrez_id"
"3237352","221074","unique_entrez_id"
"3237396","783","unique_entrez_id"
"3237548","221079","unique_entrez_id"
"3237788","84898","unique_entrez_id"
"3238231","8028","unique_entrez_id"
"3238466","100532731;23412","ambiguous_multiple_entrez"
"3238491","100532731;648","ambiguous_multiple_entrez"
"3238528","105376450;9576","ambiguous_multiple_entrez"
"3238702","219681","unique_entrez_id"
"3238761","22921","unique_entrez_id"
"3238835","256297","unique_entrez_id"
"3238962","100169750;56243","ambiguous_multiple_entrez"
"3239380","79896","unique_entrez_id"
"3239437","57512","unique_entrez_id"
"3239584","53904","unique_entrez_id"
"3239667","2572","unique_entrez_id"
"3239760","54518","unique_entrez_id"
"3239891","23590","unique_entrez_id"
"3240012","84930","unique_entrez_id"
"3240095","22931","unique_entrez_id"
"3240340","51322","unique_entrez_id"
"3240452","25805","unique_entrez_id"
"3240532","283080","unique_entrez_id"
"3240987","1326","unique_entrez_id"
"3241316","6935","unique_entrez_id"
"3241489","","unmapped_entrez"
"3241601","79741","unique_entrez_id"
"3242353","1390","unique_entrez_id"
"3242425","219771","unique_entrez_id"
"3242555","219770","unique_entrez_id"
"3242839","105376497;374860;91074","ambiguous_multiple_entrez"
"3243078","105376499;7581;7582","ambiguous_multiple_entrez"
"3243164","7587","unique_entrez_id"
"3243262","100288069;101929823;158160;51478;729218;79802","ambiguous_multiple_entrez"
"3243581","84856","unique_entrez_id"
"3243708","113939912;113939925;119385;399761;642826;729096;96610;9790","ambiguous_multiple_entrez"
"3243846","5979","unique_entrez_id"
"3243908","55454","unique_entrez_id"
"3244008","53828","unique_entrez_id"
"3244055","642819","unique_entrez_id"
"3244061","220992;642819","ambiguous_multiple_entrez"
"3244488","83937","unique_entrez_id"
"3244539","7570","unique_entrez_id"
"3244622","240","unique_entrez_id"
"3245483","118738","unique_entrez_id"
"3245682","5599","unique_entrez_id"
"3245783","57705","unique_entrez_id"
"3245881","57705","unique_entrez_id"
"3246046","118461","unique_entrez_id"
"3246141","1103","unique_entrez_id"
"3246182","6572","unique_entrez_id"
"3246188","282966","unique_entrez_id"
"3246372","8031","unique_entrez_id"
"3246407","4477","unique_entrez_id"
"3246888","5592","unique_entrez_id"
"3247172","22943","unique_entrez_id"
"3247712","55847","unique_entrez_id"
"3247757","7321","unique_entrez_id"
"3247784","105378316;7019","ambiguous_multiple_entrez"
"3247818","728640;80114","ambiguous_multiple_entrez"
"3247977","84457","unique_entrez_id"
"3248289","983","unique_entrez_id"
"3248470","219621","unique_entrez_id"
"3248661","22891","unique_entrez_id"
"3248824","84890","unique_entrez_id"
"3248897","29982","unique_entrez_id"
"3248986","84989","unique_entrez_id"
"3248999","101929846;221035","ambiguous_multiple_entrez"
"3249043","221035","unique_entrez_id"
"3249171","305","unique_entrez_id"
"3249369","347731","unique_entrez_id"
"3249587","23411","unique_entrez_id"
"3249641","84665","unique_entrez_id"
"3249738","3189","unique_entrez_id"
"3249788","55749","unique_entrez_id"
"3249886","80312","unique_entrez_id"
"3249978","219736;79009","ambiguous_multiple_entrez"
"3250019","79009","unique_entrez_id"
"3250055","9188","unique_entrez_id"
"3250093","26128","unique_entrez_id"
"3250146","5552","unique_entrez_id"
"3250168","9559","unique_entrez_id"
"3250204","6832","unique_entrez_id"
"3250237","80201","unique_entrez_id"
"3250278","3098","unique_entrez_id"
"3250373","23555","unique_entrez_id"
"3250438","219738","unique_entrez_id"
"3250486","1305","unique_entrez_id"
"3250602","55506","unique_entrez_id"
"3250650","","unmapped_entrez"
"3250699","1979","unique_entrez_id"
"3250726","27143","unique_entrez_id"
"3250798","","unmapped_entrez"
"3250806","140766","unique_entrez_id"
"3250863","8879","unique_entrez_id"
"3250990","219699","unique_entrez_id"
"3251023","55315","unique_entrez_id"
"3251068","64072","unique_entrez_id"
"3251298","9469","unique_entrez_id"
"3251353","119504","unique_entrez_id"
"3251393","54541","unique_entrez_id"
"3251490","90550","unique_entrez_id"
"3251566","170392","unique_entrez_id"
"3251619","25961","unique_entrez_id"
"3251648","317662","unique_entrez_id"
"3251848","170384;9632","ambiguous_multiple_entrez"
"3251916","118487","unique_entrez_id"
"3251926","23053","unique_entrez_id"
"3252036","5328","unique_entrez_id"
"3252071","7414","unique_entrez_id"
"3252170","132","unique_entrez_id"
"3252382","23522","unique_entrez_id"
"3252534","142891","unique_entrez_id"
"3252577","51232;7417","ambiguous_multiple_entrez"
"3252690","83938","unique_entrez_id"
"3253438","6229","unique_entrez_id"
"3253443","","unmapped_entrez"
"3253444","","unmapped_entrez"
"3253445","","unmapped_entrez"
"3253447","","unmapped_entrez"
"3253452","","unmapped_entrez"
"3253453","","unmapped_entrez"
"3253459","","unmapped_entrez"
"3253461","","unmapped_entrez"
"3253683","57178","unique_entrez_id"
"3253880","10105","unique_entrez_id"
"3254091","100288974;113939912;113939925;399761;642826;729096;8512","ambiguous_multiple_entrez"
"3254337","80195","unique_entrez_id"
"3254468","84332","unique_entrez_id"
"3254488","84293","unique_entrez_id"
"3254521","81619","unique_entrez_id"
"3254609","387694","unique_entrez_id"
"3255220","27069","unique_entrez_id"
"3255284","387695","unique_entrez_id"
"3255311","92211","unique_entrez_id"
"3255361","5995","unique_entrez_id"
"3255402","3842;54462","ambiguous_multiple_entrez"
"3255506","","unmapped_entrez"
"3255507","","unmapped_entrez"
"3255508","","unmapped_entrez"
"3255509","","unmapped_entrez"
"3255510","","unmapped_entrez"
"3255511","","unmapped_entrez"
"3255512","","unmapped_entrez"
"3255513","","unmapped_entrez"
"3255514","","unmapped_entrez"
"3255938","11155;94233","ambiguous_multiple_entrez"
"3255972","11155","unique_entrez_id"
"3256074","657","unique_entrez_id"
"3256164","6623","unique_entrez_id"
"3256192","10974;119385","ambiguous_multiple_entrez"
"3256221","100132929;100133093;113939912;113939925;119016;119385;399761;414189;414224;642517;642826;643161;644054;653268;729092;729096;9790","ambiguous_multiple_entrez"
"3256279","414241;439965;54537","ambiguous_multiple_entrez"
"3256560","9562","unique_entrez_id"
"3256590","9060","unique_entrez_id"
"3256669","142913","unique_entrez_id"
"3256689","11191;5728","ambiguous_multiple_entrez"
"3256914","8513","unique_entrez_id"
"3257031","355;57559","ambiguous_multiple_entrez"
"3257098","355","unique_entrez_id"
"3257192","3433","unique_entrez_id"
"3257204","3437","unique_entrez_id"
"3257246","3434","unique_entrez_id"
"3257268","24138","unique_entrez_id"
"3257338","9585","unique_entrez_id"
"3257559","10556","unique_entrez_id"
"3257670","105378429;84333","ambiguous_multiple_entrez"
"3257750","143279","unique_entrez_id"
"3257850","80351","unique_entrez_id"
"3257938","9044","unique_entrez_id"
"3258092","54708","unique_entrez_id"
"3258168","3832","unique_entrez_id"
"3258221","3087","unique_entrez_id"
"3258260","54536","unique_entrez_id"
"3258357","340665","unique_entrez_id"
"3258384","1592","unique_entrez_id"
"3258444","55165","unique_entrez_id"
"3258477","51196","unique_entrez_id"
"3258625","338557","unique_entrez_id"
"3258671","5146","unique_entrez_id"
"3258713","9211","unique_entrez_id"
"3258772","159371","unique_entrez_id"
"3258910","3070","unique_entrez_id"
"3258966","1562","unique_entrez_id"
"3258997","1557","unique_entrez_id"
"3259019","1557;1559","ambiguous_multiple_entrez"
"3259087","142827","unique_entrez_id"
"3259253","387707;953","ambiguous_multiple_entrez"
"3259367","387707","unique_entrez_id"
"3259400","54619","unique_entrez_id"
"3259503","1791","unique_entrez_id"
"3259631","84458","unique_entrez_id"
"3259703","84458","unique_entrez_id"
"3259785","10023","unique_entrez_id"
"3259836","84287","unique_entrez_id"
"3259888","80019","unique_entrez_id"
"3259920","26287","unique_entrez_id"
"3259937","112817","unique_entrez_id"
"3259959","414157","unique_entrez_id"
"3259978","55361","unique_entrez_id"
"3260001","83742","unique_entrez_id"
"3260018","118813","unique_entrez_id"
"3260099","27291","unique_entrez_id"
"3260265","26507","unique_entrez_id"
"3260338","159296","unique_entrez_id"
"3260383","57089","unique_entrez_id"
"3260423","51076","unique_entrez_id"
"3260447","1244","unique_entrez_id"
"3260586","6319","unique_entrez_id"
"3260636","7479","unique_entrez_id"
"3260666","55662","unique_entrez_id"
"3260700","5076","unique_entrez_id"
"3260829","55719","unique_entrez_id"
"3260895","57715","unique_entrez_id"
"3260937","56652","unique_entrez_id"
"3260957","84445","unique_entrez_id"
"3260985","81855","unique_entrez_id"
"3261009","81621","unique_entrez_id"
"3261053","","unmapped_entrez"
"3261063","3195","unique_entrez_id"
"3261165","8945","unique_entrez_id"
"3261255","25911","unique_entrez_id"
"3261419","79803","unique_entrez_id"
"3261447","23082","unique_entrez_id"
"3261492","9221","unique_entrez_id"
"3261532","83401","unique_entrez_id"
"3261544","8729","unique_entrez_id"
"3261643","4791","unique_entrez_id"
"3261723","79847","unique_entrez_id"
"3261765","51684","unique_entrez_id"
"3261820","81603","unique_entrez_id"
"3261859","118980","unique_entrez_id"
"3261886","102724307;54838","ambiguous_multiple_entrez"
"3261923","100528007;57412","ambiguous_multiple_entrez"
"3261952","100528007;119032","ambiguous_multiple_entrez"
"3261971","54805","unique_entrez_id"
"3262129","9118","unique_entrez_id"
"3262165","6877","unique_entrez_id"
"3262198","22984","unique_entrez_id"
"3262279","9148","unique_entrez_id"
"3262433","9748","unique_entrez_id"
"3262490","119392","unique_entrez_id"
"3262509","9446","unique_entrez_id"
"3262535","119391","unique_entrez_id"
"3262715","22986","unique_entrez_id"
"3263555","120","unique_entrez_id"
"3263624","4601","unique_entrez_id"
"3263743","1847","unique_entrez_id"
"3263790","9126","unique_entrez_id"
"3263944","27250","unique_entrez_id"
"3264004","8036","unique_entrez_id"
"3264059","150","unique_entrez_id"
"3264299","102466189;6975","ambiguous_multiple_entrez"
"3264326","51703","unique_entrez_id"
"3264391","103344931;143187","ambiguous_multiple_entrez"
"3264621","6934","unique_entrez_id"
"3264744","","unmapped_entrez"
"3264777","3026","unique_entrez_id"
"3264948","840","unique_entrez_id"
"3264997","79949","unique_entrez_id"
"3265047","105378492;153;374354","ambiguous_multiple_entrez"
"3265133","374354","unique_entrez_id"
"3265140","153","unique_entrez_id"
"3265175","56165","unique_entrez_id"
"3265224","340706","unique_entrez_id"
"3265432","57700","unique_entrez_id"
"3265494","142940","unique_entrez_id"
"3265565","26033","unique_entrez_id"
"3265809","374355","unique_entrez_id"
"3265875","5406","unique_entrez_id"
"3265918","5407","unique_entrez_id"
"3265952","5408","unique_entrez_id"
"3266253","338567","unique_entrez_id"
"3266279","6571","unique_entrez_id"
"3266408","2018","unique_entrez_id"
"3266583","255082","unique_entrez_id"
"3266934","340719","unique_entrez_id"
"3267036","101927868;2869","ambiguous_multiple_entrez"
"3267273","2869","unique_entrez_id"
"3267314","9531","unique_entrez_id"
"3267382","22876","unique_entrez_id"
"3267455","11196","unique_entrez_id"
"3267678","55717","unique_entrez_id"
"3268059","10579","unique_entrez_id"
"3268222","118663","unique_entrez_id"
"3268274","59338","unique_entrez_id"
"3268333","5654","unique_entrez_id"
"3268389","375940","unique_entrez_id"
"3268548","118672","unique_entrez_id"
"3268588","36","unique_entrez_id"
"3268669","9184","unique_entrez_id"
"3268865","2849","unique_entrez_id"
"3268895","2849","unique_entrez_id"
"3269065","64077","unique_entrez_id"
"3269280","23172","unique_entrez_id"
"3269328","54764","unique_entrez_id"
"3269373","54764","unique_entrez_id"
"3269587","26098","unique_entrez_id"
"3269662","56647","unique_entrez_id"
"3269694","92565","unique_entrez_id"
"3269939","1793","unique_entrez_id"
"3270224","399823","unique_entrez_id"
"3270270","5791","unique_entrez_id"
"3270840","105378560;4255","ambiguous_multiple_entrez"
"3271009","","unmapped_entrez"
"3271018","10539","unique_entrez_id"
"3271220","119437","unique_entrez_id"
"3271687","55844","unique_entrez_id"
"3271864","282973","unique_entrez_id"
"3271910","10570","unique_entrez_id"
"3272027","80313","unique_entrez_id"
"3272106","170394","unique_entrez_id"
"3272148","170393","unique_entrez_id"
"3272205","3632","unique_entrez_id"
"3272455","84435","unique_entrez_id"
"3272566","85442","unique_entrez_id"
"3272686","8433","unique_entrez_id"
"3272706","27287","unique_entrez_id"
"3272736","104326056;118472","ambiguous_multiple_entrez"
"3272761","104326056;118471","ambiguous_multiple_entrez"
"3272795","196743","unique_entrez_id"
"3272834","92170","unique_entrez_id"
"3272981","1571","unique_entrez_id"
"3273251","22982","unique_entrez_id"
"3273484","23185","unique_entrez_id"
"3273578","91734","unique_entrez_id"
"3273601","3422","unique_entrez_id"
"3273667","105;105376344","ambiguous_multiple_entrez"
"3274173","10531;105376356","ambiguous_multiple_entrez"
"3274361","105376361;1316","ambiguous_multiple_entrez"
"3274640","","unmapped_entrez"
"3274716","389932","unique_entrez_id"
"3274758","1645;1646;8644","ambiguous_multiple_entrez"
"3274898","79861","unique_entrez_id"
"3274934","51806","unique_entrez_id"
"3275042","79754","unique_entrez_id"
"3275132","2665","unique_entrez_id"
"3275139","","unmapped_entrez"
"3275141","","unmapped_entrez"
"3275143","","unmapped_entrez"
"3275145","","unmapped_entrez"
"3275147","","unmapped_entrez"
"3275148","","unmapped_entrez"
"3275150","","unmapped_entrez"
"3275151","","unmapped_entrez"
"3275154","","unmapped_entrez"
"3275156","","unmapped_entrez"
"3275157","","unmapped_entrez"
"3275161","","unmapped_entrez"
"3275162","","unmapped_entrez"
"3275165","","unmapped_entrez"
"3275166","","unmapped_entrez"
"3275168","","unmapped_entrez"
"3275173","","unmapped_entrez"
"3275174","","unmapped_entrez"
"3275175","","unmapped_entrez"
"3275180","","unmapped_entrez"
"3275188","","unmapped_entrez"
"3275190","","unmapped_entrez"
"3275192","","unmapped_entrez"
"3275194","","unmapped_entrez"
"3275196","","unmapped_entrez"
"3275198","","unmapped_entrez"
"3275200","","unmapped_entrez"
"3275202","","unmapped_entrez"
"3275204","","unmapped_entrez"
"3275206","","unmapped_entrez"
"3275208","","unmapped_entrez"
"3275210","","unmapped_entrez"
"3275212","","unmapped_entrez"
"3275214","","unmapped_entrez"
"3275216","","unmapped_entrez"
"3275218","","unmapped_entrez"
"3275220","","unmapped_entrez"
"3275222","","unmapped_entrez"
"3275224","","unmapped_entrez"
"3275226","","unmapped_entrez"
"3275228","","unmapped_entrez"
"3275230","","unmapped_entrez"
"3275232","","unmapped_entrez"
"3275234","","unmapped_entrez"
"3275236","","unmapped_entrez"
"3275238","","unmapped_entrez"
"3275240","","unmapped_entrez"
"3275242","","unmapped_entrez"
"3275244","","unmapped_entrez"
"3275246","","unmapped_entrez"
"3275248","","unmapped_entrez"
"3275250","","unmapped_entrez"
"3275252","","unmapped_entrez"
"3275254","","unmapped_entrez"
"3275256","","unmapped_entrez"
"3275258","","unmapped_entrez"
"3275260","","unmapped_entrez"
"3275262","","unmapped_entrez"
"3275264","","unmapped_entrez"
"3275266","","unmapped_entrez"
"3275268","","unmapped_entrez"
"3275270","","unmapped_entrez"
"3275272","","unmapped_entrez"
"3275274","","unmapped_entrez"
"3275276","","unmapped_entrez"
"3275278","","unmapped_entrez"
"3275280","","unmapped_entrez"
"3275282","","unmapped_entrez"
"3275284","","unmapped_entrez"
"3275286","","unmapped_entrez"
"3275288","","unmapped_entrez"
"3275290","","unmapped_entrez"
"3275292","","unmapped_entrez"
"3275294","","unmapped_entrez"
"3275296","","unmapped_entrez"
"3275298","","unmapped_entrez"
"3275300","","unmapped_entrez"
"3275302","","unmapped_entrez"
"3275304","","unmapped_entrez"
"3275306","","unmapped_entrez"
"3275308","","unmapped_entrez"
"3275310","","unmapped_entrez"
"3275312","","unmapped_entrez"
"3275314","","unmapped_entrez"
"3275316","","unmapped_entrez"
"3275318","","unmapped_entrez"
"3275320","","unmapped_entrez"
"3275322","","unmapped_entrez"
"3275324","","unmapped_entrez"
"3275326","","unmapped_entrez"
"3275328","","unmapped_entrez"
"3275330","","unmapped_entrez"
"3275332","","unmapped_entrez"
"3275334","","unmapped_entrez"
"3275336","","unmapped_entrez"
"3275338","","unmapped_entrez"
"3275340","","unmapped_entrez"
"3275342","","unmapped_entrez"
"3275344","","unmapped_entrez"
"3275346","","unmapped_entrez"
"3275348","","unmapped_entrez"
"3275350","","unmapped_entrez"
"3275352","","unmapped_entrez"
"3275354","","unmapped_entrez"
"3275356","","unmapped_entrez"
"3275358","","unmapped_entrez"
"3275360","","unmapped_entrez"
"3275362","","unmapped_entrez"
"3275364","","unmapped_entrez"
"3275366","","unmapped_entrez"
"3275368","","unmapped_entrez"
"3275370","","unmapped_entrez"
"3275372","","unmapped_entrez"
"3275374","","unmapped_entrez"
"3275376","","unmapped_entrez"
"3275378","","unmapped_entrez"
"3275380","","unmapped_entrez"
"3275382","","unmapped_entrez"
"3275384","","unmapped_entrez"
"3275386","","unmapped_entrez"
"3275388","","unmapped_entrez"
"3275390","","unmapped_entrez"
"3275392","","unmapped_entrez"
"3275394","","unmapped_entrez"
"3275396","","unmapped_entrez"
"3275398","","unmapped_entrez"
"3275400","","unmapped_entrez"
"3275402","","unmapped_entrez"
"3275404","","unmapped_entrez"
"3275406","","unmapped_entrez"
"3275408","","unmapped_entrez"
"3275410","","unmapped_entrez"
"3275412","","unmapped_entrez"
"3275414","","unmapped_entrez"
"3275416","","unmapped_entrez"
"3275418","","unmapped_entrez"
"3275420","","unmapped_entrez"
"3275422","","unmapped_entrez"
"3275424","","unmapped_entrez"
"3275426","","unmapped_entrez"
"3275428","","unmapped_entrez"
"3275430","","unmapped_entrez"
"3275432","","unmapped_entrez"
"3275434","","unmapped_entrez"
"3275436","","unmapped_entrez"
"3275438","","unmapped_entrez"
"3275440","","unmapped_entrez"
"3275442","","unmapped_entrez"
"3275444","","unmapped_entrez"
"3275446","","unmapped_entrez"
"3275448","","unmapped_entrez"
"3275450","","unmapped_entrez"
"3275452","","unmapped_entrez"
"3275454","","unmapped_entrez"
"3275456","","unmapped_entrez"
"3275458","","unmapped_entrez"
"3275460","","unmapped_entrez"
"3275462","","unmapped_entrez"
"3275464","","unmapped_entrez"
"3275466","","unmapped_entrez"
"3275468","","unmapped_entrez"
"3275470","","unmapped_entrez"
"3275472","","unmapped_entrez"
"3275474","","unmapped_entrez"
"3275476","","unmapped_entrez"
"3275478","","unmapped_entrez"
"3275480","","unmapped_entrez"
"3275482","","unmapped_entrez"
"3275484","","unmapped_entrez"
"3275486","","unmapped_entrez"
"3275488","","unmapped_entrez"
"3275490","","unmapped_entrez"
"3275492","","unmapped_entrez"
"3275494","","unmapped_entrez"
"3275496","","unmapped_entrez"
"3275498","","unmapped_entrez"
"3275500","","unmapped_entrez"
"3275502","","unmapped_entrez"
"3275504","","unmapped_entrez"
"3275506","","unmapped_entrez"
"3275508","","unmapped_entrez"
"3275510","","unmapped_entrez"
"3275512","","unmapped_entrez"
"3275514","","unmapped_entrez"
"3275516","","unmapped_entrez"
"3275518","","unmapped_entrez"
"3275520","","unmapped_entrez"
"3275522","","unmapped_entrez"
"3275524","","unmapped_entrez"
"3275526","","unmapped_entrez"
"3275528","","unmapped_entrez"
"3275530","","unmapped_entrez"
"3275532","","unmapped_entrez"
"3275534","","unmapped_entrez"
"3275536","","unmapped_entrez"
"3275538","","unmapped_entrez"
"3275540","","unmapped_entrez"
"3275542","","unmapped_entrez"
"3275544","","unmapped_entrez"
"3275546","","unmapped_entrez"
"3275548","","unmapped_entrez"
"3275550","","unmapped_entrez"
"3275552","","unmapped_entrez"
"3275554","","unmapped_entrez"
"3275556","","unmapped_entrez"
"3275558","","unmapped_entrez"
"3275560","","unmapped_entrez"
"3275562","","unmapped_entrez"
"3275564","","unmapped_entrez"
"3275566","","unmapped_entrez"
"3275568","","unmapped_entrez"
"3275570","","unmapped_entrez"
"3275572","","unmapped_entrez"
"3275574","","unmapped_entrez"
"3275576","","unmapped_entrez"
"3275578","","unmapped_entrez"
"3275580","","unmapped_entrez"
"3275582","","unmapped_entrez"
"3275584","","unmapped_entrez"
"3275586","","unmapped_entrez"
"3275588","","unmapped_entrez"
"3275590","","unmapped_entrez"
"3275592","","unmapped_entrez"
"3275594","","unmapped_entrez"
"3275596","","unmapped_entrez"
"3275598","","unmapped_entrez"
"3275600","","unmapped_entrez"
"3275602","","unmapped_entrez"
"3275604","","unmapped_entrez"
"3275606","","unmapped_entrez"
"3275608","","unmapped_entrez"
"3275610","","unmapped_entrez"
"3275611","54522","unique_entrez_id"
"3275690","3601","unique_entrez_id"
"3275729","3559","unique_entrez_id"
"3275922","5588","unique_entrez_id"
"3276337","80760","unique_entrez_id"
"3276421","22944","unique_entrez_id"
"3276538","399717","unique_entrez_id"
"3277468","9712","unique_entrez_id"
"3277662","26019","unique_entrez_id"
"3277751","11164","unique_entrez_id"
"3278057","83643","unique_entrez_id"
"3278176","221044","unique_entrez_id"
"3278198","5264","unique_entrez_id"
"3278234","22929","unique_entrez_id"
"3278305","222389","unique_entrez_id"
"3278401","55691","unique_entrez_id"
"3278813","83641","unique_entrez_id"
"3278977","64421","unique_entrez_id"
"3279058","108949267;414149","ambiguous_multiple_entrez"
"3279089","221060","unique_entrez_id"
"3279108","100192204;9397","ambiguous_multiple_entrez"
"3279313","8516","unique_entrez_id"
"3279410","80013","unique_entrez_id"
"3279575","6251","unique_entrez_id"
"3279698","8029","unique_entrez_id"
"3279857","1787","unique_entrez_id"
"3279982","9200","unique_entrez_id"
"3280224","221078","unique_entrez_id"
"3280573","10529","unique_entrez_id"
"3280787","387640","unique_entrez_id"
"3280902","64215","unique_entrez_id"
"3281068","5305","unique_entrez_id"
"3281358","256815","unique_entrez_id"
"3281621","57584","unique_entrez_id"
"3281703","56952","unique_entrez_id"
"3281762","219670","unique_entrez_id"
"3282016","10006","unique_entrez_id"
"3282117","22852","unique_entrez_id"
"3282213","10730","unique_entrez_id"
"3282268","387646;91452","ambiguous_multiple_entrez"
"3282463","283078","unique_entrez_id"
"3282519","101060171;55130","ambiguous_multiple_entrez"
"3282601","143098","unique_entrez_id"
"3282974","645954;6840;693189","ambiguous_multiple_entrez"
"3283378","55149;729668","ambiguous_multiple_entrez"
"3283613","220929","unique_entrez_id"
"3283920","94134","unique_entrez_id"
"3283991","3799","unique_entrez_id"
"3284073","80314","unique_entrez_id"
"3284188","3688","unique_entrez_id"
"3284302","8829","unique_entrez_id"
"3284596","56288","unique_entrez_id"
"3284882","8453","unique_entrez_id"
"3285119","8325","unique_entrez_id"
"3285552","11011;57209","ambiguous_multiple_entrez"
"3285614","219749","unique_entrez_id"
"3285926","100129482;441666;7581;7582;7587","ambiguous_multiple_entrez"
"3286211","221002","unique_entrez_id"
"3286286","3185","unique_entrez_id"
"3286343","8187","unique_entrez_id"
"3286393","7580","unique_entrez_id"
"3286602","6387","unique_entrez_id"
"3286776","11067","unique_entrez_id"
"3286792","220979;7570","ambiguous_multiple_entrez"
"3286895","79290","unique_entrez_id"
"3286921","220972","unique_entrez_id"
"3286975","93550","unique_entrez_id"
"3287767","5949","unique_entrez_id"
"3287781","2658","unique_entrez_id"
"3287789","2662","unique_entrez_id"
"3288013","100288974;113939912;113939925;119016;119385;399761;414189;414224;642517;642826;653268;729092;729096;9790","ambiguous_multiple_entrez"
"3288224","143162;728798","ambiguous_multiple_entrez"
"3288337","100689073;58504","ambiguous_multiple_entrez"
"3288482","474354","unique_entrez_id"
"3288518","196740","unique_entrez_id"
"3288707","2074;267004","ambiguous_multiple_entrez"
"3288803","55753","unique_entrez_id"
"3288845","101928608;102724431;102724818;119016;119385;399761;414189;414224;442028;642517;653268;728407;729092;8505","ambiguous_multiple_entrez"
"3289031","100287932;100652748","ambiguous_multiple_entrez"
"3289189","56624;653308","ambiguous_multiple_entrez"
"3289235","259230","unique_entrez_id"
"3289337","","unmapped_entrez"
"3289392","","unmapped_entrez"
"3289445","29974","unique_entrez_id"
"3289631","23283","unique_entrez_id"
"3289774","4153","unique_entrez_id"
"3289948","65217","unique_entrez_id"
"3290210","11130","unique_entrez_id"
"3290368","253430","unique_entrez_id"
"3290649","220965","unique_entrez_id"
"3290746","220963","unique_entrez_id"
"3290785","8030","unique_entrez_id"
"3290875","288","unique_entrez_id"
"3291151","9886","unique_entrez_id"
"3291281","219623","unique_entrez_id"
"3291435","219790","unique_entrez_id"
"3291601","1959","unique_entrez_id"
"3291682","221037","unique_entrez_id"
"3292169","29119","unique_entrez_id"
"3292413","56521","unique_entrez_id"
"3292448","100009667;26091","ambiguous_multiple_entrez"
"3292561","220202","unique_entrez_id"
"3292590","64081","unique_entrez_id"
"3292634","55680","unique_entrez_id"
"3292735","8034","unique_entrez_id"
"3292779","","unmapped_entrez"
"3292946","6865","unique_entrez_id"
"3293014","50674","unique_entrez_id"
"3293187","84883","unique_entrez_id"
"3293215","219743","unique_entrez_id"
"3293244","56681","unique_entrez_id"
"3293280","5464","unique_entrez_id"
"3293312","64106","unique_entrez_id"
"3293341","55222","unique_entrez_id"
"3293390","4838","unique_entrez_id"
"3293435","5551","unique_entrez_id"
"3293469","219793","unique_entrez_id"
"3293537","5092","unique_entrez_id"
"3293724","64115","unique_entrez_id"
"3293762","5660","unique_entrez_id"
"3293840","9806","unique_entrez_id"
"3293887","51008","unique_entrez_id"
"3293963","54788","unique_entrez_id"
"3293998","10367","unique_entrez_id"
"3294142","84647","unique_entrez_id"
"3294159","5033","unique_entrez_id"
"3294231","","unmapped_entrez"
"3294242","11319","unique_entrez_id"
"3294280","23234","unique_entrez_id"
"3294348","51021","unique_entrez_id"
"3294361","118491","unique_entrez_id"
"3294438","310","unique_entrez_id"
"3294476","118490","unique_entrez_id"
"3294499","5532","unique_entrez_id"
"3294576","159195","unique_entrez_id"
"3294652","58529","unique_entrez_id"
"3294668","79933","unique_entrez_id"
"3294816","100507331;8509","ambiguous_multiple_entrez"
"3294854","818","unique_entrez_id"
"3294959","414236","unique_entrez_id"
"3295032","26985","unique_entrez_id"
"3295235","338599","unique_entrez_id"
"3295267","51207","unique_entrez_id"
"3295331","118881","unique_entrez_id"
"3295376","84858","unique_entrez_id"
"3296046","3778","unique_entrez_id"
"3296386","9231","unique_entrez_id"
"3296512","11128","unique_entrez_id"
"3296981","219654","unique_entrez_id"
"3297536","311","unique_entrez_id"
"3297632","4143","unique_entrez_id"
"3297666","143241","unique_entrez_id"
"3298337","26103","unique_entrez_id"
"3298557","2894","unique_entrez_id"
"3298738","23063","unique_entrez_id"
"3298924","100133190;79812","ambiguous_multiple_entrez"
"3298977","2746;2747","ambiguous_multiple_entrez"
"3299255","84896","unique_entrez_id"
"3299408","55328","unique_entrez_id"
"3299469","118932","unique_entrez_id"
"3299504","100302740;59","ambiguous_multiple_entrez"
"3299578","9023","unique_entrez_id"
"3299585","101926887;105378419;3988","ambiguous_multiple_entrez"
"3299661","387700","unique_entrez_id"
"3299705","406901;53354","ambiguous_multiple_entrez"
"3299782","283011","unique_entrez_id"
"3299945","3363","unique_entrez_id"
"3299970","27063","unique_entrez_id"
"3300038","119369","unique_entrez_id"
"3300115","100188947;5507","ambiguous_multiple_entrez"
"3300211","143282","unique_entrez_id"
"3300242","22849","unique_entrez_id"
"3300350","3416","unique_entrez_id"
"3300597","26509","unique_entrez_id"
"3300749","5950","unique_entrez_id"
"3300793","118924","unique_entrez_id"
"3300869","206426;266971;5710;8394","ambiguous_multiple_entrez"
"3301011","64318","unique_entrez_id"
"3301141","1557;1558","ambiguous_multiple_entrez"
"3301218","9124","unique_entrez_id"
"3301263","10580","unique_entrez_id"
"3301512","5832","unique_entrez_id"
"3301556","26123","unique_entrez_id"
"3301609","728558","unique_entrez_id"
"3301713","29760","unique_entrez_id"
"3301782","93377","unique_entrez_id"
"3301800","7093","unique_entrez_id"
"3301857","56889","unique_entrez_id"
"3301914","118788","unique_entrez_id"
"3302056","100533184;6585","ambiguous_multiple_entrez"
"3302177","84986","unique_entrez_id"
"3302187","100533184;84986","ambiguous_multiple_entrez"
"3302229","23401","unique_entrez_id"
"3302240","23223","unique_entrez_id"
"3302328","51013","unique_entrez_id"
"3302360","64210","unique_entrez_id"
"3302467","118812","unique_entrez_id"
"3302495","60370","unique_entrez_id"
"3302533","6425","unique_entrez_id"
"3302572","55118","unique_entrez_id"
"3302693","84171","unique_entrez_id"
"3302740","100302133;84795","ambiguous_multiple_entrez"
"3302805","100616482;3257","ambiguous_multiple_entrez"
"3302886","60495","unique_entrez_id"
"3302990","101927324;2805","ambiguous_multiple_entrez"
"3303059","81894","unique_entrez_id"
"3303109","1355","unique_entrez_id"
"3303165","23268","unique_entrez_id"
"3303227","1369","unique_entrez_id"
"3303255","10613","unique_entrez_id"
"3303300","1147","unique_entrez_id"
"3303339","55280;677800","ambiguous_multiple_entrez"
"3303392","282991","unique_entrez_id"
"3303407","9033","unique_entrez_id"
"3303478","25956","unique_entrez_id"
"3303530","4714","unique_entrez_id"
"3303652","84545","unique_entrez_id"
"3303683","79955","unique_entrez_id"
"3303774","10660","unique_entrez_id"
"3303862","","unmapped_entrez"
"3303870","27343","unique_entrez_id"
"3303913","6468","unique_entrez_id"
"3303988","2253","unique_entrez_id"
"3304004","10360","unique_entrez_id"
"3304012","10724","unique_entrez_id"
"3304073","30819","unique_entrez_id"
"3304116","79591","unique_entrez_id"
"3304215","8861","unique_entrez_id"
"3304265","5309","unique_entrez_id"
"3304301","5662","unique_entrez_id"
"3304355","79004","unique_entrez_id"
"3304385","79946","unique_entrez_id"
"3304406","10121","unique_entrez_id"
"3304475","403","unique_entrez_id"
"3304522","1586","unique_entrez_id"
"3304624","22978","unique_entrez_id"
"3304718","84108","unique_entrez_id"
"3304746","100302174;84833","ambiguous_multiple_entrez"
"3304767","51063","unique_entrez_id"
"3304785","255022","unique_entrez_id"
"3304797","119395","unique_entrez_id"
"3304853","9644","unique_entrez_id"
"3304970","9644","unique_entrez_id"
"3305017","79991","unique_entrez_id"
"3305081","100126326;1308","ambiguous_multiple_entrez"
"3305198","80217","unique_entrez_id"
"3305313","85450","unique_entrez_id"
"3305801","114815","unique_entrez_id"
"3306299","7511","unique_entrez_id"
"3306516","10285","unique_entrez_id"
"3306517","","unmapped_entrez"
"3306518","","unmapped_entrez"
"3306519","","unmapped_entrez"
"3306520","","unmapped_entrez"
"3306522","","unmapped_entrez"
"3306523","","unmapped_entrez"
"3306524","","unmapped_entrez"
"3306527","","unmapped_entrez"
"3306529","","unmapped_entrez"
"3306534","","unmapped_entrez"
"3306547","","unmapped_entrez"
"3306549","","unmapped_entrez"
"3306551","","unmapped_entrez"
"3306553","","unmapped_entrez"
"3306555","","unmapped_entrez"
"3306557","","unmapped_entrez"
"3306559","","unmapped_entrez"
"3306561","","unmapped_entrez"
"3306563","","unmapped_entrez"
"3306565","","unmapped_entrez"
"3306567","","unmapped_entrez"
"3306569","","unmapped_entrez"
"3306571","","unmapped_entrez"
"3306573","","unmapped_entrez"
"3306575","","unmapped_entrez"
"3306577","","unmapped_entrez"
"3306579","","unmapped_entrez"
"3306581","","unmapped_entrez"
"3306583","","unmapped_entrez"
"3306585","","unmapped_entrez"
"3306587","","unmapped_entrez"
"3306589","","unmapped_entrez"
"3306591","","unmapped_entrez"
"3306593","","unmapped_entrez"
"3306595","","unmapped_entrez"
"3306984","57678","unique_entrez_id"
"3307120","64429","unique_entrez_id"
"3307580","4892","unique_entrez_id"
"3307680","9937","unique_entrez_id"
"3307795","100302224;55088","ambiguous_multiple_entrez"
"3307851","84632","unique_entrez_id"
"3307939","3983","unique_entrez_id"
"3308241","2674","unique_entrez_id"
"3308378","143379","unique_entrez_id"
"3308397","259217","unique_entrez_id"
"3308489","57698","unique_entrez_id"
"3308560","11023","unique_entrez_id"
"3308619","118987","unique_entrez_id"
"3308864","105378504;22841","ambiguous_multiple_entrez"
"3308967","63877","unique_entrez_id"
"3309112","2834","unique_entrez_id"
"3309124","143384","unique_entrez_id"
"3309215","641451;8661","ambiguous_multiple_entrez"
"3309345","119559","unique_entrez_id"
"3309383","10935","unique_entrez_id"
"3309602","6001","unique_entrez_id"
"3309629","7073","unique_entrez_id"
"3309755","79892","unique_entrez_id"
"3309937","","unmapped_entrez"
"3309938","","unmapped_entrez"
"3309939","","unmapped_entrez"
"3309940","","unmapped_entrez"
"3310041","105378523;2263","ambiguous_multiple_entrez"
"3310413","11101","unique_entrez_id"
"3310479","54780","unique_entrez_id"
"3310675","100533195;196792;50624","ambiguous_multiple_entrez"
"3310725","80007","unique_entrez_id"
"3310757","64376","unique_entrez_id"
"3310953","105378532;119587","ambiguous_multiple_entrez"
"3311157","4942","unique_entrez_id"
"3311269","9679","unique_entrez_id"
"3311342","399818","unique_entrez_id"
"3311417","1488","unique_entrez_id"
"3311546","","unmapped_entrez"
"3311638","228","unique_entrez_id"
"3311694","118856","unique_entrez_id"
"3311715","7390","unique_entrez_id"
"3311775","55760","unique_entrez_id"
"3311832","8038","unique_entrez_id"
"3312045","118611","unique_entrez_id"
"3312422","119467","unique_entrez_id"
"3312490","4288","unique_entrez_id"
"3313690","256536","unique_entrez_id"
"3313973","399827","unique_entrez_id"
"3314040","664","unique_entrez_id"
"3314162","282974","unique_entrez_id"
"3314614","84504","unique_entrez_id"
"3314630","54777","unique_entrez_id"
"3314720","54777","unique_entrez_id"
"3315024","101;101927671;574448","ambiguous_multiple_entrez"
"3315114","10844","unique_entrez_id"
"3315181","50632","unique_entrez_id"
"3315217","282969","unique_entrez_id"
"3315231","100500911;1892","ambiguous_multiple_entrez"
"3315341","93426","unique_entrez_id"
"3315380","399833","unique_entrez_id"
"3315487","113746","unique_entrez_id"
"3315512","102465445;60626","ambiguous_multiple_entrez"
"3315549","5719","unique_entrez_id"
"3315584","171389","unique_entrez_id"
"3315607","80162","unique_entrez_id"
"3315658","10581","unique_entrez_id"
"3315675","8519","unique_entrez_id"
"3315712","338707","unique_entrez_id"
"3315802","11187","unique_entrez_id"
"3315835","81490","unique_entrez_id"
"3315907","115399","unique_entrez_id"
"3315952","8045","unique_entrez_id"
"3316057","1815","unique_entrez_id"
"3316126","283232","unique_entrez_id"
"3316149","64787","unique_entrez_id"
"3316208","6888","unique_entrez_id"
"3316234","171391","unique_entrez_id"
"3316287","57104","unique_entrez_id"
"3316311","283229","unique_entrez_id"
"3316344","977","unique_entrez_id"
"3316375","7106","unique_entrez_id"
"3316447","161","unique_entrez_id"
"3316834","9024","unique_entrez_id"
"3316948","","unmapped_entrez"
"3316963","387267;439915;440023","ambiguous_multiple_entrez"
"3316987","440023","unique_entrez_id"
"3317024","90019","unique_entrez_id"
"3317056","7136","unique_entrez_id"
"3317071","102465993;4046","ambiguous_multiple_entrez"
"3317117","7140","unique_entrez_id"
"3317145","6150","unique_entrez_id"
"3317223","51214","unique_entrez_id"
"3317253","10077","unique_entrez_id"
"3317309","975","unique_entrez_id"
"3317338","10078","unique_entrez_id"
"3317352","3784","unique_entrez_id"
"3317482","55539","unique_entrez_id"
"3317517","5002","unique_entrez_id"
"3317569","","unmapped_entrez"
"3317595","283303","unique_entrez_id"
"3317824","417","unique_entrez_id"
"3317868","27315","unique_entrez_id"
"3317915","6786","unique_entrez_id"
"3318009","6240","unique_entrez_id"
"3318115","119774","unique_entrez_id"
"3318136","390036","unique_entrez_id"
"3318141","119772","unique_entrez_id"
"3318153","143502","unique_entrez_id"
"3318166","390038","unique_entrez_id"
"3318173","143503","unique_entrez_id"
"3318186","56547","unique_entrez_id"
"3318239","119694","unique_entrez_id"
"3318244","401665","unique_entrez_id"
"3318248","119687","unique_entrez_id"
"3318253","119682","unique_entrez_id"
"3318266","119679","unique_entrez_id"
"3318320","390058","unique_entrez_id"
"3318329","390059","unique_entrez_id"
"3318342","390061","unique_entrez_id"
"3318349","390064","unique_entrez_id"
"3318354","390066","unique_entrez_id"
"3318383","340980","unique_entrez_id"
"3318390","117854;445372;53840;81270","ambiguous_multiple_entrez"
"3318443","10346","unique_entrez_id"
"3318495","387748","unique_entrez_id"
"3318500","390072","unique_entrez_id"
"3318517","390077","unique_entrez_id"
"3318527","390081","unique_entrez_id"
"3318543","","unmapped_entrez"
"3318553","390083","unique_entrez_id"
"3318577","196335","unique_entrez_id"
"3318589","120787","unique_entrez_id"
"3318595","160298","unique_entrez_id"
"3318639","887","unique_entrez_id"
"3318666","101927825;6609","ambiguous_multiple_entrez"
"3318712","26515","unique_entrez_id"
"3318731","144132","unique_entrez_id"
"3318844","144132","unique_entrez_id"
"3318890","3611","unique_entrez_id"
"3318956","144125","unique_entrez_id"
"3318961","144124","unique_entrez_id"
"3318967","144124;341276","ambiguous_multiple_entrez"
"3318976","283297","unique_entrez_id"
"3318982","120775","unique_entrez_id"
"3318989","7762","unique_entrez_id"
"3319018","338323","unique_entrez_id"
"3319045","27288","unique_entrez_id"
"3319073","143425","unique_entrez_id"
"3319119","283298","unique_entrez_id"
"3319137","8495","unique_entrez_id"
"3319295","","unmapped_entrez"
"3319296","","unmapped_entrez"
"3319297","","unmapped_entrez"
"3319298","","unmapped_entrez"
"3319300","","unmapped_entrez"
"3319303","","unmapped_entrez"
"3319306","","unmapped_entrez"
"3319307","","unmapped_entrez"
"3319309","","unmapped_entrez"
"3319311","","unmapped_entrez"
"3319313","","unmapped_entrez"
"3319314","","unmapped_entrez"
"3319317","","unmapped_entrez"
"3319319","","unmapped_entrez"
"3319321","","unmapped_entrez"
"3319323","","unmapped_entrez"
"3319325","","unmapped_entrez"
"3319327","","unmapped_entrez"
"3319329","","unmapped_entrez"
"3319331","","unmapped_entrez"
"3319333","","unmapped_entrez"
"3319335","","unmapped_entrez"
"3319337","","unmapped_entrez"
"3319339","","unmapped_entrez"
"3319341","","unmapped_entrez"
"3319343","","unmapped_entrez"
"3319345","","unmapped_entrez"
"3319347","","unmapped_entrez"
"3319352","7275","unique_entrez_id"
"3319613","6157","unique_entrez_id"
"3319685","56672","unique_entrez_id"
"3319769","283102","unique_entrez_id"
"3319840","10527;677808","ambiguous_multiple_entrez"
"3319898","7702","unique_entrez_id"
"3319937","7465","unique_entrez_id"
"3319997","23075","unique_entrez_id"
"3320123","133","unique_entrez_id"
"3320169","272","unique_entrez_id"
"3320251","100129827","unique_entrez_id"
"3320301","9646","unique_entrez_id"
"3320604","55031","unique_entrez_id"
"3320675","27122","unique_entrez_id"
"3320717","9645","unique_entrez_id"
"3320819","9645","unique_entrez_id"
"3320865","55742","unique_entrez_id"
"3320944","7003","unique_entrez_id"
"3321055","7003","unique_entrez_id"
"3321150","406","unique_entrez_id"
"3321237","","unmapped_entrez"
"3321269","84188","unique_entrez_id"
"3321361","10418","unique_entrez_id"
"3321512","5140","unique_entrez_id"
"3321592","797","unique_entrez_id"
"3321980","","unmapped_entrez"
"3322048","10944","unique_entrez_id"
"3322050","","unmapped_entrez"
"3322058","","unmapped_entrez"
"3322063","","unmapped_entrez"
"3322066","","unmapped_entrez"
"3322069","","unmapped_entrez"
"3322070","","unmapped_entrez"
"3322071","","unmapped_entrez"
"3322072","","unmapped_entrez"
"3322075","","unmapped_entrez"
"3322077","","unmapped_entrez"
"3322079","","unmapped_entrez"
"3322081","","unmapped_entrez"
"3322083","","unmapped_entrez"
"3322085","","unmapped_entrez"
"3322087","","unmapped_entrez"
"3322089","","unmapped_entrez"
"3322091","","unmapped_entrez"
"3322093","","unmapped_entrez"
"3322095","","unmapped_entrez"
"3322097","","unmapped_entrez"
"3322099","","unmapped_entrez"
"3322101","","unmapped_entrez"
"3322103","","unmapped_entrez"
"3322105","","unmapped_entrez"
"3322107","","unmapped_entrez"
"3322109","","unmapped_entrez"
"3322251","4925","unique_entrez_id"
"3322501","4654","unique_entrez_id"
"3322521","3746","unique_entrez_id"
"3322638","117195","unique_entrez_id"
"3322646","117196","unique_entrez_id"
"3322669","494141","unique_entrez_id"
"3322700","6288","unique_entrez_id"
"3322717","105376577;2965","ambiguous_multiple_entrez"
"3322775","3939","unique_entrez_id"
"3322807","3948","unique_entrez_id"
"3322824","160287","unique_entrez_id"
"3322904","144110","unique_entrez_id"
"3322958","54503","unique_entrez_id"
"3323052","89797","unique_entrez_id"
"3323365","","unmapped_entrez"
"3323413","10553","unique_entrez_id"
"3323443","10196","unique_entrez_id"
"3323491","9152","unique_entrez_id"
"3323556","4745","unique_entrez_id"
"3323748","102723370;203859","ambiguous_multiple_entrez"
"3323824","57084","unique_entrez_id"
"3323891","2620","unique_entrez_id"
"3324162","338645","unique_entrez_id"
"3324321","63982","unique_entrez_id"
"3324447","387758","unique_entrez_id"
"3324453","8424","unique_entrez_id"
"3324713","196074","unique_entrez_id"
"3325028","2488","unique_entrez_id"
"3325052","120534","unique_entrez_id"
"3325263","120526","unique_entrez_id"
"3325307","26610","unique_entrez_id"
"3325503","5954","unique_entrez_id"
"3325634","51352","unique_entrez_id"
"3325680","10480","unique_entrez_id"
"3325740","79056","unique_entrez_id"
"3325768","79832","unique_entrez_id"
"3325820","91614","unique_entrez_id"
"3325839","55346","unique_entrez_id"
"3325907","10114","unique_entrez_id"
"3326067","25758","unique_entrez_id"
"3326183","4076","unique_entrez_id"
"3326252","55226","unique_entrez_id"
"3326400","847","unique_entrez_id"
"3326461","26298","unique_entrez_id"
"3326540","100616437;8050","ambiguous_multiple_entrez"
"3326635","960","unique_entrez_id"
"3326826","24147","unique_entrez_id"
"3326842","54765","unique_entrez_id"
"3326938","","unmapped_entrez"
"3326950","143458","unique_entrez_id"
"3327057","79899","unique_entrez_id"
"3327143","5896","unique_entrez_id"
"3327166","119710","unique_entrez_id"
"3327906","8539","unique_entrez_id"
"3327948","55761","unique_entrez_id"
"3328069","390110;406918;51144","ambiguous_multiple_entrez"
"3328214","221120;6397;729799","ambiguous_multiple_entrez"
"3328349","84680","unique_entrez_id"
"3328389","2132","unique_entrez_id"
"3328520","3732","unique_entrez_id"
"3328600","90139","unique_entrez_id"
"3328745","56981","unique_entrez_id"
"3328860","399886","unique_entrez_id"
"3329010","374387","unique_entrez_id"
"3329018","55343","unique_entrez_id"
"3329029","1408","unique_entrez_id"
"3329069","644172;9479","ambiguous_multiple_entrez"
"3329099","120071","unique_entrez_id"
"3329206","90993","unique_entrez_id"
"3329247","8525","unique_entrez_id"
"3329343","4192","unique_entrez_id"
"3329404","9776","unique_entrez_id"
"3329461","79797","unique_entrez_id"
"3329475","2147","unique_entrez_id"
"3329537","79096","unique_entrez_id"
"3329649","1643","unique_entrez_id"
"3329685","10062","unique_entrez_id"
"3329724","8567","unique_entrez_id"
"3329793","91252","unique_entrez_id"
"3329886","114971","unique_entrez_id"
"3329904","4722","unique_entrez_id"
"3329983","119765;5795","ambiguous_multiple_entrez"
"3330131","119764","unique_entrez_id"
"3330137","390113","unique_entrez_id"
"3330145","256148","unique_entrez_id"
"3330149","256144","unique_entrez_id"
"3330551","729384;79097","ambiguous_multiple_entrez"
"3330587","81327","unique_entrez_id"
"3330599","81328","unique_entrez_id"
"3330685","81309","unique_entrez_id"
"3330693","219428","unique_entrez_id"
"3330700","81300","unique_entrez_id"
"3330704","219431","unique_entrez_id"
"3330710","219432","unique_entrez_id"
"3330769","390142","unique_entrez_id"
"3330779","219436","unique_entrez_id"
"3330786","219437;26338","ambiguous_multiple_entrez"
"3330798","26338","unique_entrez_id"
"3330864","219447","unique_entrez_id"
"3330892","120586","unique_entrez_id"
"3330897","390151","unique_entrez_id"
"3330903","390152","unique_entrez_id"
"3330919","390154","unique_entrez_id"
"3330927","390155","unique_entrez_id"
"3330935","219473","unique_entrez_id"
"3330943","390157","unique_entrez_id"
"3330961","219477","unique_entrez_id"
"3330965","219417;504189;504190","ambiguous_multiple_entrez"
"3331027","219493","unique_entrez_id"
"3331047","390174;504191","ambiguous_multiple_entrez"
"3331129","390181","unique_entrez_id"
"3331150","219527","unique_entrez_id"
"3331217","5024","unique_entrez_id"
"3331262","349667","unique_entrez_id"
"3331351","","unmapped_entrez"
"3331355","710","unique_entrez_id"
"3331392","10978","unique_entrez_id"
"3331433","25921","unique_entrez_id"
"3331487","100528016;1500;51075","ambiguous_multiple_entrez"
"3331603","280636","unique_entrez_id"
"3331649","219952","unique_entrez_id"
"3331658","219956","unique_entrez_id"
"3331686","219957","unique_entrez_id"
"3331692","219959","unique_entrez_id"
"3331730","1270;386607;80829","ambiguous_multiple_entrez"
"3331822","100129032;92292","ambiguous_multiple_entrez"
"3331903","374393","unique_entrez_id"
"3331926","63901","unique_entrez_id"
"3331994","390195","unique_entrez_id"
"3332003","219982","unique_entrez_id"
"3332008","219983","unique_entrez_id"
"3332015","390197","unique_entrez_id"
"3332028","219986","unique_entrez_id"
"3332032","390199","unique_entrez_id"
"3332131","6809;81343","ambiguous_multiple_entrez"
"3332204","219990;255649","ambiguous_multiple_entrez"
"3332276","2206","unique_entrez_id"
"3332298","51338","unique_entrez_id"
"3332325","245802","unique_entrez_id"
"3332334","58475;84689","ambiguous_multiple_entrez"
"3332388","64232","unique_entrez_id"
"3332403","931","unique_entrez_id"
"3332424","54860","unique_entrez_id"
"3332449","283197","unique_entrez_id"
"3332465","83661","unique_entrez_id"
"3332511","219995","unique_entrez_id"
"3332530","341116","unique_entrez_id"
"3332548","79080","unique_entrez_id"
"3332576","22917","unique_entrez_id"
"3332615","79073","unique_entrez_id"
"3332626","54972","unique_entrez_id"
"3332663","923","unique_entrez_id"
"3332729","921","unique_entrez_id"
"3332780","5222;643834;643847","ambiguous_multiple_entrez"
"3332838","220002;26007","ambiguous_multiple_entrez"
"3332886","51524","unique_entrez_id"
"3332913","51259","unique_entrez_id"
"3332938","54949","unique_entrez_id"
"3332964","220004","unique_entrez_id"
"3333086","113157","unique_entrez_id"
"3333116","747","unique_entrez_id"
"3333169","745","unique_entrez_id"
"3333226","2237;9415","ambiguous_multiple_entrez"
"3333247","9415","unique_entrez_id"
"3333309","7439","unique_entrez_id"
"3333358","3619","unique_entrez_id"
"3333410","10648","unique_entrez_id"
"3333417","4246","unique_entrez_id"
"3333425","10647","unique_entrez_id"
"3333433","4250","unique_entrez_id"
"3333443","55920;80150","ambiguous_multiple_entrez"
"3333488","7356","unique_entrez_id"
"3333538","6094","unique_entrez_id"
"3333572","790955","unique_entrez_id"
"3333595","2785","unique_entrez_id"
"3333603","283237","unique_entrez_id"
"3333622","5436","unique_entrez_id"
"3333647","10629","unique_entrez_id"
"3333668","102465448;374395","ambiguous_multiple_entrez"
"3333711","6520","unique_entrez_id"
"3333811","387775","unique_entrez_id"
"3333831","114571","unique_entrez_id"
"3333877","85329","unique_entrez_id"
"3333899","5920","unique_entrez_id"
"3333942","10313","unique_entrez_id"
"3333999","144097","unique_entrez_id"
"3334025","2011","unique_entrez_id"
"3334087","79829","unique_entrez_id"
"3334125","1351","unique_entrez_id"
"3334137","55611","unique_entrez_id"
"3334174","23769","unique_entrez_id"
"3334224","10963","unique_entrez_id"
"3334257","83706","unique_entrez_id"
"3334277","84304","unique_entrez_id"
"3334290","","unmapped_entrez"
"3334304","3338","unique_entrez_id"
"3334325","7423","unique_entrez_id"
"3334339","2286","unique_entrez_id"
"3334372","5331","unique_entrez_id"
"3334415","56834;572","ambiguous_multiple_entrez"
"3334446","25858;50801","ambiguous_multiple_entrez"
"3334484","2101","unique_entrez_id"
"3334501","25824","unique_entrez_id"
"3334518","283234","unique_entrez_id"
"3334571","8986","unique_entrez_id"
"3334604","100996455","unique_entrez_id"
"3334633","55867","unique_entrez_id"
"3334659","116085","unique_entrez_id"
"3334749","5526","unique_entrez_id"
"3334783","100528018;29907;402","ambiguous_multiple_entrez"
"3334812","29901","unique_entrez_id"
"3334831","7542","unique_entrez_id"
"3334847","738","unique_entrez_id"
"3334884","7108","unique_entrez_id"
"3334919","740","unique_entrez_id"
"3334954","823","unique_entrez_id"
"3335007","440044","unique_entrez_id"
"3335029","23649","unique_entrez_id"
"3335070","10435","unique_entrez_id"
"3335089","5977","unique_entrez_id"
"3335124","220359","unique_entrez_id"
"3335131","83786;83957","ambiguous_multiple_entrez"
"3335267","57410","unique_entrez_id"
"3335327","10534","unique_entrez_id"
"3335338","23625","unique_entrez_id"
"3335465","6494","unique_entrez_id"
"3335517","10524","unique_entrez_id"
"3335571","5017","unique_entrez_id"
"3335600","254122","unique_entrez_id"
"3335639","","unmapped_entrez"
"3335640","","unmapped_entrez"
"3335641","","unmapped_entrez"
"3335643","80198","unique_entrez_id"
"3335697","1521","unique_entrez_id"
"3335719","11007","unique_entrez_id"
"3335736","10589","unique_entrez_id"
"3335751","254187","unique_entrez_id"
"3335774","9092","unique_entrez_id"
"3335776","","unmapped_entrez"
"3335777","","unmapped_entrez"
"3335778","","unmapped_entrez"
"3335779","","unmapped_entrez"
"3335781","","unmapped_entrez"
"3335782","","unmapped_entrez"
"3335783","","unmapped_entrez"
"3335784","","unmapped_entrez"
"3335785","","unmapped_entrez"
"3335786","","unmapped_entrez"
"3335789","","unmapped_entrez"
"3335791","","unmapped_entrez"
"3335792","","unmapped_entrez"
"3335793","","unmapped_entrez"
"3335795","","unmapped_entrez"
"3335796","","unmapped_entrez"
"3335797","","unmapped_entrez"
"3335798","","unmapped_entrez"
"3335799","","unmapped_entrez"
"3335801","","unmapped_entrez"
"3335802","","unmapped_entrez"
"3335803","","unmapped_entrez"
"3335806","","unmapped_entrez"
"3335808","","unmapped_entrez"
"3335810","","unmapped_entrez"
"3335812","","unmapped_entrez"
"3335814","","unmapped_entrez"
"3335816","","unmapped_entrez"
"3335818","","unmapped_entrez"
"3335820","","unmapped_entrez"
"3335822","","unmapped_entrez"
"3335824","","unmapped_entrez"
"3335826","","unmapped_entrez"
"3335828","","unmapped_entrez"
"3335830","","unmapped_entrez"
"3335832","","unmapped_entrez"
"3335834","","unmapped_entrez"
"3335836","","unmapped_entrez"
"3335838","","unmapped_entrez"
"3335840","","unmapped_entrez"
"3335842","","unmapped_entrez"
"3335844","","unmapped_entrez"
"3335846","","unmapped_entrez"
"3335848","","unmapped_entrez"
"3335850","","unmapped_entrez"
"3335852","","unmapped_entrez"
"3335854","","unmapped_entrez"
"3335856","","unmapped_entrez"
"3335858","","unmapped_entrez"
"3335860","","unmapped_entrez"
"3335862","","unmapped_entrez"
"3335864","","unmapped_entrez"
"3335866","","unmapped_entrez"
"3335885","8815","unique_entrez_id"
"3335894","1474","unique_entrez_id"
"3335907","10992","unique_entrez_id"
"3335952","105369354;55690","ambiguous_multiple_entrez"
"3336043","64837","unique_entrez_id"
"3336074","81876","unique_entrez_id"
"3336094","254263","unique_entrez_id"
"3336117","256472","unique_entrez_id"
"3336197","266743","unique_entrez_id"
"3336220","246330","unique_entrez_id"
"3336238","10072","unique_entrez_id"
"3336277","582","unique_entrez_id"
"3336324","89","unique_entrez_id"
"3336351","9973","unique_entrez_id"
"3336378","100526737;10432","ambiguous_multiple_entrez"
"3336402","10432","unique_entrez_id"
"3336422","100526737;5936","ambiguous_multiple_entrez"
"3336486","79703;9986","ambiguous_multiple_entrez"
"3336554","79703;9986","ambiguous_multiple_entrez"
"3336576","78999","unique_entrez_id"
"3336652","91683","unique_entrez_id"
"3336680","29984","unique_entrez_id"
"3336696","22992","unique_entrez_id"
"3336801","156","unique_entrez_id"
"3336857","338692","unique_entrez_id"
"3336906","54961","unique_entrez_id"
"3336951","100130987;5883","ambiguous_multiple_entrez"
"3337042","57571","unique_entrez_id"
"3337067","6199","unique_entrez_id"
"3337109","57010","unique_entrez_id"
"3337137","9049","unique_entrez_id"
"3337168","2950","unique_entrez_id"
"3337196","4723","unique_entrez_id"
"3337329","221;222","ambiguous_multiple_entrez"
"3337360","4728","unique_entrez_id"
"3337390","102465451;10312","ambiguous_multiple_entrez"
"3337516","4041","unique_entrez_id"
"3337618","55291","unique_entrez_id"
"3337740","","unmapped_entrez"
"3337749","51083","unique_entrez_id"
"3337835","3508","unique_entrez_id"
"3337918","219931","unique_entrez_id"
"3338060","105369370;26579","ambiguous_multiple_entrez"
"3338192","595","unique_entrez_id"
"3338293","55107","unique_entrez_id"
"3338424","8772","unique_entrez_id"
"3338453","8500","unique_entrez_id"
"3338552","2017","unique_entrez_id"
"3338783","220070","unique_entrez_id"
"3338968","55191","unique_entrez_id"
"3339056","3846","unique_entrez_id"
"3339167","100125556;348926;55199;645332;653113;692099;729375;85002","ambiguous_multiple_entrez"
"3339230","55298","unique_entrez_id"
"3339261","10068","unique_entrez_id"
"3339311","120356739;220074","ambiguous_multiple_entrez"
"3339346","2352","unique_entrez_id"
"3339382","2350","unique_entrez_id"
"3339406","2348","unique_entrez_id"
"3339423","3636","unique_entrez_id"
"3339722","5029","unique_entrez_id"
"3339774","5031","unique_entrez_id"
"3339812","9828","unique_entrez_id"
"3339880","84957","unique_entrez_id"
"3339971","58473","unique_entrez_id"
"3340032","51642","unique_entrez_id"
"3340066","80227","unique_entrez_id"
"3340116","374407","unique_entrez_id"
"3340161","105369383;51400","ambiguous_multiple_entrez"
"3340251","100287896","unique_entrez_id"
"3340269","105369386;10714","ambiguous_multiple_entrez"
"3340410","10825","unique_entrez_id"
"3340449","11309","unique_entrez_id"
"3340589","871","unique_entrez_id"
"3340640","80168","unique_entrez_id"
"3340665","84649","unique_entrez_id"
"3340697","7405","unique_entrez_id"
"3340913","56946","unique_entrez_id"
"3341024","25987","unique_entrez_id"
"3341061","55331","unique_entrez_id"
"3341137","192134","unique_entrez_id"
"3341155","726","unique_entrez_id"
"3341213","4975","unique_entrez_id"
"3341221","4647","unique_entrez_id"
"3341362","282679","unique_entrez_id"
"3341440","28971","unique_entrez_id"
"3341497","7069","unique_entrez_id"
"3341539","100289388","unique_entrez_id"
"3341798","","unmapped_entrez"
"3342426","220042","unique_entrez_id"
"3342525","51585","unique_entrez_id"
"3342569","338699","unique_entrez_id"
"3342983","55863","unique_entrez_id"
"3343008","84233","unique_entrez_id"
"3343059","220047","unique_entrez_id"
"3343202","102465452;8726","ambiguous_multiple_entrez"
"3343252","51501","unique_entrez_id"
"3343293","60494","unique_entrez_id"
"3343452","11098","unique_entrez_id"
"3343546","65084","unique_entrez_id"
"3343832","7299","unique_entrez_id"
"3343900","219595;2346","ambiguous_multiple_entrez"
"3344142","10003","unique_entrez_id"
"3344608","4544","unique_entrez_id"
"3344685","159989","unique_entrez_id"
"3344861","28970","unique_entrez_id"
"3344897","9440","unique_entrez_id"
"3344990","24145","unique_entrez_id"
"3345107","54851","unique_entrez_id"
"3345142","143689;2526","ambiguous_multiple_entrez"
"3345157","143689","unique_entrez_id"
"3345222","154810","unique_entrez_id"
"3345340","55693","unique_entrez_id"
"3345427","23052","unique_entrez_id"
"3345593","9702","unique_entrez_id"
"3345774","8690","unique_entrez_id"
"3345940","53942","unique_entrez_id"
"3346147","143872","unique_entrez_id"
"3346412","85016","unique_entrez_id"
"3346453","10413","unique_entrez_id"
"3346548","330","unique_entrez_id"
"3346584","329","unique_entrez_id"
"3346981","414301","unique_entrez_id"
"3347118","2893","unique_entrez_id"
"3347234","60496","unique_entrez_id"
"3347431","55531","unique_entrez_id"
"3347533","54734","unique_entrez_id"
"3347549","8065","unique_entrez_id"
"3347615","38","unique_entrez_id"
"3347658","472","unique_entrez_id"
"3347831","1662","unique_entrez_id"
"3347939","399947","unique_entrez_id"
"3348189","2230","unique_entrez_id"
"3348353","341032","unique_entrez_id"
"3348551","399949","unique_entrez_id"
"3348568","143903","unique_entrez_id"
"3348608","23235","unique_entrez_id"
"3348748","64776","unique_entrez_id"
"3348765","100528019;3316","ambiguous_multiple_entrez"
"3348773","100528019;91894","ambiguous_multiple_entrez"
"3348790","85458","unique_entrez_id"
"3348852","1737","unique_entrez_id"
"3348891","55216","unique_entrez_id"
"3348911","6392","unique_entrez_id"
"3348940","83875","unique_entrez_id"
"3348990","56158","unique_entrez_id"
"3349014","5805","unique_entrez_id"
"3349051","100132686","unique_entrez_id"
"3349293","4684","unique_entrez_id"
"3349437","","unmapped_entrez"
"3349453","54970","unique_entrez_id"
"3349535","255239","unique_entrez_id"
"3349660","9177","unique_entrez_id"
"3349688","3359","unique_entrez_id"
"3349719","7704","unique_entrez_id"
"3349858","4837","unique_entrez_id"
"3349918","10179","unique_entrez_id"
"3349948","25996","unique_entrez_id"
"3350027","120406","unique_entrez_id"
"3350655","345","unique_entrez_id"
"3350749","5049","unique_entrez_id"
"3350775","51092","unique_entrez_id"
"3350830","6876","unique_entrez_id"
"3350850","257160","unique_entrez_id"
"3350908","22897","unique_entrez_id"
"3351166","3587","unique_entrez_id"
"3351200","56649","unique_entrez_id"
"3351280","916","unique_entrez_id"
"3351300","917","unique_entrez_id"
"3351315","9354","unique_entrez_id"
"3351359","10632","unique_entrez_id"
"3351385","4297;4298","ambiguous_multiple_entrez"
"3351461","4297","unique_entrez_id"
"3351498","143941;84866","ambiguous_multiple_entrez"
"3351531","372","unique_entrez_id"
"3351564","23187","unique_entrez_id"
"3351675","643","unique_entrez_id"
"3351688","7379","unique_entrez_id"
"3351711","283150","unique_entrez_id"
"3351733","338657","unique_entrez_id"
"3351764","","unmapped_entrez"
"3351766","","unmapped_entrez"
"3351767","","unmapped_entrez"
"3351768","","unmapped_entrez"
"3351775","51399","unique_entrez_id"
"3351777","","unmapped_entrez"
"3351806","55823","unique_entrez_id"
"3351841","3145","unique_entrez_id"
"3351895","9854","unique_entrez_id"
"3351931","25988","unique_entrez_id"
"3351975","64137","unique_entrez_id"
"3352002","79671","unique_entrez_id"
"3352040","79849","unique_entrez_id"
"3352070","867","unique_entrez_id"
"3352130","79102","unique_entrez_id"
"3352159","100499227","unique_entrez_id"
"3352404","105369530;220323","ambiguous_multiple_entrez"
"3352438","25833","unique_entrez_id"
"3352485","219902","unique_entrez_id"
"3352503","23365;2900","ambiguous_multiple_entrez"
"3352614","","unmapped_entrez"
"3352618","2900","unique_entrez_id"
"3352813","219899","unique_entrez_id"
"3352847","7007","unique_entrez_id"
"3352904","6309","unique_entrez_id"
"3352948","6653","unique_entrez_id"
"3353335","84959","unique_entrez_id"
"3353417","56253","unique_entrez_id"
"3353441","79864","unique_entrez_id"
"3353640","57476","unique_entrez_id"
"3353853","338662","unique_entrez_id"
"3353859","219875","unique_entrez_id"
"3353867","219869;390264;390265","ambiguous_multiple_entrez"
"3353876","219870","unique_entrez_id"
"3353879","219869","unique_entrez_id"
"3353914","26541;4013","ambiguous_multiple_entrez"
"3354041","219865;26494","ambiguous_multiple_entrez"
"3354095","390275","unique_entrez_id"
"3354156","116337","unique_entrez_id"
"3354174","84897","unique_entrez_id"
"3354210","53340","unique_entrez_id"
"3354227","4900","unique_entrez_id"
"3354293","64221","unique_entrez_id"
"3354380","641654","unique_entrez_id"
"3354389","80071","unique_entrez_id"
"3354443","219855","unique_entrez_id"
"3354535","63876","unique_entrez_id"
"3354719","403312","unique_entrez_id"
"3354731","9538","unique_entrez_id"
"3354764","3703","unique_entrez_id"
"3354799","1111","unique_entrez_id"
"3354850","100169851;160065","ambiguous_multiple_entrez"
"3354879","219844","unique_entrez_id"
"3354896","29118","unique_entrez_id"
"3355021","79607","unique_entrez_id"
"3355056","55572","unique_entrez_id"
"3355091","114609","unique_entrez_id"
"3355114","28960","unique_entrez_id"
"3355145","101929427;6484","ambiguous_multiple_entrez"
"3355315","283165","unique_entrez_id"
"3355733","2313","unique_entrez_id"
"3355860","3762","unique_entrez_id"
"3355956","8538","unique_entrez_id"
"3356038","120224","unique_entrez_id"
"3356115","334","unique_entrez_id"
"3356175","6768","unique_entrez_id"
"3356328","170689","unique_entrez_id"
"3356417","283171","unique_entrez_id"
"3356539","4978;50863","ambiguous_multiple_entrez"
"3357237","83700","unique_entrez_id"
"3357279","112936","unique_entrez_id"
"3357303","27034","unique_entrez_id"
"3357346","112937;89944","ambiguous_multiple_entrez"
"3357397","112937;89944","ambiguous_multiple_entrez"
"3357723","100132403;101929823;101929828;51272;728262","ambiguous_multiple_entrez"
"3357785","23410","unique_entrez_id"
"3357840","10410","unique_entrez_id"
"3357885","59307","unique_entrez_id"
"3358049","6050","unique_entrez_id"
"3358090","3265","unique_entrez_id"
"3358112","256329","unique_entrez_id"
"3358174","3665","unique_entrez_id"
"3358201","53841","unique_entrez_id"
"3358241","6343","unique_entrez_id"
"3358262","10522","unique_entrez_id"
"3358361","347862","unique_entrez_id"
"3358393","51286","unique_entrez_id"
"3358401","79751","unique_entrez_id"
"3358425","55367","unique_entrez_id"
"3358492","5441","unique_entrez_id"
"3358538","66005","unique_entrez_id"
"3358742","54472","unique_entrez_id"
"3358809","81532","unique_entrez_id"
"3358854","1850;2749","ambiguous_multiple_entrez"
"3358888","387264","unique_entrez_id"
"3358897","440021","unique_entrez_id"
"3358906","387266;57830","ambiguous_multiple_entrez"
"3358917","387267","unique_entrez_id"
"3358950","1509;402778","ambiguous_multiple_entrez"
"3359121","3481;723961","ambiguous_multiple_entrez"
"3359134","3481;723961","ambiguous_multiple_entrez"
"3359171","3630;723961","ambiguous_multiple_entrez"
"3359180","7054","unique_entrez_id"
"3359224","430","unique_entrez_id"
"3359230","29125","unique_entrez_id"
"3359255","","unmapped_entrez"
"3359267","29850","unique_entrez_id"
"3359432","1028","unique_entrez_id"
"3359448","5003","unique_entrez_id"
"3359461","7262","unique_entrez_id"
"3359469","4676;677833","ambiguous_multiple_entrez"
"3359529","833","unique_entrez_id"
"3359601","114879","unique_entrez_id"
"3359751","7748","unique_entrez_id"
"3359881","116969","unique_entrez_id"
"3359897","57053","unique_entrez_id"
"3359910","4928","unique_entrez_id"
"3360006","391","unique_entrez_id"
"3360136","143496","unique_entrez_id"
"3360142","6737","unique_entrez_id"
"3360182","143501","unique_entrez_id"
"3360189","55128","unique_entrez_id"
"3360219","81285","unique_entrez_id"
"3360269","256892","unique_entrez_id"
"3360277","119695","unique_entrez_id"
"3360287","119692","unique_entrez_id"
"3360308","81282","unique_entrez_id"
"3360313","79324","unique_entrez_id"
"3360325","401666;401667","ambiguous_multiple_entrez"
"3360333","401667","unique_entrez_id"
"3360350","119678","unique_entrez_id"
"3360364","390053","unique_entrez_id"
"3360370","390054","unique_entrez_id"
"3360375","23538","unique_entrez_id"
"3360396","283111","unique_entrez_id"
"3360401","3043;3045","ambiguous_multiple_entrez"
"3360417","3045","unique_entrez_id"
"3360456","282763;3046","ambiguous_multiple_entrez"
"3360486","79339","unique_entrez_id"
"3360505","79345","unique_entrez_id"
"3360529","390063","unique_entrez_id"
"3360543","50613","unique_entrez_id"
"3360553","143630","unique_entrez_id"
"3360587","390067","unique_entrez_id"
"3360622","10346;85363","ambiguous_multiple_entrez"
"3360672","390075","unique_entrez_id"
"3360675","79473","unique_entrez_id"
"3360684","390078","unique_entrez_id"
"3360687","390079","unique_entrez_id"
"3360702","338751","unique_entrez_id"
"3360719","120793","unique_entrez_id"
"3360724","120796","unique_entrez_id"
"3360772","84067","unique_entrez_id"
"3360800","112464","unique_entrez_id"
"3360826","322","unique_entrez_id"
"3360874","3263","unique_entrez_id"
"3360901","10612","unique_entrez_id"
"3360941","23647","unique_entrez_id"
"3360982","23378","unique_entrez_id"
"3361021","6881","unique_entrez_id"
"3361028","","unmapped_entrez"
"3361029","","unmapped_entrez"
"3361030","","unmapped_entrez"
"3361031","","unmapped_entrez"
"3361033","","unmapped_entrez"
"3361035","","unmapped_entrez"
"3361036","","unmapped_entrez"
"3361040","","unmapped_entrez"
"3361041","1200","unique_entrez_id"
"3361072","8642","unique_entrez_id"
"3361116","63875","unique_entrez_id"
"3361225","8590","unique_entrez_id"
"3361238","120776","unique_entrez_id"
"3361245","7761","unique_entrez_id"
"3361381","51700","unique_entrez_id"
"3361420","283299;341277;79283","ambiguous_multiple_entrez"
"3361494","120065","unique_entrez_id"
"3361504","120066","unique_entrez_id"
"3361523","390093","unique_entrez_id"
"3361531","26496;338322","ambiguous_multiple_entrez"
"3361556","","unmapped_entrez"
"3361559","","unmapped_entrez"
"3361621","79608","unique_entrez_id"
"3361672","4004","unique_entrez_id"
"3361811","65975","unique_entrez_id"
"3361971","6764","unique_entrez_id"
"3362096","56673","unique_entrez_id"
"3362118","56676","unique_entrez_id"
"3362124","56674","unique_entrez_id"
"3362159","56675","unique_entrez_id"
"3362191","57758","unique_entrez_id"
"3362263","23258","unique_entrez_id"
"3362468","81846","unique_entrez_id"
"3362719","1982;692223","ambiguous_multiple_entrez"
"3362733","","unmapped_entrez"
"3362734","","unmapped_entrez"
"3362736","","unmapped_entrez"
"3362737","","unmapped_entrez"
"3362739","","unmapped_entrez"
"3362740","","unmapped_entrez"
"3362742","","unmapped_entrez"
"3362743","","unmapped_entrez"
"3362744","","unmapped_entrez"
"3362745","","unmapped_entrez"
"3362747","","unmapped_entrez"
"3362748","","unmapped_entrez"
"3362751","","unmapped_entrez"
"3362753","","unmapped_entrez"
"3362754","","unmapped_entrez"
"3362755","","unmapped_entrez"
"3362757","","unmapped_entrez"
"3362759","","unmapped_entrez"
"3362760","","unmapped_entrez"
"3362762","","unmapped_entrez"
"3362764","","unmapped_entrez"
"3362765","","unmapped_entrez"
"3362766","","unmapped_entrez"
"3362768","","unmapped_entrez"
"3362770","","unmapped_entrez"
"3362772","","unmapped_entrez"
"3362774","","unmapped_entrez"
"3362775","","unmapped_entrez"
"3362776","","unmapped_entrez"
"3362780","","unmapped_entrez"
"3362781","","unmapped_entrez"
"3362782","","unmapped_entrez"
"3362783","","unmapped_entrez"
"3362784","","unmapped_entrez"
"3362785","","unmapped_entrez"
"3362786","","unmapped_entrez"
"3362787","","unmapped_entrez"
"3362788","","unmapped_entrez"
"3362789","","unmapped_entrez"
"3362790","","unmapped_entrez"
"3362791","","unmapped_entrez"
"3362793","","unmapped_entrez"
"3362795","50862","unique_entrez_id"
"3362826","10894","unique_entrez_id"
"3362852","10335","unique_entrez_id"
"3362934","58486","unique_entrez_id"
"3363091","105376553;107983976;374378","ambiguous_multiple_entrez"
"3363266","27122","unique_entrez_id"
"3363645","84280","unique_entrez_id"
"3363686","5741","unique_entrez_id"
"3363868","22800","unique_entrez_id"
"3363923","1315","unique_entrez_id"
"3363979","5682","unique_entrez_id"
"3364095","120227","unique_entrez_id"
"3364119","120227","unique_entrez_id"
"3364127","796","unique_entrez_id"
"3364306","55553","unique_entrez_id"
"3364525","144100","unique_entrez_id"
"3364723","","unmapped_entrez"
"3364724","","unmapped_entrez"
"3364728","","unmapped_entrez"
"3364729","","unmapped_entrez"
"3364731","","unmapped_entrez"
"3364736","","unmapped_entrez"
"3364739","","unmapped_entrez"
"3364743","","unmapped_entrez"
"3364745","","unmapped_entrez"
"3364747","","unmapped_entrez"
"3364749","","unmapped_entrez"
"3364751","","unmapped_entrez"
"3364753","","unmapped_entrez"
"3364755","","unmapped_entrez"
"3364759","5286","unique_entrez_id"
"3364869","3767","unique_entrez_id"
"3364878","6833","unique_entrez_id"
"3365014","10083","unique_entrez_id"
"3365136","26297","unique_entrez_id"
"3365203","7166","unique_entrez_id"
"3365249","113174","unique_entrez_id"
"3365282","6290","unique_entrez_id"
"3365318","100528017;6291","ambiguous_multiple_entrez"
"3365330","100528017;6288;6289","ambiguous_multiple_entrez"
"3365360","11234","unique_entrez_id"
"3365437","7251","unique_entrez_id"
"3365487","55293","unique_entrez_id"
"3365525","144108","unique_entrez_id"
"3365559","283284","unique_entrez_id"
"3365601","84867","unique_entrez_id"
"3365682","259249","unique_entrez_id"
"3365738","117194","unique_entrez_id"
"3365757","8048","unique_entrez_id"
"3365776","79733","unique_entrez_id"
"3366519","2188","unique_entrez_id"
"3366792","554234","unique_entrez_id"
"3366903","143662","unique_entrez_id"
"3366922","159963","unique_entrez_id"
"3367006","","unmapped_entrez"
"3367036","105376601;91057","ambiguous_multiple_entrez"
"3367096","55366","unique_entrez_id"
"3367183","55327","unique_entrez_id"
"3367231","627","unique_entrez_id"
"3367338","81930","unique_entrez_id"
"3367580","106456574;3739","ambiguous_multiple_entrez"
"3367673","744","unique_entrez_id"
"3367788","341019","unique_entrez_id"
"3367917","341019","unique_entrez_id"
"3367965","196294","unique_entrez_id"
"3368054","5080","unique_entrez_id"
"3368304","7490","unique_entrez_id"
"3368398","493860","unique_entrez_id"
"3368520","1479","unique_entrez_id"
"3368707","100131378;966","ambiguous_multiple_entrez"
"3368748","26273","unique_entrez_id"
"3368814","4005","unique_entrez_id"
"3368940","25841","unique_entrez_id"
"3369117","2001","unique_entrez_id"
"3369249","51074","unique_entrez_id"
"3369366","6506","unique_entrez_id"
"3369442","25891","unique_entrez_id"
"3369755","29099","unique_entrez_id"
"3369762","29099","unique_entrez_id"
"3369890","7189","unique_entrez_id"
"3369931","5897","unique_entrez_id"
"3370269","57689","unique_entrez_id"
"3370869","60529","unique_entrez_id"
"3371003","9537","unique_entrez_id"
"3371114","57586","unique_entrez_id"
"3371225","8534","unique_entrez_id"
"3371303","9409","unique_entrez_id"
"3371339","51317","unique_entrez_id"
"3371537","1132","unique_entrez_id"
"3371544","55626","unique_entrez_id"
"3371638","","unmapped_entrez"
"3371639","","unmapped_entrez"
"3371640","","unmapped_entrez"
"3371641","","unmapped_entrez"
"3371642","","unmapped_entrez"
"3371660","283254","unique_entrez_id"
"3371673","392","unique_entrez_id"
"3371719","692108;9793","ambiguous_multiple_entrez"
"3371928","84364","unique_entrez_id"
"3371964","29763;84364","ambiguous_multiple_entrez"
"3371986","23279","unique_entrez_id"
"3372097","53","unique_entrez_id"
"3372129","4607","unique_entrez_id"
"3372174","6688","unique_entrez_id"
"3372209","5702","unique_entrez_id"
"3372235","5913","unique_entrez_id"
"3372253","10658","unique_entrez_id"
"3372337","55709","unique_entrez_id"
"3372352","114900","unique_entrez_id"
"3372368","23788","unique_entrez_id"
"3372420","79841","unique_entrez_id"
"3372459","23360","unique_entrez_id"
"3372896","219595;2346","ambiguous_multiple_entrez"
"3373046","283093","unique_entrez_id"
"3373070","441601","unique_entrez_id"
"3373122","81318","unique_entrez_id"
"3373212","219429","unique_entrez_id"
"3373272","390148","unique_entrez_id"
"3373281","10798","unique_entrez_id"
"3373296","219445","unique_entrez_id"
"3373339","81168","unique_entrez_id"
"3373346","219453","unique_entrez_id"
"3373383","219464","unique_entrez_id"
"3373392","219469","unique_entrez_id"
"3373411","219479","unique_entrez_id"
"3373415","390162","unique_entrez_id"
"3373420","219482","unique_entrez_id"
"3373431","219484","unique_entrez_id"
"3373453","390167","unique_entrez_id"
"3373463","219487","unique_entrez_id"
"3373487","390168","unique_entrez_id"
"3373503","338675","unique_entrez_id"
"3373520","283189","unique_entrez_id"
"3373630","105369309;187","ambiguous_multiple_entrez"
"3373675","85456","unique_entrez_id"
"3373724","6749","unique_entrez_id"
"3373795","10394","unique_entrez_id"
"3373811","5553","unique_entrez_id"
"3373845","29015;5553","ambiguous_multiple_entrez"
"3373893","8501","unique_entrez_id"
"3373946","26519","unique_entrez_id"
"3373962","9246","unique_entrez_id"
"3374061","219539","unique_entrez_id"
"3374083","219541","unique_entrez_id"
"3374189","219954","unique_entrez_id"
"3374213","219958","unique_entrez_id"
"3374218","219960","unique_entrez_id"
"3374224","81341","unique_entrez_id"
"3374308","390191","unique_entrez_id"
"3374324","105369315;219968;219981","ambiguous_multiple_entrez"
"3374402","9404","unique_entrez_id"
"3374460","10249","unique_entrez_id"
"3374517","219970","unique_entrez_id"
"3374698","5007","unique_entrez_id"
"3374746","219988","unique_entrez_id"
"3374793","390201","unique_entrez_id"
"3374856","54948","unique_entrez_id"
"3374874","2694","unique_entrez_id"
"3374890","6947","unique_entrez_id"
"3374934","105369319;64231;643680","ambiguous_multiple_entrez"
"3375041","11251","unique_entrez_id"
"3375049","27339","unique_entrez_id"
"3375091","51296","unique_entrez_id"
"3375147","55048","unique_entrez_id"
"3375192","220001","unique_entrez_id"
"3375245","1642","unique_entrez_id"
"3375307","220002","unique_entrez_id"
"3375340","79869","unique_entrez_id"
"3375396","105369331;9066","ambiguous_multiple_entrez"
"3375496","26070","unique_entrez_id"
"3375518","746","unique_entrez_id"
"3375545","3992","unique_entrez_id"
"3375582","102465446;3995","ambiguous_multiple_entrez"
"3375612","5866","unique_entrez_id"
"3375648","2495","unique_entrez_id"
"3375708","404552","unique_entrez_id"
"3375735","79026","unique_entrez_id"
"3375840","64852","unique_entrez_id"
"3375862","9219","unique_entrez_id"
"3375894","256364","unique_entrez_id"
"3375935","23193;26229","ambiguous_multiple_entrez"
"3375951","23193","unique_entrez_id"
"3375990","80789","unique_entrez_id"
"3375999","102288414;79081","ambiguous_multiple_entrez"
"3376023","51035","unique_entrez_id"
"3376046","221091","unique_entrez_id"
"3376054","100534595;221092;26580","ambiguous_multiple_entrez"
"3376121","79842","unique_entrez_id"
"3376155","10482","unique_entrez_id"
"3376193","6811","unique_entrez_id"
"3376235","54663;6066","ambiguous_multiple_entrez"
"3376317","1128","unique_entrez_id"
"3376326","9356","unique_entrez_id"
"3376367","9376","unique_entrez_id"
"3376410","283238","unique_entrez_id"
"3376433","387601","unique_entrez_id"
"3376490","117245","unique_entrez_id"
"3376512","54979","unique_entrez_id"
"3376529","11145","unique_entrez_id"
"3376556","25923","unique_entrez_id"
"3376560","25923","unique_entrez_id"
"3376677","283248","unique_entrez_id"
"3376714","28992","unique_entrez_id"
"3376779","83707","unique_entrez_id"
"3376832","572","unique_entrez_id"
"3376867","51504","unique_entrez_id"
"3376914","9379","unique_entrez_id"
"3376976","10235","unique_entrez_id"
"3377016","5837","unique_entrez_id"
"3377044","7536","unique_entrez_id"
"3377091","5871","unique_entrez_id"
"3377149","4221","unique_entrez_id"
"3377177","55561","unique_entrez_id"
"3377226","10938","unique_entrez_id"
"3377322","170589","unique_entrez_id"
"3377358","116071","unique_entrez_id"
"3377385","10004","unique_entrez_id"
"3377423","113130","unique_entrez_id"
"3377456","741","unique_entrez_id"
"3377463","2197","unique_entrez_id"
"3377464","","unmapped_entrez"
"3377465","","unmapped_entrez"
"3377467","","unmapped_entrez"
"3377469","","unmapped_entrez"
"3377471","","unmapped_entrez"
"3377474","84447","unique_entrez_id"
"3377569","283130","unique_entrez_id"
"3377669","4054","unique_entrez_id"
"3377737","10089","unique_entrez_id"
"3377752","4296","unique_entrez_id"
"3377789","5970","unique_entrez_id"
"3377826","84153","unique_entrez_id"
"3377861","91056","unique_entrez_id"
"3377886","1072","unique_entrez_id"
"3377892","","unmapped_entrez"
"3377893","","unmapped_entrez"
"3377894","","unmapped_entrez"
"3377895","","unmapped_entrez"
"3377897","","unmapped_entrez"
"3377899","","unmapped_entrez"
"3377933","30008","unique_entrez_id"
"3377964","9158","unique_entrez_id"
"3377988","8061","unique_entrez_id"
"3378007","83638","unique_entrez_id"
"3378024","84285","unique_entrez_id"
"3378043","117144","unique_entrez_id"
"3378072","89792","unique_entrez_id"
"3378159","10897","unique_entrez_id"
"3378183","57124","unique_entrez_id"
"3378191","9610","unique_entrez_id"
"3378210","25855","unique_entrez_id"
"3378228","11041","unique_entrez_id"
"3378244","3177","unique_entrez_id"
"3378281","65003","unique_entrez_id"
"3378320","254359","unique_entrez_id"
"3378344","8722","unique_entrez_id"
"3378368","55231","unique_entrez_id"
"3378411","83759","unique_entrez_id"
"3378433","6712","unique_entrez_id"
"3378541","5091","unique_entrez_id"
"3378671","","unmapped_entrez"
"3378732","57804","unique_entrez_id"
"3378758","23529","unique_entrez_id"
"3378790","5499","unique_entrez_id"
"3378818","5790","unique_entrez_id"
"3378830","57175","unique_entrez_id"
"3378851","390212","unique_entrez_id"
"3378867","80194","unique_entrez_id"
"3378895","9600","unique_entrez_id"
"3378934","10263","unique_entrez_id"
"3378957","51475","unique_entrez_id"
"3378983","100505621","unique_entrez_id"
"3379031","254552","unique_entrez_id"
"3379045","347853","unique_entrez_id"
"3379063","91703","unique_entrez_id"
"3379091","221;222","ambiguous_multiple_entrez"
"3379269","81622","unique_entrez_id"
"3379326","1119","unique_entrez_id"
"3379390","51111","unique_entrez_id"
"3379452","53838","unique_entrez_id"
"3379597","9633","unique_entrez_id"
"3379644","1374","unique_entrez_id"
"3379708","219927","unique_entrez_id"
"3379744","116512","unique_entrez_id"
"3379777","116535","unique_entrez_id"
"3380065","220064","unique_entrez_id"
"3380080","220064","unique_entrez_id"
"3380126","9965","unique_entrez_id"
"3380142","2249","unique_entrez_id"
"3380181","2248","unique_entrez_id"
"3380365","22941","unique_entrez_id"
"3380647","399923","unique_entrez_id"
"3380697","1717","unique_entrez_id"
"3380769","440051","unique_entrez_id"
"3380901","4926","unique_entrez_id"
"3380980","55004","unique_entrez_id"
"3380996","25906","unique_entrez_id"
"3381038","401","unique_entrez_id"
"3381063","81570","unique_entrez_id"
"3381150","406931;5138","ambiguous_multiple_entrez"
"3381241","116985","unique_entrez_id"
"3381317","10809","unique_entrez_id"
"3381377","9873","unique_entrez_id"
"3381540","23201","unique_entrez_id"
"3381607","150786;5870;84084","ambiguous_multiple_entrez"
"3381682","51287","unique_entrez_id"
"3381702","26005","unique_entrez_id"
"3381806","","unmapped_entrez"
"3381817","7351","unique_entrez_id"
"3381843","7352","unique_entrez_id"
"3381879","283208","unique_entrez_id"
"3381925","283209","unique_entrez_id"
"3381965","10008","unique_entrez_id"
"3382015","25884","unique_entrez_id"
"3382045","","unmapped_entrez"
"3382061","143570","unique_entrez_id"
"3382175","341152","unique_entrez_id"
"3382216","408","unique_entrez_id"
"3382296","283212","unique_entrez_id"
"3382319","81544","unique_entrez_id"
"3382410","4135","unique_entrez_id"
"3382523","7481","unique_entrez_id"
"3382698","2615;390226","ambiguous_multiple_entrez"
"3382830","220032","unique_entrez_id"
"3382861","5058","unique_entrez_id"
"3382948","1207","unique_entrez_id"
"3382972","51773","unique_entrez_id"
"3383046","729927","unique_entrez_id"
"3383081","285905;644619;92105","ambiguous_multiple_entrez"
"3383130","100532726;65987","ambiguous_multiple_entrez"
"3383138","100532726;4718;65987","ambiguous_multiple_entrez"
"3383164","79053","unique_entrez_id"
"3383227","9846","unique_entrez_id"
"3383322","79731","unique_entrez_id"
"3384248","220382","unique_entrez_id"
"3384270","5547","unique_entrez_id"
"3384321","100379250;27314","ambiguous_multiple_entrez"
"3384417","106736475","unique_entrez_id"
"3384471","60492","unique_entrez_id"
"3384704","1740","unique_entrez_id"
"3384718","1740","unique_entrez_id"
"3385003","58487","unique_entrez_id"
"3385027","220388","unique_entrez_id"
"3385042","54843","unique_entrez_id"
"3385175","8301","unique_entrez_id"
"3385307","10873","unique_entrez_id"
"3385509","8322","unique_entrez_id"
"3385752","23682","unique_entrez_id"
"3385769","1075","unique_entrez_id"
"3385834","2915;440040","ambiguous_multiple_entrez"
"3385951","50507","unique_entrez_id"
"3386038","120146;283116;399939;440061;57093;642446;642569;642612;646754;729384;79097;84767","ambiguous_multiple_entrez"
"3386217","26973;727896","ambiguous_multiple_entrez"
"3386638","120103","unique_entrez_id"
"3386737","56935","unique_entrez_id"
"3386814","654320;677792;677805;677822;684959;692063;692072;692075;79101","ambiguous_multiple_entrez"
"3387010","10888","unique_entrez_id"
"3387033","4361","unique_entrez_id"
"3387171","51503","unique_entrez_id"
"3387259","143686","unique_entrez_id"
"3387413","143684","unique_entrez_id"
"3387469","","unmapped_entrez"
"3387483","8898","unique_entrez_id"
"3387537","84441","unique_entrez_id"
"3387708","","unmapped_entrez"
"3387771","79780","unique_entrez_id"
"3388365","5241","unique_entrez_id"
"3388438","7225","unique_entrez_id"
"3388517","253935","unique_entrez_id"
"3388631","114908","unique_entrez_id"
"3388673","4316","unique_entrez_id"
"3388696","9313","unique_entrez_id"
"3388730","64066","unique_entrez_id"
"3388751","4317","unique_entrez_id"
"3388785","4319","unique_entrez_id"
"3388807","4312","unique_entrez_id"
"3388830","4314","unique_entrez_id"
"3388859","4321","unique_entrez_id"
"3388893","4322","unique_entrez_id"
"3388914","84259","unique_entrez_id"
"3389077","105369464;80310","ambiguous_multiple_entrez"
"3389257","100506742","unique_entrez_id"
"3389273","643733;837","ambiguous_multiple_entrez"
"3389330","838","unique_entrez_id"
"3389353","105369468;114769;440067;440068;834","ambiguous_multiple_entrez"
"3389450","114769;834","ambiguous_multiple_entrez"
"3389473","59082","unique_entrez_id"
"3389529","84437","unique_entrez_id"
"3389566","143879","unique_entrez_id"
"3389647","2977;79912","ambiguous_multiple_entrez"
"3389745","105369477;143884","ambiguous_multiple_entrez"
"3389878","91801","unique_entrez_id"
"3389954","6588","unique_entrez_id"
"3389976","54733","unique_entrez_id"
"3390067","4863","unique_entrez_id"
"3390143","160140","unique_entrez_id"
"3390180","143888","unique_entrez_id"
"3390195","23086","unique_entrez_id"
"3390542","5962","unique_entrez_id"
"3390641","57569","unique_entrez_id"
"3390852","399948","unique_entrez_id"
"3390860","5450","unique_entrez_id"
"3390949","54766","unique_entrez_id"
"3391029","5519","unique_entrez_id"
"3391093","79796","unique_entrez_id"
"3391149","1410;91893","ambiguous_multiple_entrez"
"3391203","","unmapped_entrez"
"3391214","120379","unique_entrez_id"
"3391234","26521","unique_entrez_id"
"3391255","3606","unique_entrez_id"
"3391653","1813","unique_entrez_id"
"3391724","80975","unique_entrez_id"
"3391769","9183","unique_entrez_id"
"3391816","57646","unique_entrez_id"
"3392044","54494","unique_entrez_id"
"3392062","120400","unique_entrez_id"
"3392091","54827","unique_entrez_id"
"3392332","23705","unique_entrez_id"
"3392840","84811","unique_entrez_id"
"3392871","8882","unique_entrez_id"
"3392874","","unmapped_entrez"
"3392875","","unmapped_entrez"
"3392876","","unmapped_entrez"
"3392877","","unmapped_entrez"
"3392878","","unmapped_entrez"
"3392879","","unmapped_entrez"
"3392880","","unmapped_entrez"
"3392881","","unmapped_entrez"
"3392883","","unmapped_entrez"
"3392884","","unmapped_entrez"
"3392885","","unmapped_entrez"
"3392886","","unmapped_entrez"
"3392887","","unmapped_entrez"
"3392888","","unmapped_entrez"
"3392890","","unmapped_entrez"
"3392892","","unmapped_entrez"
"3392893","","unmapped_entrez"
"3392896","","unmapped_entrez"
"3392898","","unmapped_entrez"
"3392900","","unmapped_entrez"
"3392902","","unmapped_entrez"
"3392904","","unmapped_entrez"
"3392906","","unmapped_entrez"
"3392908","","unmapped_entrez"
"3392910","","unmapped_entrez"
"3392912","","unmapped_entrez"
"3392914","","unmapped_entrez"
"3392916","","unmapped_entrez"
"3392918","","unmapped_entrez"
"3392920","","unmapped_entrez"
"3392922","","unmapped_entrez"
"3392924","","unmapped_entrez"
"3392926","","unmapped_entrez"
"3392928","","unmapped_entrez"
"3392930","","unmapped_entrez"
"3392932","","unmapped_entrez"
"3392934","","unmapped_entrez"
"3392936","","unmapped_entrez"
"3392938","","unmapped_entrez"
"3392940","","unmapped_entrez"
"3392942","","unmapped_entrez"
"3392944","","unmapped_entrez"
"3392946","","unmapped_entrez"
"3392948","","unmapped_entrez"
"3392950","","unmapped_entrez"
"3392952","","unmapped_entrez"
"3392954","","unmapped_entrez"
"3392956","","unmapped_entrez"
"3392957","116519","unique_entrez_id"
"3392973","337","unique_entrez_id"
"3392986","335","unique_entrez_id"
"3392996","23387","unique_entrez_id"
"3393200","9159","unique_entrez_id"
"3393257","23621","unique_entrez_id"
"3393311","57453","unique_entrez_id"
"3393446","100533181;486","ambiguous_multiple_entrez"
"3393479","100533181;53826","ambiguous_multiple_entrez"
"3393536","84000","unique_entrez_id"
"3393622","6330","unique_entrez_id"
"3393652","6327","unique_entrez_id"
"3393670","120425","unique_entrez_id"
"3393704","196264","unique_entrez_id"
"3393720","10205","unique_entrez_id"
"3393744","915","unique_entrez_id"
"3393796","","unmapped_entrez"
"3393834","56912","unique_entrez_id"
"3393891","11181","unique_entrez_id"
"3393946","1656","unique_entrez_id"
"3393993","283149","unique_entrez_id"
"3394057","649946","unique_entrez_id"
"3394068","6230","unique_entrez_id"
"3394071","","unmapped_entrez"
"3394074","","unmapped_entrez"
"3394075","","unmapped_entrez"
"3394076","","unmapped_entrez"
"3394080","","unmapped_entrez"
"3394082","","unmapped_entrez"
"3394085","","unmapped_entrez"
"3394087","","unmapped_entrez"
"3394092","2542","unique_entrez_id"
"3394123","10525","unique_entrez_id"
"3394183","3014","unique_entrez_id"
"3394192","1798","unique_entrez_id"
"3394264","4162","unique_entrez_id"
"3394315","114902;83552","ambiguous_multiple_entrez"
"3394330","114902;83552","ambiguous_multiple_entrez"
"3394356","9099","unique_entrez_id"
"3394412","7070","unique_entrez_id"
"3394488","5818","unique_entrez_id"
"3394660","23650","unique_entrez_id"
"3395198","414899","unique_entrez_id"
"3395416","3312;85389;85390;85391","ambiguous_multiple_entrez"
"3395464","79827","unique_entrez_id"
"3395691","55800","unique_entrez_id"
"3395735","7753","unique_entrez_id"
"3395765","390260","unique_entrez_id"
"3395774","390261","unique_entrez_id"
"3395807","219874","unique_entrez_id"
"3395811","219873","unique_entrez_id"
"3395817","390264;390265","ambiguous_multiple_entrez"
"3395893","283159","unique_entrez_id"
"3395899","283160","unique_entrez_id"
"3395958","283162","unique_entrez_id"
"3395964","26493","unique_entrez_id"
"3395990","219858","unique_entrez_id"
"3396003","54414","unique_entrez_id"
"3396084","23584;90952","ambiguous_multiple_entrez"
"3396107","90952","unique_entrez_id"
"3396144","79684","unique_entrez_id"
"3396179","","unmapped_entrez"
"3396198","54538","unique_entrez_id"
"3396249","220296","unique_entrez_id"
"3396589","","unmapped_entrez"
"3396593","9638","unique_entrez_id"
"3396660","56","unique_entrez_id"
"3396726","399967","unique_entrez_id"
"3396736","83480","unique_entrez_id"
"3396770","50937","unique_entrez_id"
"3396883","84881","unique_entrez_id"
"3396916","6734","unique_entrez_id"
"3397003","84623","unique_entrez_id"
"3397589","2113","unique_entrez_id"
"3397774","3758","unique_entrez_id"
"3397792","219833","unique_entrez_id"
"3397847","63970","unique_entrez_id"
"3397877","9743","unique_entrez_id"
"3397951","399975","unique_entrez_id"
"3398076","4798","unique_entrez_id"
"3398145","56980","unique_entrez_id"
"3398241","29068","unique_entrez_id"
"3398328","11095","unique_entrez_id"
"3398455","100507431","unique_entrez_id"
"3398482","399979","unique_entrez_id"
"3398754","101929637","unique_entrez_id"
"3399004","4978;50863","ambiguous_multiple_entrez"
"3399379","219938","unique_entrez_id"
"3399398","","unmapped_entrez"
"3399456","22997","unique_entrez_id"
"3399545","23310","unique_entrez_id"
"3399623","29087","unique_entrez_id"
"3399678","27087","unique_entrez_id"
"3399922","440073","unique_entrez_id"
"3400034","101929432;65125","ambiguous_multiple_entrez"
"3400190","84318","unique_entrez_id"
"3400236","283358","unique_entrez_id"
"3400384","65125","unique_entrez_id"
"3400413","23085","unique_entrez_id"
"3400586","81029","unique_entrez_id"
"3400625","79602","unique_entrez_id"
"3400730","775","unique_entrez_id"
"3401080","","unmapped_entrez"
"3401086","775","unique_entrez_id"
"3401099","2288","unique_entrez_id"
"3401119","2288;55846","ambiguous_multiple_entrez"
"3401197","83695","unique_entrez_id"
"3401217","7289","unique_entrez_id"
"3401259","7004","unique_entrez_id"
"3401325","10867","unique_entrez_id"
"3401381","10867","unique_entrez_id"
"3401438","56341","unique_entrez_id"
"3401704","894","unique_entrez_id"
"3401756","57103","unique_entrez_id"
"3401804","10635","unique_entrez_id"
"3401828","8798","unique_entrez_id"
"3401878","4704","unique_entrez_id"
"3401920","26290","unique_entrez_id"
"3401953","3742","unique_entrez_id"
"3401994","3736","unique_entrez_id"
"3402039","3741","unique_entrez_id"
"3402150","4908","unique_entrez_id"
"3402315","928","unique_entrez_id"
"3402398","55200","unique_entrez_id"
"3402444","4055","unique_entrez_id"
"3402506","939","unique_entrez_id"
"3402522","55080","unique_entrez_id"
"3402571","692148;9918","ambiguous_multiple_entrez"
"3402684","","unmapped_entrez"
"3402697","50813","unique_entrez_id"
"3402736","5763","unique_entrez_id"
"3402757","3902","unique_entrez_id"
"3402786","920","unique_entrez_id"
"3402814","27239","unique_entrez_id"
"3402836","10536;27239","ambiguous_multiple_entrez"
"3402874","2784","unique_entrez_id"
"3402899","8078","unique_entrez_id"
"3402935","7167","unique_entrez_id"
"3402964","283345","unique_entrez_id"
"3402978","171220","unique_entrez_id"
"3402984","10233","unique_entrez_id"
"3403015","2026","unique_entrez_id"
"3403045","1822","unique_entrez_id"
"3403077","100147744;113246","ambiguous_multiple_entrez"
"3403092","5777","unique_entrez_id"
"3403140","10436","unique_entrez_id"
"3403168","10436;716","ambiguous_multiple_entrez"
"3403224","283314","unique_entrez_id"
"3403244","9746","unique_entrez_id"
"3403299","5830","unique_entrez_id"
"3403414","359787;400206","ambiguous_multiple_entrez"
"3403427","360030","unique_entrez_id"
"3403482","404635","unique_entrez_id"
"3403539","55810","unique_entrez_id"
"3403567","25977","unique_entrez_id"
"3403595","50856","unique_entrez_id"
"3403612","100131539;100131980;100132396;440077;728957","ambiguous_multiple_entrez"
"3403754","93978","unique_entrez_id"
"3403773","338339","unique_entrez_id"
"3403841","57494","unique_entrez_id"
"3403889","144568","unique_entrez_id"
"3403981","1911","unique_entrez_id"
"3404030","10219","unique_entrez_id"
"3404436","29121","unique_entrez_id"
"3404496","51348","unique_entrez_id"
"3404530","160364","unique_entrez_id"
"3404549","387837","unique_entrez_id"
"3404567","283420","unique_entrez_id"
"3404626","120939","unique_entrez_id"
"3404636","23710;23766","ambiguous_multiple_entrez"
"3404660","3824","unique_entrez_id"
"3404823","100533464;5554;5555","ambiguous_multiple_entrez"
"3405032","2120","unique_entrez_id"
"3405207","100302285;100422872;100422885;103504734;5757;79370","ambiguous_multiple_entrez"
"3405297","118426","unique_entrez_id"
"3405396","1389","unique_entrez_id"
"3405440","1027","unique_entrez_id"
"3405515","81575","unique_entrez_id"
"3405531","51202","unique_entrez_id"
"3405587","9052","unique_entrez_id"
"3405748","2012","unique_entrez_id"
"3406015","55729","unique_entrez_id"
"3406179","55766","unique_entrez_id"
"3406195","144608","unique_entrez_id"
"3406229","5149","unique_entrez_id"
"3406329","5800","unique_entrez_id"
"3406421","11171","unique_entrez_id"
"3406493","51071","unique_entrez_id"
"3406589","4257","unique_entrez_id"
"3406880","5288","unique_entrez_id"
"3407016","102724227;93661","ambiguous_multiple_entrez"
"3407096","100421296;54477","ambiguous_multiple_entrez"
"3407229","121536","unique_entrez_id"
"3407453","5139","unique_entrez_id"
"3407583","53919","unique_entrez_id"
"3407629","28234;338821","ambiguous_multiple_entrez"
"3407683","10599;28234;338821","ambiguous_multiple_entrez"
"3407770","3375","unique_entrez_id"
"3407793","79912","unique_entrez_id"
"3407824","51026","unique_entrez_id"
"3407849","80763","unique_entrez_id"
"3407926","55907","unique_entrez_id"
"3408018","55500","unique_entrez_id"
"3408505","4033","unique_entrez_id"
"3408573","144363","unique_entrez_id"
"3408733","11228","unique_entrez_id"
"3408831","8082","unique_entrez_id"
"3408966","26127","unique_entrez_id"
"3409006","9412","unique_entrez_id"
"3409081","23012","unique_entrez_id"
"3409127","56938","unique_entrez_id"
"3409211","8496","unique_entrez_id"
"3409330","60488","unique_entrez_id"
"3409364","57542","unique_entrez_id"
"3409432","55297","unique_entrez_id"
"3409605","55711","unique_entrez_id"
"3410056","441631","unique_entrez_id"
"3410241","79857","unique_entrez_id"
"3410322","254013","unique_entrez_id"
"3410384","55196","unique_entrez_id"
"3410445","636","unique_entrez_id"
"3410614","121512","unique_entrez_id"
"3410695","10059","unique_entrez_id"
"3410908","144245;84920","ambiguous_multiple_entrez"
"3411234","283461","unique_entrez_id"
"3411721","1272","unique_entrez_id"
"3411810","29951","unique_entrez_id"
"3412008","51535","unique_entrez_id"
"3412296","51135","unique_entrez_id"
"3412345","84216","unique_entrez_id"
"3413067","91523","unique_entrez_id"
"3413212","55652","unique_entrez_id"
"3413278","79022","unique_entrez_id"
"3413344","5213","unique_entrez_id"
"3413456","341567","unique_entrez_id"
"3413479","23519","unique_entrez_id"
"3413495","121273","unique_entrez_id"
"3413525","341568","unique_entrez_id"
"3413604","784","unique_entrez_id"
"3413643","85478","unique_entrez_id"
"3413701","7471","unique_entrez_id"
"3413787","10376;105369760;7846;84790","ambiguous_multiple_entrez"
"3413852","5630","unique_entrez_id"
"3413875","10024","unique_entrez_id"
"3413927","79962","unique_entrez_id"
"3413950","100335030;65244","ambiguous_multiple_entrez"
"3414029","23416","unique_entrez_id"
"3414104","25766","unique_entrez_id"
"3414186","7009","unique_entrez_id"
"3414296","105369763;359","ambiguous_multiple_entrez"
"3414315","362","unique_entrez_id"
"3414326","363","unique_entrez_id"
"3414351","41","unique_entrez_id"
"3414390","6602","unique_entrez_id"
"3414419","2819","unique_entrez_id"
"3414440","84987","unique_entrez_id"
"3414512","113251","unique_entrez_id"
"3414561","57609","unique_entrez_id"
"3414632","57609","unique_entrez_id"
"3414695","466","unique_entrez_id"
"3414723","283471","unique_entrez_id"
"3414739","25840","unique_entrez_id"
"3414776","25875","unique_entrez_id"
"3414846","9802","unique_entrez_id"
"3414885","9498","unique_entrez_id"
"3414969","6334","unique_entrez_id"
"3415046","6334","unique_entrez_id"
"3415068","341405","unique_entrez_id"
"3415109","94","unique_entrez_id"
"3415148","91","unique_entrez_id"
"3415193","160622","unique_entrez_id"
"3415229","3164","unique_entrez_id"
"3415273","60673","unique_entrez_id"
"3415320","3855","unique_entrez_id"
"3415368","3887;3889;3891;3892;85349","ambiguous_multiple_entrez"
"3415576","3875","unique_entrez_id"
"3415668","23371","unique_entrez_id"
"3415744","3489","unique_entrez_id"
"3415763","8435","unique_entrez_id"
"3415812","283337","unique_entrez_id"
"3415849","84975","unique_entrez_id"
"3415857","9700","unique_entrez_id"
"3415915","5204","unique_entrez_id"
"3415937","60314","unique_entrez_id"
"3415969","6667","unique_entrez_id"
"3415988","269","unique_entrez_id"
"3416019","54458","unique_entrez_id"
"3416036","102157401;5094","ambiguous_multiple_entrez"
"3416114","6895","unique_entrez_id"
"3416256","3229","unique_entrez_id"
"3416268","3228","unique_entrez_id"
"3416278","3227","unique_entrez_id"
"3416290","3226","unique_entrez_id"
"3416301","3221;3222;3223;406973","ambiguous_multiple_entrez"
"3416344","3225","unique_entrez_id"
"3416353","3224","unique_entrez_id"
"3416483","144983;3178;664709","ambiguous_multiple_entrez"
"3416484","","unmapped_entrez"
"3416485","","unmapped_entrez"
"3416487","","unmapped_entrez"
"3416488","","unmapped_entrez"
"3416489","","unmapped_entrez"
"3416490","","unmapped_entrez"
"3416491","","unmapped_entrez"
"3416492","","unmapped_entrez"
"3416496","","unmapped_entrez"
"3416498","","unmapped_entrez"
"3416500","","unmapped_entrez"
"3416501","","unmapped_entrez"
"3416508","","unmapped_entrez"
"3416510","","unmapped_entrez"
"3416512","","unmapped_entrez"
"3416514","","unmapped_entrez"
"3416522","22818;442892","ambiguous_multiple_entrez"
"3416577","3071","unique_entrez_id"
"3416651","5153","unique_entrez_id"
"3416702","118430","unique_entrez_id"
"3416733","58158","unique_entrez_id"
"3416740","121364;254783","ambiguous_multiple_entrez"
"3416773","441639","unique_entrez_id"
"3416830","390321","unique_entrez_id"
"3416834","254786","unique_entrez_id"
"3416852","390326","unique_entrez_id"
"3416856","341416","unique_entrez_id"
"3416895","196410","unique_entrez_id"
"3416909","100528022;2647","ambiguous_multiple_entrez"
"3416921","100528022;5959","ambiguous_multiple_entrez"
"3416943","10220","unique_entrez_id"
"3416977","29095","unique_entrez_id"
"3416996","440104","unique_entrez_id"
"3417075","1606","unique_entrez_id"
"3417146","1017","unique_entrez_id"
"3417161","5869","unique_entrez_id"
"3417184","6821","unique_entrez_id"
"3417201","64375","unique_entrez_id"
"3417249","2065","unique_entrez_id"
"3417309","5036;647033","ambiguous_multiple_entrez"
"3417345","6171","unique_entrez_id"
"3417356","84872","unique_entrez_id"
"3417371","23344","unique_entrez_id"
"3417435","140465","unique_entrez_id"
"3417457","4637","unique_entrez_id"
"3417485","79035","unique_entrez_id"
"3417500","283375","unique_entrez_id"
"3417531","93058","unique_entrez_id"
"3417557","51561","unique_entrez_id"
"3417574","283377","unique_entrez_id"
"3417583","5939","unique_entrez_id"
"3417703","8630","unique_entrez_id"
"3417767","11318","unique_entrez_id"
"3417788","11318","unique_entrez_id"
"3417809","4665","unique_entrez_id"
"3417842","4035","unique_entrez_id"
"3417988","11247","unique_entrez_id"
"3418007","6472","unique_entrez_id"
"3418086","","unmapped_entrez"
"3418100","3626","unique_entrez_id"
"3418111","83729","unique_entrez_id"
"3418120","2735","unique_entrez_id"
"3418153","4141","unique_entrez_id"
"3418214","114785","unique_entrez_id"
"3418249","3798","unique_entrez_id"
"3418298","3798","unique_entrez_id"
"3418303","79837","unique_entrez_id"
"3418329","196403","unique_entrez_id"
"3418354","115557","unique_entrez_id"
"3418394","65012","unique_entrez_id"
"3418436","10956","unique_entrez_id"
"3418492","6302","unique_entrez_id"
"3418513","92979","unique_entrez_id"
"3418534","25895","unique_entrez_id"
"3418551","10102","unique_entrez_id"
"3418610","91419","unique_entrez_id"
"3419147","102465133;9958","ambiguous_multiple_entrez"
"3419239","23041","unique_entrez_id"
"3419471","9045","unique_entrez_id"
"3419473","","unmapped_entrez"
"3419474","","unmapped_entrez"
"3419475","","unmapped_entrez"
"3419476","","unmapped_entrez"
"3419585","10329","unique_entrez_id"
"3419641","57522","unique_entrez_id"
"3419807","11260","unique_entrez_id"
"3419849","29110","unique_entrez_id"
"3419898","283349","unique_entrez_id"
"3420079","23592","unique_entrez_id"
"3420151","105369809;253827","ambiguous_multiple_entrez"
"3420316","8091","unique_entrez_id"
"3420442","11213","unique_entrez_id"
"3420497","92797","unique_entrez_id"
"3420713","55832","unique_entrez_id"
"3420854","8445","unique_entrez_id"
"3421118","5908","unique_entrez_id"
"3421177","57122","unique_entrez_id"
"3421244","55508","unique_entrez_id"
"3421285","","unmapped_entrez"
"3421300","4193","unique_entrez_id"
"3421446","11052","unique_entrez_id"
"3421511","4069","unique_entrez_id"
"3421523","8089","unique_entrez_id"
"3421579","10818","unique_entrez_id"
"3421630","10576","unique_entrez_id"
"3421706","117177","unique_entrez_id"
"3421762","117177","unique_entrez_id"
"3421824","196446","unique_entrez_id"
"3421897","4848","unique_entrez_id"
"3421985","27345","unique_entrez_id"
"3422144","8549","unique_entrez_id"
"3422215","83591","unique_entrez_id"
"3422231","55266","unique_entrez_id"
"3422269","23011","unique_entrez_id"
"3422326","64786","unique_entrez_id"
"3422386","121278","unique_entrez_id"
"3422458","29953","unique_entrez_id"
"3422703","552889","unique_entrez_id"
"3422804","256710","unique_entrez_id"
"3422826","144321","unique_entrez_id"
"3422855","11010","unique_entrez_id"
"3423176","","unmapped_entrez"
"3423184","23390","unique_entrez_id"
"3423301","89795;89797","ambiguous_multiple_entrez"
"3423622","6857","unique_entrez_id"
"3424030","283310","unique_entrez_id"
"3424158","4618","unique_entrez_id"
"3424174","4617","unique_entrez_id"
"3424218","79611","unique_entrez_id"
"3424379","84190","unique_entrez_id"
"3424442","160335","unique_entrez_id"
"3424705","84125","unique_entrez_id"
"3424785","8092","unique_entrez_id"
"3424898","4922","unique_entrez_id"
"3425108","91298","unique_entrez_id"
"3425134","160418","unique_entrez_id"
"3425632","439916","unique_entrez_id"
"3425983","440107","unique_entrez_id"
"3426169","11163;170688","ambiguous_multiple_entrez"
"3426215","28977","unique_entrez_id"
"3426257","8835","unique_entrez_id"
"3426301","8738","unique_entrez_id"
"3426502","10154","unique_entrez_id"
"3426828","442903;55591","ambiguous_multiple_entrez"
"3426917","10988","unique_entrez_id"
"3427014","6636","unique_entrez_id"
"3427032","144193","unique_entrez_id"
"3427098","2004","unique_entrez_id"
"3427282","144535","unique_entrez_id"
"3427352","121441","unique_entrez_id"
"3427767","7112","unique_entrez_id"
"3427820","5250;677832","ambiguous_multiple_entrez"
"3427824","","unmapped_entrez"
"3427830","","unmapped_entrez"
"3427834","","unmapped_entrez"
"3427836","","unmapped_entrez"
"3427837","","unmapped_entrez"
"3427838","","unmapped_entrez"
"3427841","","unmapped_entrez"
"3427843","","unmapped_entrez"
"3427847","","unmapped_entrez"
"3427849","","unmapped_entrez"
"3427851","","unmapped_entrez"
"3427853","","unmapped_entrez"
"3427855","","unmapped_entrez"
"3427857","","unmapped_entrez"
"3427876","317","unique_entrez_id"
"3428035","196472","unique_entrez_id"
"3428088","64431","unique_entrez_id"
"3428131","55681","unique_entrez_id"
"3428190","246213","unique_entrez_id"
"3428225","9971","unique_entrez_id"
"3428268","283431;5277;5278","ambiguous_multiple_entrez"
"3428333","121601","unique_entrez_id"
"3428447","27340","unique_entrez_id"
"3428573","121599","unique_entrez_id"
"3428596","4604","unique_entrez_id"
"3428671","56994","unique_entrez_id"
"3428783","55332","unique_entrez_id"
"3428845","55010","unique_entrez_id"
"3429008","429","unique_entrez_id"
"3429159","55576","unique_entrez_id"
"3429312","100500842;7184;7190","ambiguous_multiple_entrez"
"3429365","6996","unique_entrez_id"
"3429406","29915","unique_entrez_id"
"3429460","7296","unique_entrez_id"
"3429555","493861","unique_entrez_id"
"3429566","50515","unique_entrez_id"
"3429669","","unmapped_entrez"
"3429676","","unmapped_entrez"
"3429754","23325","unique_entrez_id"
"3429857","105369955;105369957;387882","ambiguous_multiple_entrez"
"3430086","255394","unique_entrez_id"
"3430125","","unmapped_entrez"
"3430129","55703","unique_entrez_id"
"3430228","5992","unique_entrez_id"
"3430331","55188","unique_entrez_id"
"3430389","90488","unique_entrez_id"
"3430462","121551","unique_entrez_id"
"3430552","11137","unique_entrez_id"
"3430603","121549","unique_entrez_id"
"3430620","9671","unique_entrez_id"
"3430716","11153","unique_entrez_id"
"3430776","23479","unique_entrez_id"
"3430868","1610","unique_entrez_id"
"3430894","84749","unique_entrez_id"
"3430926","7374","unique_entrez_id"
"3430959","32","unique_entrez_id"
"3431071","283446","unique_entrez_id"
"3431143","89910","unique_entrez_id"
"3431220","4598","unique_entrez_id"
"3431247","84915","unique_entrez_id"
"3431318","84260","unique_entrez_id"
"3431376","88455","unique_entrez_id"
"3431426","28981","unique_entrez_id"
"3431483","488","unique_entrez_id"
"3431553","29902","unique_entrez_id"
"3431620","79600","unique_entrez_id"
"3431701","160762","unique_entrez_id"
"3431892","10019","unique_entrez_id"
"3432030","80724","unique_entrez_id"
"3432090","217","unique_entrez_id"
"3432138","8550","unique_entrez_id"
"3432225","10961","unique_entrez_id"
"3432267","10906","unique_entrez_id"
"3432333","5781","unique_entrez_id"
"3432394","22895","unique_entrez_id"
"3432438","4938","unique_entrez_id"
"3432467","4940","unique_entrez_id"
"3432514","4939","unique_entrez_id"
"3432556","1840","unique_entrez_id"
"3432641","84934","unique_entrez_id"
"3432678","102465457;53373","ambiguous_multiple_entrez"
"3432754","196463","unique_entrez_id"
"3432798","113675","unique_entrez_id"
"3433466","100287569","unique_entrez_id"
"3433538","84900","unique_entrez_id"
"3433591","26259","unique_entrez_id"
"3433747","5985","unique_entrez_id"
"3433796","5037","unique_entrez_id"
"3433843","64426","unique_entrez_id"
"3433929","84530","unique_entrez_id"
"3434012","105370026;11333;26353","ambiguous_multiple_entrez"
"3434048","160777","unique_entrez_id"
"3434142","5564","unique_entrez_id"
"3434193","92558","unique_entrez_id"
"3434308","23409","unique_entrez_id"
"3434374","283459","unique_entrez_id"
"3434383","","unmapped_entrez"
"3434384","","unmapped_entrez"
"3434393","8655","unique_entrez_id"
"3434413","9921","unique_entrez_id"
"3434490","9478","unique_entrez_id"
"3434525","9761","unique_entrez_id"
"3434562","100616329;84747","ambiguous_multiple_entrez"
"3434594","35","unique_entrez_id"
"3434681","6927","unique_entrez_id"
"3434726","5027","unique_entrez_id"
"3434760","5025","unique_entrez_id"
"3434823","80196","unique_entrez_id"
"3434888","84876","unique_entrez_id"
"3435050","5715","unique_entrez_id"
"3435078","144406","unique_entrez_id"
"3435192","22877","unique_entrez_id"
"3435241","254050","unique_entrez_id"
"3435267","79369","unique_entrez_id"
"3435362","9735","unique_entrez_id"
"3435490","8562","unique_entrez_id"
"3435515","84660","unique_entrez_id"
"3435548","9026","unique_entrez_id"
"3435653","79676","unique_entrez_id"
"3435681","51329","unique_entrez_id"
"3435752","91574","unique_entrez_id"
"3435853","10959","unique_entrez_id"
"3435860","","unmapped_entrez"
"3435863","","unmapped_entrez"
"3435865","","unmapped_entrez"
"3435867","","unmapped_entrez"
"3435869","","unmapped_entrez"
"3435871","","unmapped_entrez"
"3435873","","unmapped_entrez"
"3435875","","unmapped_entrez"
"3435877","","unmapped_entrez"
"3435879","","unmapped_entrez"
"3435881","","unmapped_entrez"
"3435883","","unmapped_entrez"
"3435885","","unmapped_entrez"
"3435887","","unmapped_entrez"
"3435889","","unmapped_entrez"
"3435891","","unmapped_entrez"
"3435893","","unmapped_entrez"
"3435895","","unmapped_entrez"
"3435897","","unmapped_entrez"
"3435899","","unmapped_entrez"
"3435901","","unmapped_entrez"
"3435902","57696","unique_entrez_id"
"3435946","2967","unique_entrez_id"
"3435980","79867","unique_entrez_id"
"3436021","23545","unique_entrez_id"
"3436082","196385","unique_entrez_id"
"3436117","196385","unique_entrez_id"
"3436236","100533183;144348","ambiguous_multiple_entrez"
"3436329","100533183;144347","ambiguous_multiple_entrez"
"3436544","102659353;140707","ambiguous_multiple_entrez"
"3436571","65985","unique_entrez_id"
"3436987","100507206","unique_entrez_id"
"3437500","144423","unique_entrez_id"
"3437780","11211","unique_entrez_id"
"3437801","9271","unique_entrez_id"
"3438027","5901","unique_entrez_id"
"3438061","283383","unique_entrez_id"
"3438417","6433","unique_entrez_id"
"3438482","4326","unique_entrez_id"
"3438527","8408","unique_entrez_id"
"3438581","80324","unique_entrez_id"
"3438617","347918;57634;677829","ambiguous_multiple_entrez"
"3438772","347918;57634","ambiguous_multiple_entrez"
"3438847","105370091;57666","ambiguous_multiple_entrez"
"3439013","79050","unique_entrez_id"
"3439063","7574","unique_entrez_id"
"3439132","22953","unique_entrez_id"
"3439178","5827","unique_entrez_id"
"3439195","192111","unique_entrez_id"
"3439256","6205","unique_entrez_id"
"3439268","","unmapped_entrez"
"3439305","7637","unique_entrez_id"
"3439356","7699","unique_entrez_id"
"3439378","7556","unique_entrez_id"
"3439510","6539","unique_entrez_id"
"3439549","6540","unique_entrez_id"
"3439603","5927","unique_entrez_id"
"3439732","105369597;4815","ambiguous_multiple_entrez"
"3439836","5893","unique_entrez_id"
"3440017","144699","unique_entrez_id"
"3440066","654429;93589","ambiguous_multiple_entrez"
"3440192","196513","unique_entrez_id"
"3440568","83714","unique_entrez_id"
"3440598","2305","unique_entrez_id"
"3440921","84766","unique_entrez_id"
"3440998","","unmapped_entrez"
"3441011","57097","unique_entrez_id"
"3441168","8074","unique_entrez_id"
"3441190","2251","unique_entrez_id"
"3441215","57102","unique_entrez_id"
"3441280","10566","unique_entrez_id"
"3441527","","unmapped_entrez"
"3441542","57101","unique_entrez_id"
"3441685","7450","unique_entrez_id"
"3441849","7132","unique_entrez_id"
"3441885","6337","unique_entrez_id"
"3441941","6843","unique_entrez_id"
"3441955","51258","unique_entrez_id"
"3441986","25900","unique_entrez_id"
"3442024","4839","unique_entrez_id"
"3442054","1108;677780","ambiguous_multiple_entrez"
"3442137","57121","unique_entrez_id"
"3442150","84519","unique_entrez_id"
"3442176","51147","unique_entrez_id"
"3442205","171017;2130","ambiguous_multiple_entrez"
"3442249","196500","unique_entrez_id"
"3442282","57159;8079","ambiguous_multiple_entrez"
"3442322","83461","unique_entrez_id"
"3442345","84727","unique_entrez_id"
"3442396","11331;677777","ambiguous_multiple_entrez"
"3442427","10162","unique_entrez_id"
"3442475","715","unique_entrez_id"
"3442514","51279","unique_entrez_id"
"3442579","83758","unique_entrez_id"
"3442641","283316;54737","ambiguous_multiple_entrez"
"3442706","9332","unique_entrez_id"
"3442752","339","unique_entrez_id"
"3442774","9573","unique_entrez_id"
"3442785","170482","unique_entrez_id"
"3442812","144195;6515","ambiguous_multiple_entrez"
"3442854","144195;6515","ambiguous_multiple_entrez"
"3442941","719","unique_entrez_id"
"3442986","441317;55138","ambiguous_multiple_entrez"
"3443183","26253","unique_entrez_id"
"3443206","57379","unique_entrez_id"
"3443226","8076","unique_entrez_id"
"3443296","4074","unique_entrez_id"
"3443348","2","unique_entrez_id"
"3443434","253128","unique_entrez_id"
"3443464","5858","unique_entrez_id"
"3443804","3820","unique_entrez_id"
"3443857","160365","unique_entrez_id"
"3443868","969","unique_entrez_id"
"3443891","9976","unique_entrez_id"
"3443913","387836","unique_entrez_id"
"3443936","100506159;51266","ambiguous_multiple_entrez"
"3443952","400002","unique_entrez_id"
"3443985","51267","unique_entrez_id"
"3444009","64581","unique_entrez_id"
"3444043","4973","unique_entrez_id"
"3444086","100528032;22914;8302","ambiguous_multiple_entrez"
"3444117","100528032;3821;3822;3823;8302","ambiguous_multiple_entrez"
"3444147","3821","unique_entrez_id"
"3444180","10748","unique_entrez_id"
"3444195","55110","unique_entrez_id"
"3444216","55359","unique_entrez_id"
"3444252","440359;8531","ambiguous_multiple_entrez"
"3444300","50837","unique_entrez_id"
"3444304","50836","unique_entrez_id"
"3444309","50835","unique_entrez_id"
"3444329","50839","unique_entrez_id"
"3444336","100533464;11272","ambiguous_multiple_entrez"
"3444368","100533464;106707243;5554;5555","ambiguous_multiple_entrez"
"3444406","50838","unique_entrez_id"
"3444436","106707243;50840","ambiguous_multiple_entrez"
"3444472","259296","unique_entrez_id"
"3444476","259295","unique_entrez_id"
"3444493","259294","unique_entrez_id"
"3444503","259290","unique_entrez_id"
"3444525","259292","unique_entrez_id"
"3444578","5545","unique_entrez_id"
"3444820","4040","unique_entrez_id"
"3444906","54682","unique_entrez_id"
"3444958","80824","unique_entrez_id"
"3445028","2842","unique_entrez_id"
"3445108","55507","unique_entrez_id"
"3445123","50865","unique_entrez_id"
"3445156","83445","unique_entrez_id"
"3445252","283422","unique_entrez_id"
"3445326","2904","unique_entrez_id"
"3445544","79887","unique_entrez_id"
"3445574","2984","unique_entrez_id"
"3445643","105369669;121504","ambiguous_multiple_entrez"
"3445670","441818;51729","ambiguous_multiple_entrez"
"3445723","420","unique_entrez_id"
"3445741","4256","unique_entrez_id"
"3445768","121506","unique_entrez_id"
"3445786","397","unique_entrez_id"
"3445820","85004","unique_entrez_id"
"3445908","2059","unique_entrez_id"
"3446137","105369677;55885","ambiguous_multiple_entrez"
"3446297","79785","unique_entrez_id"
"3446355","89869","unique_entrez_id"
"3446728","6579","unique_entrez_id"
"3446796","5965","unique_entrez_id"
"3446845","2998","unique_entrez_id"
"3446868","102724261;3945","ambiguous_multiple_entrez"
"3446910","3764","unique_entrez_id"
"3446919","10060","unique_entrez_id"
"3447022","105369151;105369690;6489","ambiguous_multiple_entrez"
"3447129","9847","unique_entrez_id"
"3447348","6660","unique_entrez_id"
"3447650","144360","unique_entrez_id"
"3447694","586","unique_entrez_id"
"3447798","55259","unique_entrez_id"
"3447863","3845","unique_entrez_id"
"3447933","160492","unique_entrez_id"
"3448088","79365","unique_entrez_id"
"3448152","101928554;3709","ambiguous_multiple_entrez"
"3448428","55726","unique_entrez_id"
"3448481","51768","unique_entrez_id"
"3448744","5744","unique_entrez_id"
"3448975","51290","unique_entrez_id"
"3449008","341350","unique_entrez_id"
"3449068","83857","unique_entrez_id"
"3449304","10526","unique_entrez_id"
"3449368","65981","unique_entrez_id"
"3449591","144203;408186","ambiguous_multiple_entrez"
"3449700","58516","unique_entrez_id"
"3449760","160518","unique_entrez_id"
"3449910","196394","unique_entrez_id"
"3450180","51067","unique_entrez_id"
"3450234","5318","unique_entrez_id"
"3450362","341359","unique_entrez_id"
"3450655","144402","unique_entrez_id"
"3450775","55605","unique_entrez_id"
"3450861","225","unique_entrez_id"
"3450899","114134","unique_entrez_id"
"3451246","283464","unique_entrez_id"
"3451264","10138","unique_entrez_id"
"3451318","85437","unique_entrez_id"
"3451375","144165","unique_entrez_id"
"3451558","5612;80070","ambiguous_multiple_entrez"
"3451670","83448","unique_entrez_id"
"3451708","5756","unique_entrez_id"
"3451814","4097;4753","ambiguous_multiple_entrez"
"3451942","440097","unique_entrez_id"
"3451960","29127;83956","ambiguous_multiple_entrez"
"3451988","51054;84725","ambiguous_multiple_entrez"
"3452145","9169","unique_entrez_id"
"3452231","81539","unique_entrez_id"
"3452323","54407","unique_entrez_id"
"3452417","55089","unique_entrez_id"
"3452478","347902","unique_entrez_id"
"3452622","79657","unique_entrez_id"
"3452664","8909","unique_entrez_id"
"3452690","10411","unique_entrez_id"
"3452743","51564","unique_entrez_id"
"3452818","7421","unique_entrez_id"
"3452865","1280","unique_entrez_id"
"3452970","29843","unique_entrez_id"
"3453036","140461","unique_entrez_id"
"3453078","121275","unique_entrez_id"
"3453120","121274","unique_entrez_id"
"3453169","3906","unique_entrez_id"
"3453177","54934;677793;677794;677815","ambiguous_multiple_entrez"
"3453218","904","unique_entrez_id"
"3453252","112","unique_entrez_id"
"3453319","9416","unique_entrez_id"
"3453348","27289","unique_entrez_id"
"3453370","377","unique_entrez_id"
"3453383","","unmapped_entrez"
"3453384","","unmapped_entrez"
"3453386","","unmapped_entrez"
"3453388","","unmapped_entrez"
"3453389","","unmapped_entrez"
"3453399","","unmapped_entrez"
"3453400","","unmapped_entrez"
"3453405","51303","unique_entrez_id"
"3453434","","unmapped_entrez"
"3453436","","unmapped_entrez"
"3453438","","unmapped_entrez"
"3453440","","unmapped_entrez"
"3453442","","unmapped_entrez"
"3453444","","unmapped_entrez"
"3453446","","unmapped_entrez"
"3453448","","unmapped_entrez"
"3453450","","unmapped_entrez"
"3453452","","unmapped_entrez"
"3453454","","unmapped_entrez"
"3453456","","unmapped_entrez"
"3453458","","unmapped_entrez"
"3453460","","unmapped_entrez"
"3453462","","unmapped_entrez"
"3453464","","unmapped_entrez"
"3453466","","unmapped_entrez"
"3453468","","unmapped_entrez"
"3453470","","unmapped_entrez"
"3453472","","unmapped_entrez"
"3453474","","unmapped_entrez"
"3453476","","unmapped_entrez"
"3453478","","unmapped_entrez"
"3453480","","unmapped_entrez"
"3453482","","unmapped_entrez"
"3453484","","unmapped_entrez"
"3453486","","unmapped_entrez"
"3453488","","unmapped_entrez"
"3453490","","unmapped_entrez"
"3453492","","unmapped_entrez"
"3453494","","unmapped_entrez"
"3453496","","unmapped_entrez"
"3453498","","unmapped_entrez"
"3453500","","unmapped_entrez"
"3453502","","unmapped_entrez"
"3453504","","unmapped_entrez"
"3453506","","unmapped_entrez"
"3453508","","unmapped_entrez"
"3453510","","unmapped_entrez"
"3453513","7480","unique_entrez_id"
"3453556","5571","unique_entrez_id"
"3453592","8085","unique_entrez_id"
"3453712","121268;8085","ambiguous_multiple_entrez"
"3453732","10376;7846;84790","ambiguous_multiple_entrez"
"3453758","50846","unique_entrez_id"
"3453774","55716","unique_entrez_id"
"3453837","10376;7846;84790","ambiguous_multiple_entrez"
"3453882","10445","unique_entrez_id"
"3453969","84070","unique_entrez_id"
"3454006","91010","unique_entrez_id"
"3454092","57701","unique_entrez_id"
"3454147","144233","unique_entrez_id"
"3454157","23017","unique_entrez_id"
"3454223","29127;83956","ambiguous_multiple_entrez"
"3454296","91012","unique_entrez_id"
"3454331","134553;51474","ambiguous_multiple_entrez"
"3454576","4891","unique_entrez_id"
"3454662","81566","unique_entrez_id"
"3454680","7024","unique_entrez_id"
"3454740","494150","unique_entrez_id"
"3454821","57228","unique_entrez_id"
"3454841","105369767;51411","ambiguous_multiple_entrez"
"3454877","1990","unique_entrez_id"
"3454892","11226","unique_entrez_id"
"3455134","144501","unique_entrez_id"
"3455186","109729127;3852","ambiguous_multiple_entrez"
"3455261","3887;3889;3892;85349","ambiguous_multiple_entrez"
"3455290","3887;3889;3892;85349","ambiguous_multiple_entrez"
"3455309","3887;3891;3892","ambiguous_multiple_entrez"
"3455326","3890","unique_entrez_id"
"3455344","3888","unique_entrez_id"
"3455388","9119","unique_entrez_id"
"3455426","286887;3853;3854","ambiguous_multiple_entrez"
"3455478","286887;3853;3854","ambiguous_multiple_entrez"
"3455516","3856","unique_entrez_id"
"3455612","112802","unique_entrez_id"
"3455632","121391","unique_entrez_id"
"3455651","140807","unique_entrez_id"
"3455674","319101","unique_entrez_id"
"3455692","3849","unique_entrez_id"
"3455728","3848","unique_entrez_id"
"3455752","374454","unique_entrez_id"
"3455824","3850;51350","ambiguous_multiple_entrez"
"3455842","3850;51350","ambiguous_multiple_entrez"
"3455865","3851","unique_entrez_id"
"3455890","338785","unique_entrez_id"
"3455914","196374","unique_entrez_id"
"3455946","283335","unique_entrez_id"
"3455973","84926","unique_entrez_id"
"3456006","51380","unique_entrez_id"
"3456049","3695","unique_entrez_id"
"3456081","5916","unique_entrez_id"
"3456130","8086","unique_entrez_id"
"3456161","121340","unique_entrez_id"
"3456212","7786","unique_entrez_id"
"3456251","8620","unique_entrez_id"
"3456260","11016","unique_entrez_id"
"3456306","11016","unique_entrez_id"
"3456313","517","unique_entrez_id"
"3456353","102216268;57658","ambiguous_multiple_entrez"
"3456592","23583","unique_entrez_id"
"3456630","23468","unique_entrez_id"
"3456666","4778","unique_entrez_id"
"3456688","53831","unique_entrez_id"
"3456700","25946","unique_entrez_id"
"3456732","3678","unique_entrez_id"
"3456805","121355","unique_entrez_id"
"3456840","5502","unique_entrez_id"
"3456878","90070","unique_entrez_id"
"3456896","117159","unique_entrez_id"
"3456955","9840","unique_entrez_id"
"3457101","3679","unique_entrez_id"
"3457160","967","unique_entrez_id"
"3457201","84324;85406","ambiguous_multiple_entrez"
"3457275","4327","unique_entrez_id"
"3457315","84305","unique_entrez_id"
"3457336","6490","unique_entrez_id"
"3457455","6601","unique_entrez_id"
"3457523","10193","unique_entrez_id"
"3457549","283373","unique_entrez_id"
"3457614","1431","unique_entrez_id"
"3457667","10330;9924","ambiguous_multiple_entrez"
"3457696","9924","unique_entrez_id"
"3457752","6773","unique_entrez_id"
"3457794","319","unique_entrez_id"
"3457824","8914","unique_entrez_id"
"3457872","4284","unique_entrez_id"
"3457891","27165","unique_entrez_id"
"3457947","11176","unique_entrez_id"
"3458033","26789;506;692090","ambiguous_multiple_entrez"
"3458097","342538;4666","ambiguous_multiple_entrez"
"3458133","5557","unique_entrez_id"
"3458177","121214","unique_entrez_id"
"3458193","8608","unique_entrez_id"
"3458216","9880","unique_entrez_id"
"3458230","6866","unique_entrez_id"
"3458248","4640","unique_entrez_id"
"3458337","6778","unique_entrez_id"
"3458400","56901","unique_entrez_id"
"3458426","22864;246329","ambiguous_multiple_entrez"
"3458451","22864","unique_entrez_id"
"3458551","64333","unique_entrez_id"
"3458587","1649","unique_entrez_id"
"3458614","10540","unique_entrez_id"
"3458700","2583","unique_entrez_id"
"3458735","116986","unique_entrez_id"
"3458783","1019;102466729","ambiguous_multiple_entrez"
"3458819","1594","unique_entrez_id"
"3458837","4234","unique_entrez_id"
"3458857","10677","unique_entrez_id"
"3458911","10106;407016","ambiguous_multiple_entrez"
"3459120","121227","unique_entrez_id"
"3459434","338811","unique_entrez_id"
"3459579","283416","unique_entrez_id"
"3459604","57460","unique_entrez_id"
"3459716","","unmapped_entrez"
"3459722","552","unique_entrez_id"
"3459801","283417;349152;442524;554236","ambiguous_multiple_entrez"
"3459956","144577","unique_entrez_id"
"3460127","2799","unique_entrez_id"
"3460198","11197","unique_entrez_id"
"3460467","204010","unique_entrez_id"
"3460584","84298","unique_entrez_id"
"3460593","51643","unique_entrez_id"
"3461105","3458","unique_entrez_id"
"3461121","55801","unique_entrez_id"
"3461146","50616","unique_entrez_id"
"3461164","56890","unique_entrez_id"
"3461341","1368","unique_entrez_id"
"3461496","144453","unique_entrez_id"
"3461551","376132","unique_entrez_id"
"3461795","5787","unique_entrez_id"
"3461883","5801","unique_entrez_id"
"3461981","7103","unique_entrez_id"
"3462094","196441","unique_entrez_id"
"3462567","3747","unique_entrez_id"
"3462630","84698","unique_entrez_id"
"3462693","11103","unique_entrez_id"
"3462816","105369847;22822","ambiguous_multiple_entrez"
"3462843","4673","unique_entrez_id"
"3462930","79738","unique_entrez_id"
"3462949","114882","unique_entrez_id"
"3463056","1466","unique_entrez_id"
"3463112","144455","unique_entrez_id"
"3463522","5074","unique_entrez_id"
"3463571","4659","unique_entrez_id"
"3463727","8825","unique_entrez_id"
"3463821","8499","unique_entrez_id"
"3464000","29080","unique_entrez_id"
"3464276","55117","unique_entrez_id"
"3464405","9182","unique_entrez_id"
"3464417","25834","unique_entrez_id"
"3464554","400058","unique_entrez_id"
"3464589","160419","unique_entrez_id"
"3464622","80184","unique_entrez_id"
"3464747","4254","unique_entrez_id"
"3464860","1848","unique_entrez_id"
"3464912","100528030;282809","ambiguous_multiple_entrez"
"3464967","100528030;8693","ambiguous_multiple_entrez"
"3464983","490","unique_entrez_id"
"3465188","196477","unique_entrez_id"
"3465207","1833","unique_entrez_id"
"3465227","11081","unique_entrez_id"
"3465248","4060","unique_entrez_id"
"3465274","1634","unique_entrez_id"
"3465409","256021;694","ambiguous_multiple_entrez"
"3465593","8411","unique_entrez_id"
"3465791","7334","unique_entrez_id"
"3466110","51134;5939","ambiguous_multiple_entrez"
"3466206","57458","unique_entrez_id"
"3466284","105369915;55967","ambiguous_multiple_entrez"
"3466318","55785;7181","ambiguous_multiple_entrez"
"3466369","55785","unique_entrez_id"
"3466499","84101","unique_entrez_id"
"3466556","59277","unique_entrez_id"
"3466634","120935","unique_entrez_id"
"3466687","3034","unique_entrez_id"
"3466740","4048","unique_entrez_id"
"3466826","5128","unique_entrez_id"
"3467315","121457","unique_entrez_id"
"3467351","56899","unique_entrez_id"
"3467637","23074;54899","ambiguous_multiple_entrez"
"3467720","2801;55592","ambiguous_multiple_entrez"
"3467788","120863","unique_entrez_id"
"3467949","160728","unique_entrez_id"
"3468009","400","unique_entrez_id"
"3468080","50511","unique_entrez_id"
"3468103","79158","unique_entrez_id"
"3468225","51019","unique_entrez_id"
"3468261","79023","unique_entrez_id"
"3468301","5367","unique_entrez_id"
"3468345","3479","unique_entrez_id"
"3468473","112267865;5053","ambiguous_multiple_entrez"
"3468610","374470","unique_entrez_id"
"3468743","51559","unique_entrez_id"
"3468888","83468","unique_entrez_id"
"3468925","4801","unique_entrez_id"
"3469180","84102","unique_entrez_id"
"3469319","55198","unique_entrez_id"
"3469597","9891","unique_entrez_id"
"3469687","10970","unique_entrez_id"
"3469844","80298","unique_entrez_id"
"3469865","1407","unique_entrez_id"
"3470037","11108","unique_entrez_id"
"3470193","1240","unique_entrez_id"
"3470253","9733","unique_entrez_id"
"3470254","","unmapped_entrez"
"3470255","","unmapped_entrez"
"3470256","","unmapped_entrez"
"3470257","","unmapped_entrez"
"3470259","","unmapped_entrez"
"3470260","","unmapped_entrez"
"3470261","","unmapped_entrez"
"3470262","","unmapped_entrez"
"3470263","","unmapped_entrez"
"3470264","","unmapped_entrez"
"3470265","","unmapped_entrez"
"3470267","","unmapped_entrez"
"3470272","","unmapped_entrez"
"3470274","","unmapped_entrez"
"3470276","","unmapped_entrez"
"3470277","","unmapped_entrez"
"3470279","","unmapped_entrez"
"3470281","","unmapped_entrez"
"3470282","","unmapped_entrez"
"3470283","","unmapped_entrez"
"3470286","","unmapped_entrez"
"3470287","","unmapped_entrez"
"3470289","","unmapped_entrez"
"3470290","","unmapped_entrez"
"3470291","","unmapped_entrez"
"3470292","","unmapped_entrez"
"3470295","","unmapped_entrez"
"3470296","","unmapped_entrez"
"3470297","","unmapped_entrez"
"3470300","","unmapped_entrez"
"3470302","","unmapped_entrez"
"3470304","","unmapped_entrez"
"3470306","","unmapped_entrez"
"3470308","","unmapped_entrez"
"3470310","","unmapped_entrez"
"3470312","","unmapped_entrez"
"3470314","","unmapped_entrez"
"3470316","","unmapped_entrez"
"3470318","","unmapped_entrez"
"3470320","","unmapped_entrez"
"3470322","","unmapped_entrez"
"3470324","","unmapped_entrez"
"3470326","","unmapped_entrez"
"3470328","","unmapped_entrez"
"3470330","","unmapped_entrez"
"3470332","","unmapped_entrez"
"3470334","","unmapped_entrez"
"3470336","","unmapped_entrez"
"3470338","","unmapped_entrez"
"3470340","","unmapped_entrez"
"3470342","","unmapped_entrez"
"3470344","","unmapped_entrez"
"3470346","","unmapped_entrez"
"3470348","","unmapped_entrez"
"3470350","","unmapped_entrez"
"3470352","","unmapped_entrez"
"3470354","","unmapped_entrez"
"3470356","","unmapped_entrez"
"3470358","","unmapped_entrez"
"3470360","","unmapped_entrez"
"3470362","","unmapped_entrez"
"3470364","","unmapped_entrez"
"3470366","","unmapped_entrez"
"3470368","","unmapped_entrez"
"3470370","","unmapped_entrez"
"3470372","","unmapped_entrez"
"3470374","","unmapped_entrez"
"3470376","","unmapped_entrez"
"3470378","","unmapped_entrez"
"3470380","","unmapped_entrez"
"3470382","","unmapped_entrez"
"3470384","","unmapped_entrez"
"3470386","","unmapped_entrez"
"3470388","","unmapped_entrez"
"3470390","","unmapped_entrez"
"3470392","","unmapped_entrez"
"3470394","","unmapped_entrez"
"3470396","","unmapped_entrez"
"3470398","","unmapped_entrez"
"3470400","","unmapped_entrez"
"3470402","","unmapped_entrez"
"3470404","","unmapped_entrez"
"3470406","","unmapped_entrez"
"3470408","","unmapped_entrez"
"3470410","","unmapped_entrez"
"3470412","","unmapped_entrez"
"3470414","","unmapped_entrez"
"3470416","","unmapped_entrez"
"3470418","","unmapped_entrez"
"3470420","","unmapped_entrez"
"3470422","","unmapped_entrez"
"3470424","","unmapped_entrez"
"3470426","","unmapped_entrez"
"3470428","","unmapped_entrez"
"3470430","","unmapped_entrez"
"3470432","","unmapped_entrez"
"3470434","","unmapped_entrez"
"3470436","","unmapped_entrez"
"3470438","","unmapped_entrez"
"3470440","","unmapped_entrez"
"3470442","","unmapped_entrez"
"3470444","","unmapped_entrez"
"3470446","","unmapped_entrez"
"3470448","","unmapped_entrez"
"3470450","","unmapped_entrez"
"3470452","","unmapped_entrez"
"3470454","","unmapped_entrez"
"3470456","","unmapped_entrez"
"3470458","","unmapped_entrez"
"3470460","","unmapped_entrez"
"3470462","","unmapped_entrez"
"3470464","","unmapped_entrez"
"3470466","","unmapped_entrez"
"3470468","","unmapped_entrez"
"3470470","","unmapped_entrez"
"3470472","","unmapped_entrez"
"3470474","","unmapped_entrez"
"3470476","","unmapped_entrez"
"3470478","","unmapped_entrez"
"3470480","","unmapped_entrez"
"3470482","","unmapped_entrez"
"3470484","","unmapped_entrez"
"3470503","338773","unique_entrez_id"
"3470523","6404","unique_entrez_id"
"3470549","23603","unique_entrez_id"
"3470597","54434","unique_entrez_id"
"3470689","121642","unique_entrez_id"
"3470734","121643","unique_entrez_id"
"3470793","83892","unique_entrez_id"
"3470831","326625","unique_entrez_id"
"3470911","84983","unique_entrez_id"
"3470927","59341","unique_entrez_id"
"3470964","105369975;51228","ambiguous_multiple_entrez"
"3471005","9815","unique_entrez_id"
"3471073","400073","unique_entrez_id"
"3471224","51184","unique_entrez_id"
"3471264","51699","unique_entrez_id"
"3471300","160760","unique_entrez_id"
"3471327","84329","unique_entrez_id"
"3471374","5501","unique_entrez_id"
"3471427","105369981;4633","ambiguous_multiple_entrez"
"3471538","144717","unique_entrez_id"
"3471588","6311","unique_entrez_id"
"3471704","8315","unique_entrez_id"
"3471753","51275","unique_entrez_id"
"3471769","89894","unique_entrez_id"
"3471819","80018","unique_entrez_id"
"3472000","283450","unique_entrez_id"
"3472089","6128;645387","ambiguous_multiple_entrez"
"3472090","","unmapped_entrez"
"3472094","","unmapped_entrez"
"3472096","","unmapped_entrez"
"3472098","","unmapped_entrez"
"3472101","","unmapped_entrez"
"3472122","","unmapped_entrez"
"3472183","8437","unique_entrez_id"
"3472225","79039","unique_entrez_id"
"3472274","115811","unique_entrez_id"
"3472312","80024","unique_entrez_id"
"3472366","10993","unique_entrez_id"
"3472389","64211","unique_entrez_id"
"3472468","9904","unique_entrez_id"
"3472625","6910","unique_entrez_id"
"3472755","6926","unique_entrez_id"
"3473083","105370005;23389","ambiguous_multiple_entrez"
"3473331","79794","unique_entrez_id"
"3473378","8739","unique_entrez_id"
"3473436","105370010;54997","ambiguous_multiple_entrez"
"3473480","23014","unique_entrez_id"
"3473524","4842","unique_entrez_id"
"3473586","283455","unique_entrez_id"
"3473727","55884","unique_entrez_id"
"3473750","101928274;54621","ambiguous_multiple_entrez"
"3473802","51347","unique_entrez_id"
"3474104","11113","unique_entrez_id"
"3474228","11021","unique_entrez_id"
"3474344","6175","unique_entrez_id"
"3474372","5829","unique_entrez_id"
"3474418","5829","unique_entrez_id"
"3474427","","unmapped_entrez"
"3474450","5319","unique_entrez_id"
"3474461","4440","unique_entrez_id"
"3474495","51499","unique_entrez_id"
"3474502","8683","unique_entrez_id"
"3474513","","unmapped_entrez"
"3474517","","unmapped_entrez"
"3474521","","unmapped_entrez"
"3474522","","unmapped_entrez"
"3474526","","unmapped_entrez"
"3474527","","unmapped_entrez"
"3474535","","unmapped_entrez"
"3474537","","unmapped_entrez"
"3474539","","unmapped_entrez"
"3474541","","unmapped_entrez"
"3474543","","unmapped_entrez"
"3474545","","unmapped_entrez"
"3474547","","unmapped_entrez"
"3474549","","unmapped_entrez"
"3474551","","unmapped_entrez"
"3474553","","unmapped_entrez"
"3474555","","unmapped_entrez"
"3474557","","unmapped_entrez"
"3474559","","unmapped_entrez"
"3474561","","unmapped_entrez"
"3474619","51367","unique_entrez_id"
"3474697","121665","unique_entrez_id"
"3474787","283460","unique_entrez_id"
"3474815","64897","unique_entrez_id"
"3474831","8638","unique_entrez_id"
"3474885","10645","unique_entrez_id"
"3474935","51433","unique_entrez_id"
"3474936","","unmapped_entrez"
"3474937","","unmapped_entrez"
"3474938","","unmapped_entrez"
"3474939","","unmapped_entrez"
"3474940","","unmapped_entrez"
"3474945","","unmapped_entrez"
"3474948","","unmapped_entrez"
"3474950","","unmapped_entrez"
"3474951","","unmapped_entrez"
"3474952","","unmapped_entrez"
"3474958","","unmapped_entrez"
"3474960","","unmapped_entrez"
"3474963","","unmapped_entrez"
"3474964","","unmapped_entrez"
"3474968","","unmapped_entrez"
"3474971","","unmapped_entrez"
"3474974","","unmapped_entrez"
"3474975","","unmapped_entrez"
"3474976","","unmapped_entrez"
"3474977","","unmapped_entrez"
"3474979","","unmapped_entrez"
"3474981","","unmapped_entrez"
"3474983","","unmapped_entrez"
"3474984","","unmapped_entrez"
"3474987","","unmapped_entrez"
"3474989","","unmapped_entrez"
"3474991","","unmapped_entrez"
"3474993","","unmapped_entrez"
"3474995","","unmapped_entrez"
"3474997","","unmapped_entrez"
"3474999","","unmapped_entrez"
"3475001","","unmapped_entrez"
"3475003","","unmapped_entrez"
"3475005","","unmapped_entrez"
"3475007","","unmapped_entrez"
"3475009","","unmapped_entrez"
"3475014","","unmapped_entrez"
"3475016","","unmapped_entrez"
"3475018","","unmapped_entrez"
"3475020","","unmapped_entrez"
"3475022","","unmapped_entrez"
"3475024","","unmapped_entrez"
"3475026","","unmapped_entrez"
"3475028","","unmapped_entrez"
"3475030","","unmapped_entrez"
"3475032","","unmapped_entrez"
"3475034","","unmapped_entrez"
"3475036","","unmapped_entrez"
"3475038","","unmapped_entrez"
"3475040","","unmapped_entrez"
"3475042","","unmapped_entrez"
"3475044","","unmapped_entrez"
"3475046","","unmapped_entrez"
"3475048","","unmapped_entrez"
"3475050","","unmapped_entrez"
"3475052","","unmapped_entrez"
"3475054","","unmapped_entrez"
"3475056","","unmapped_entrez"
"3475058","","unmapped_entrez"
"3475060","","unmapped_entrez"
"3475062","","unmapped_entrez"
"3475064","","unmapped_entrez"
"3475066","","unmapped_entrez"
"3475068","","unmapped_entrez"
"3475070","","unmapped_entrez"
"3475072","","unmapped_entrez"
"3475074","","unmapped_entrez"
"3475076","","unmapped_entrez"
"3475078","","unmapped_entrez"
"3475080","","unmapped_entrez"
"3475082","","unmapped_entrez"
"3475084","","unmapped_entrez"
"3475086","","unmapped_entrez"
"3475088","","unmapped_entrez"
"3475090","","unmapped_entrez"
"3475092","","unmapped_entrez"
"3475094","","unmapped_entrez"
"3475096","","unmapped_entrez"
"3475098","","unmapped_entrez"
"3475100","","unmapped_entrez"
"3475102","","unmapped_entrez"
"3475104","","unmapped_entrez"
"3475106","","unmapped_entrez"
"3475108","","unmapped_entrez"
"3475110","","unmapped_entrez"
"3475112","","unmapped_entrez"
"3475114","","unmapped_entrez"
"3475116","","unmapped_entrez"
"3475118","","unmapped_entrez"
"3475120","","unmapped_entrez"
"3475122","","unmapped_entrez"
"3475124","","unmapped_entrez"
"3475126","","unmapped_entrez"
"3475128","","unmapped_entrez"
"3475130","","unmapped_entrez"
"3475132","","unmapped_entrez"
"3475134","","unmapped_entrez"
"3475136","","unmapped_entrez"
"3475138","","unmapped_entrez"
"3475140","","unmapped_entrez"
"3475142","","unmapped_entrez"
"3475144","","unmapped_entrez"
"3475146","","unmapped_entrez"
"3475148","","unmapped_entrez"
"3475150","","unmapped_entrez"
"3475152","","unmapped_entrez"
"3475154","","unmapped_entrez"
"3475156","","unmapped_entrez"
"3475158","","unmapped_entrez"
"3475160","","unmapped_entrez"
"3475162","","unmapped_entrez"
"3475164","","unmapped_entrez"
"3475166","","unmapped_entrez"
"3475168","","unmapped_entrez"
"3475170","","unmapped_entrez"
"3475172","","unmapped_entrez"
"3475174","","unmapped_entrez"
"3475176","","unmapped_entrez"
"3475178","","unmapped_entrez"
"3475180","","unmapped_entrez"
"3475182","","unmapped_entrez"
"3475184","","unmapped_entrez"
"3475186","","unmapped_entrez"
"3475191","84678","unique_entrez_id"
"3475295","283385","unique_entrez_id"
"3475324","54509","unique_entrez_id"
"3475350","338799","unique_entrez_id"
"3475383","3242","unique_entrez_id"
"3475443","","unmapped_entrez"
"3475496","386653","unique_entrez_id"
"3475511","56616","unique_entrez_id"
"3475545","65082","unique_entrez_id"
"3475587","6249","unique_entrez_id"
"3475679","55596","unique_entrez_id"
"3475717","65117","unique_entrez_id"
"3475764","27198","unique_entrez_id"
"3475782","338442;8843","ambiguous_multiple_entrez"
"3475794","338442;8843","ambiguous_multiple_entrez"
"3475838","79720","unique_entrez_id"
"3475879","23457","unique_entrez_id"
"3475915","23457","unique_entrez_id"
"3475926","57605","unique_entrez_id"
"3476008","","unmapped_entrez"
"3476012","10198","unique_entrez_id"
"3476097","8099","unique_entrez_id"
"3476130","55206","unique_entrez_id"
"3476265","1967","unique_entrez_id"
"3476330","80212","unique_entrez_id"
"3476457","9612","unique_entrez_id"
"3476665","949","unique_entrez_id"
"3476741","7316","unique_entrez_id"
"3476796","57647","unique_entrez_id"
"3477610","104472718","unique_entrez_id"
"3477917","121260","unique_entrez_id"
"3477967","","unmapped_entrez"
"3478068","121256","unique_entrez_id"
"3478333","23504","unique_entrez_id"
"3478457","2054","unique_entrez_id"
"3478957","317781","unique_entrez_id"
"3479015","50614","unique_entrez_id"
"3479181","5426","unique_entrez_id"
"3479355","2802","unique_entrez_id"
"3479438","55743","unique_entrez_id"
"3479519","100289635;101060200","ambiguous_multiple_entrez"
"3480013","54737","unique_entrez_id"
"3480129","7750","unique_entrez_id"
"3480227","","unmapped_entrez"
"3480411","8100","unique_entrez_id"
"3480508","53342","unique_entrez_id"
"3480657","10284","unique_entrez_id"
"3480681","78988","unique_entrez_id"
"3480885","2254","unique_entrez_id"
"3481296","6445","unique_entrez_id"
"3481410","55504","unique_entrez_id"
"3481543","221178","unique_entrez_id"
"3481700","338872;387911","ambiguous_multiple_entrez"
"3481890","479","unique_entrez_id"
"3481986","56163","unique_entrez_id"
"3482017","56163","unique_entrez_id"
"3482112","5042","unique_entrez_id"
"3482219","9818","unique_entrez_id"
"3482274","51761","unique_entrez_id"
"3482498","1024","unique_entrez_id"
"3482572","10810","unique_entrez_id"
"3482845","387496","unique_entrez_id"
"3482888","2971","unique_entrez_id"
"3482977","51082","unique_entrez_id"
"3483046","219409","unique_entrez_id"
"3483093","3651","unique_entrez_id"
"3483159","255967","unique_entrez_id"
"3483348","51371","unique_entrez_id"
"3483468","23281","unique_entrez_id"
"3483885","","unmapped_entrez"
"3484005","10208","unique_entrez_id"
"3484060","100874158;241","ambiguous_multiple_entrez"
"3484117","440132;84935","ambiguous_multiple_entrez"
"3484165","122046","unique_entrez_id"
"3484296","145173","unique_entrez_id"
"3484393","122042","unique_entrez_id"
"3484436","196549","unique_entrez_id"
"3484497","10129","unique_entrez_id"
"3484641","675","unique_entrez_id"
"3484711","","unmapped_entrez"
"3484768","23047","unique_entrez_id"
"3484895","9365","unique_entrez_id"
"3485074","5983","unique_entrez_id"
"3485292","26960","unique_entrez_id"
"3485674","8900","unique_entrez_id"
"3485740","400120","unique_entrez_id"
"3485786","5994","unique_entrez_id"
"3485863","11340","unique_entrez_id"
"3486025","51569","unique_entrez_id"
"3486096","341640","unique_entrez_id"
"3486383","57511","unique_entrez_id"
"3486728","10166;693206","ambiguous_multiple_entrez"
"3486807","11193","unique_entrez_id"
"3486883","79612","unique_entrez_id"
"3486956","105370174;28984","ambiguous_multiple_entrez"
"3487095","160851","unique_entrez_id"
"3487220","11215","unique_entrez_id"
"3487299","8600","unique_entrez_id"
"3487360","144809","unique_entrez_id"
"3487432","29103","unique_entrez_id"
"3487600","144811","unique_entrez_id"
"3487824","387923","unique_entrez_id"
"3488022","55425","unique_entrez_id"
"3488094","2963","unique_entrez_id"
"3488253","83548","unique_entrez_id"
"3488338","220082","unique_entrez_id"
"3488602","23143","unique_entrez_id"
"3488942","55270","unique_entrez_id"
"3488985","9445","unique_entrez_id"
"3489020","105370202;5925","ambiguous_multiple_entrez"
"3489138","57105","unique_entrez_id"
"3489212","22862","unique_entrez_id"
"3489335","2862","unique_entrez_id"
"3489350","81602","unique_entrez_id"
"3489418","83852","unique_entrez_id"
"3489481","51131","unique_entrez_id"
"3489538","115761","unique_entrez_id"
"3489644","10206;283518","ambiguous_multiple_entrez"
"3489673","283518","unique_entrez_id"
"3489708","10301","unique_entrez_id"
"3489851","145165","unique_entrez_id"
"3489957","79621","unique_entrez_id"
"3490073","220108","unique_entrez_id"
"3490251","115825","unique_entrez_id"
"3490433","83446","unique_entrez_id"
"3490504","440138;9724","ambiguous_multiple_entrez"
"3490655","26586","unique_entrez_id"
"3490741","10910","unique_entrez_id"
"3490892","10562","unique_entrez_id"
"3491486","27253","unique_entrez_id"
"3491948","81550","unique_entrez_id"
"3493391","79866","unique_entrez_id"
"3493448","10464","unique_entrez_id"
"3493543","688","unique_entrez_id"
"3494102","7347","unique_entrez_id"
"3494137","4008","unique_entrez_id"
"3494465","690","unique_entrez_id"
"3494502","1203;1660","ambiguous_multiple_entrez"
"3494629","8796","unique_entrez_id"
"3494706","122060","unique_entrez_id"
"3495076","54602","unique_entrez_id"
"3495968","26050","unique_entrez_id"
"3496366","406952;406953;406979;406980;406982;407048;407975","ambiguous_multiple_entrez"
"3496409","2262","unique_entrez_id"
"3496637","10082","unique_entrez_id"
"3496916","160897","unique_entrez_id"
"3497195","9071","unique_entrez_id"
"3497270","5611","unique_entrez_id"
"3497340","266722","unique_entrez_id"
"3497586","10150","unique_entrez_id"
"3497659","5911","unique_entrez_id"
"3497790","3843","unique_entrez_id"
"3497881","10160","unique_entrez_id"
"3498315","100131561;337867","ambiguous_multiple_entrez"
"3498476","","unmapped_entrez"
"3498502","9375","unique_entrez_id"
"3498589","171425","unique_entrez_id"
"3498780","7546","unique_entrez_id"
"3498837","5095","unique_entrez_id"
"3499132","9358","unique_entrez_id"
"3499453","7174","unique_entrez_id"
"3499585","100533467;54841","ambiguous_multiple_entrez"
"3499632","100533467;2073","ambiguous_multiple_entrez"
"3500055","267012","unique_entrez_id"
"3500772","84945","unique_entrez_id"
"3500787","10673","unique_entrez_id"
"3501219","1284","unique_entrez_id"
"3501415","55739","unique_entrez_id"
"3501471","3621","unique_entrez_id"
"3501661","8874","unique_entrez_id"
"3501762","121793","unique_entrez_id"
"3501999","6656","unique_entrez_id"
"3502087","122258","unique_entrez_id"
"3502149","400165","unique_entrez_id"
"3502259","23263","unique_entrez_id"
"3502411","2155","unique_entrez_id"
"3502437","2159","unique_entrez_id"
"3502475","8858","unique_entrez_id"
"3502497","8451","unique_entrez_id"
"3502570","3916","unique_entrez_id"
"3502632","55002","unique_entrez_id"
"3502710","7027","unique_entrez_id"
"3502829","2621","unique_entrez_id"
"3503119","283489","unique_entrez_id"
"3503164","8881","unique_entrez_id"
"3503224","65110","unique_entrez_id"
"3503747","112714;113457;7278","ambiguous_multiple_entrez"
"3503816","102800317;220115;374491;400927;7179;93492","ambiguous_multiple_entrez"
"3503976","374491;55269","ambiguous_multiple_entrez"
"3504054","9205","unique_entrez_id"
"3504134","2700","unique_entrez_id"
"3504193","2706","unique_entrez_id"
"3504213","10804","unique_entrez_id"
"3504226","51084","unique_entrez_id"
"3504392","221143","unique_entrez_id"
"3504434","64328","unique_entrez_id"
"3504526","26524","unique_entrez_id"
"3504617","221150","unique_entrez_id"
"3504691","253832;29914","ambiguous_multiple_entrez"
"3504760","253832","unique_entrez_id"
"3504791","221154","unique_entrez_id"
"3505319","26278","unique_entrez_id"
"3505449","4285","unique_entrez_id"
"3505541","400110","unique_entrez_id"
"3505781","143","unique_entrez_id"
"3505937","55835","unique_entrez_id"
"3506093","219287","unique_entrez_id"
"3506153","105370121;9107","ambiguous_multiple_entrez"
"3506398","387914","unique_entrez_id"
"3506431","6049","unique_entrez_id"
"3506648","2835","unique_entrez_id"
"3506738","105370124;219333","ambiguous_multiple_entrez"
"3506936","219402","unique_entrez_id"
"3507003","222484","unique_entrez_id"
"3507134","1045","unique_entrez_id"
"3507199","2322","unique_entrez_id"
"3507282","2321","unique_entrez_id"
"3507465","283537","unique_entrez_id"
"3507686","100874107","unique_entrez_id"
"3507710","6541","unique_entrez_id"
"3507766","","unmapped_entrez"
"3507798","5412","unique_entrez_id"
"3507962","84056","unique_entrez_id"
"3508330","10808","unique_entrez_id"
"3508644","90634","unique_entrez_id"
"3508696","10443;116828;90634","ambiguous_multiple_entrez"
"3508898","90627","unique_entrez_id"
"3509411","4081","unique_entrez_id"
"3509473","9201","unique_entrez_id"
"3509645","100526761;54937","ambiguous_multiple_entrez"
"3509677","100526761;728591","ambiguous_multiple_entrez"
"3509719","23111","unique_entrez_id"
"3509842","4093","unique_entrez_id"
"3509885","29880","unique_entrez_id"
"3509910","55578","unique_entrez_id"
"3509986","122011","unique_entrez_id"
"3510066","10631","unique_entrez_id"
"3510126","7223","unique_entrez_id"
"3510344","161003","unique_entrez_id"
"3510362","80209","unique_entrez_id"
"3510450","10186","unique_entrez_id"
"3510542","","unmapped_entrez"
"3510755","646982","unique_entrez_id"
"3510858","2308","unique_entrez_id"
"3510925","10240","unique_entrez_id"
"3510963","100616668;283507","ambiguous_multiple_entrez"
"3511031","1997","unique_entrez_id"
"3511135","89890","unique_entrez_id"
"3511158","","unmapped_entrez"
"3511168","84078;89890","ambiguous_multiple_entrez"
"3511189","9617","unique_entrez_id"
"3511698","94240","unique_entrez_id"
"3511817","55068","unique_entrez_id"
"3512050","160857","unique_entrez_id"
"3512157","79024","unique_entrez_id"
"3512294","105370185;8848","ambiguous_multiple_entrez"
"3512449","105370188;26747","ambiguous_multiple_entrez"
"3512500","386618","unique_entrez_id"
"3512527","677814;7178","ambiguous_multiple_entrez"
"3512621","220081","unique_entrez_id"
"3512719","283514","unique_entrez_id"
"3512769","23091","unique_entrez_id"
"3512843","1361","unique_entrez_id"
"3512874","3936","unique_entrez_id"
"3512948","80183","unique_entrez_id"
"3513096","2098","unique_entrez_id"
"3513147","3356","unique_entrez_id"
"3513293","100861549;105370196;8803","ambiguous_multiple_entrez"
"3513395","29079","unique_entrez_id"
"3513514","10161","unique_entrez_id"
"3513549","1102","unique_entrez_id"
"3513752","81617","unique_entrez_id"
"3513794","55213","unique_entrez_id"
"3513856","84650","unique_entrez_id"
"3513883","3839","unique_entrez_id"
"3513953","57213","unique_entrez_id"
"3513995","406948;406950;79469;8847","ambiguous_multiple_entrez"
"3514290","220107","unique_entrez_id"
"3514348","2974","unique_entrez_id"
"3514488","26512","unique_entrez_id"
"3514639","79758","unique_entrez_id"
"3514685","","unmapped_entrez"
"3514711","220112","unique_entrez_id"
"3514736","540","unique_entrez_id"
"3514804","341676","unique_entrez_id"
"3514849","4752","unique_entrez_id"
"3514879","100887750;144983;220115;55901;644623","ambiguous_multiple_entrez"
"3515009","51028","unique_entrez_id"
"3515088","11061","unique_entrez_id"
"3515109","5100","unique_entrez_id"
"3515965","81624","unique_entrez_id"
"3516228","101926951;64881","ambiguous_multiple_entrez"
"3516639","5101","unique_entrez_id"
"3517051","57626","unique_entrez_id"
"3517251","1602","unique_entrez_id"
"3517594","22894","unique_entrez_id"
"3517793","11278","unique_entrez_id"
"3518086","9882","unique_entrez_id"
"3518169","170622","unique_entrez_id"
"3518418","115207","unique_entrez_id"
"3518455","26224","unique_entrez_id"
"3518496","23077","unique_entrez_id"
"3518766","1910","unique_entrez_id"
"3518940","5457","unique_entrez_id"
"3518977","79596","unique_entrez_id"
"3519119","64062","unique_entrez_id"
"3519309","10253","unique_entrez_id"
"3519540","","unmapped_entrez"
"3519624","114798","unique_entrez_id"
"3519840","84189","unique_entrez_id"
"3520934","1638","unique_entrez_id"
"3520989","23483","unique_entrez_id"
"3521083","11166","unique_entrez_id"
"3521174","10257","unique_entrez_id"
"3521372","22873;8502","ambiguous_multiple_entrez"
"3521484","55757","unique_entrez_id"
"3521816","100887754;27199","ambiguous_multiple_entrez"
"3522101","140432","unique_entrez_id"
"3522225","8428","unique_entrez_id"
"3522327","6564","unique_entrez_id"
"3522398","23348;64853","ambiguous_multiple_entrez"
"3522644","2841","unique_entrez_id"
"3522662","1880","unique_entrez_id"
"3522914","85416","unique_entrez_id"
"3523118","87769","unique_entrez_id"
"3523156","84899","unique_entrez_id"
"3523318","259232","unique_entrez_id"
"3523499","2259;283480","ambiguous_multiple_entrez"
"3523855","93081","unique_entrez_id"
"3523881","79070","unique_entrez_id"
"3523978","6555","unique_entrez_id"
"3524389","282706","unique_entrez_id"
"3524570","1948","unique_entrez_id"
"3524618","55082","unique_entrez_id"
"3524999","3981","unique_entrez_id"
"3525234","8660","unique_entrez_id"
"3525313","1282","unique_entrez_id"
"3525498","55647","unique_entrez_id"
"3525538","79587","unique_entrez_id"
"3525655","283487","unique_entrez_id"
"3525679","100505494;55608","ambiguous_multiple_entrez"
"3526151","10426","unique_entrez_id"
"3526378","55795","unique_entrez_id"
"3526425","55795","unique_entrez_id"
"3526454","79774","unique_entrez_id"
"3526495","","unmapped_entrez"
"3526524","113622","unique_entrez_id"
"3526544","55208","unique_entrez_id"
"3526655","496","unique_entrez_id"
"3526772","348013","unique_entrez_id"
"3526831","22821","unique_entrez_id"
"3527290","390429","unique_entrez_id"
"3527332","79544","unique_entrez_id"
"3527340","122742","unique_entrez_id"
"3527342","390436","unique_entrez_id"
"3527348","390437","unique_entrez_id"
"3527377","122748","unique_entrez_id"
"3527390","390442","unique_entrez_id"
"3527418","10038","unique_entrez_id"
"3527493","328","unique_entrez_id"
"3527514","4860","unique_entrez_id"
"3527597","283;6038","ambiguous_multiple_entrez"
"3527641","10876","unique_entrez_id"
"3527655","64184","unique_entrez_id"
"3527662","6039","unique_entrez_id"
"3527684","6037","unique_entrez_id"
"3527722","6036","unique_entrez_id"
"3527745","64745","unique_entrez_id"
"3527785","29986","unique_entrez_id"
"3527807","122664","unique_entrez_id"
"3527831","84659","unique_entrez_id"
"3527847","122665","unique_entrez_id"
"3527864","55701","unique_entrez_id"
"3527958","","unmapped_entrez"
"3528013","57096","unique_entrez_id"
"3528115","9878","unique_entrez_id"
"3528172","10730;28517;28663;28673;28681;28738;28755;341418","ambiguous_multiple_entrez"
"3528605","26686","unique_entrez_id"
"3528646","","unmapped_entrez"
"3528759","63874","unique_entrez_id"
"3528805","5018","unique_entrez_id"
"3528842","122704","unique_entrez_id"
"3528864","4323","unique_entrez_id"
"3528895","26020","unique_entrez_id"
"3528944","161253","unique_entrez_id"
"3528994","55017","unique_entrez_id"
"3529064","100529063;599","ambiguous_multiple_entrez"
"3529082","100529063;8106","ambiguous_multiple_entrez"
"3529104","64806","unique_entrez_id"
"3529113","116173","unique_entrez_id"
"3529156","25983","unique_entrez_id"
"3529185","79178","unique_entrez_id"
"3529237","10202","unique_entrez_id"
"3529309","10901;317749;728635","ambiguous_multiple_entrez"
"3529408","90668","unique_entrez_id"
"3529467","9362","unique_entrez_id"
"3529508","5106","unique_entrez_id"
"3529547","80344","unique_entrez_id"
"3529601","161247","unique_entrez_id"
"3529609","5720","unique_entrez_id"
"3529649","55072","unique_entrez_id"
"3529701","10379","unique_entrez_id"
"3529725","9985","unique_entrez_id"
"3529775","283629","unique_entrez_id"
"3529799","51292","unique_entrez_id"
"3529857","161424","unique_entrez_id"
"3529877","1241;56413","ambiguous_multiple_entrez"
"3529908","4776","unique_entrez_id"
"3529951","57523","unique_entrez_id"
"3530002","23351","unique_entrez_id"
"3530655","2290;387978","ambiguous_multiple_entrez"
"3530982","55632","unique_entrez_id"
"3531032","23256","unique_entrez_id"
"3531163","1690","unique_entrez_id"
"3531229","11154","unique_entrez_id"
"3531355","80224","unique_entrez_id"
"3531479","394","unique_entrez_id"
"3531553","9472","unique_entrez_id"
"3531736","64067","unique_entrez_id"
"3532313","6729","unique_entrez_id"
"3532353","101927178;283635;55012","ambiguous_multiple_entrez"
"3532393","9692","unique_entrez_id"
"3532511","84684","unique_entrez_id"
"3532560","84312","unique_entrez_id"
"3532766","","unmapped_entrez"
"3532778","","unmapped_entrez"
"3532785","","unmapped_entrez"
"3532793","5083","unique_entrez_id"
"3532935","145282","unique_entrez_id"
"3533184","6751","unique_entrez_id"
"3533397","8487","unique_entrez_id"
"3533435","5411","unique_entrez_id"
"3533485","4253","unique_entrez_id"
"3533499","119437;220429;4253;64693","ambiguous_multiple_entrez"
"3533811","145581","unique_entrez_id"
"3534128","23116","unique_entrez_id"
"3534201","55015","unique_entrez_id"
"3534248","57697","unique_entrez_id"
"3534785","122769;23433","ambiguous_multiple_entrez"
"3534866","4247","unique_entrez_id"
"3534886","122773","unique_entrez_id"
"3534923","23588","unique_entrez_id"
"3535000","102464828;382","ambiguous_multiple_entrez"
"3535125","27109","unique_entrez_id"
"3535186","51062","unique_entrez_id"
"3535307","145447","unique_entrez_id"
"3535395","81542","unique_entrez_id"
"3535515","122786","unique_entrez_id"
"3535628","54331","unique_entrez_id"
"3535674","51637","unique_entrez_id"
"3535752","5729","unique_entrez_id"
"3535780","5732","unique_entrez_id"
"3535922","6815","unique_entrez_id"
"3536336","1033","unique_entrez_id"
"3536396","10668","unique_entrez_id"
"3536434","23034","unique_entrez_id"
"3536650","122809","unique_entrez_id"
"3536663","93487","unique_entrez_id"
"3536706","3958","unique_entrez_id"
"3536786","55030","unique_entrez_id"
"3536832","","unmapped_entrez"
"3536905","3895","unique_entrez_id"
"3537030","645683","unique_entrez_id"
"3537164","57161","unique_entrez_id"
"3537264","54916","unique_entrez_id"
"3537557","55745","unique_entrez_id"
"3537747","5684","unique_entrez_id"
"3537813","55860","unique_entrez_id"
"3537884","5926","unique_entrez_id"
"3537949","387990","unique_entrez_id"
"3537967","9786","unique_entrez_id"
"3538087","51339","unique_entrez_id"
"3538213","23002","unique_entrez_id"
"3538324","51528","unique_entrez_id"
"3538403","341883","unique_entrez_id"
"3538470","64430","unique_entrez_id"
"3538555","5494","unique_entrez_id"
"3538624","4990","unique_entrez_id"
"3538703","4085;4331","ambiguous_multiple_entrez"
"3538789","145389","unique_entrez_id"
"3538893","5583","unique_entrez_id"
"3539070","3091","unique_entrez_id"
"3539147","6617","unique_entrez_id"
"3539201","83851","unique_entrez_id"
"3539499","57381","unique_entrez_id"
"3539724","23224","unique_entrez_id"
"3540007","4522","unique_entrez_id"
"3540068","9495","unique_entrez_id"
"3540091","22890","unique_entrez_id"
"3540136","3306","unique_entrez_id"
"3540155","145376","unique_entrez_id"
"3540353","100529261;91612","ambiguous_multiple_entrez"
"3540398","100529261;2342","ambiguous_multiple_entrez"
"3540552","2530","unique_entrez_id"
"3540839","440184","unique_entrez_id"
"3540862","10243","unique_entrez_id"
"3541029","10262;161142","ambiguous_multiple_entrez"
"3541073","64398","unique_entrez_id"
"3541137","1965","unique_entrez_id"
"3541383","384","unique_entrez_id"
"3541450","145226","unique_entrez_id"
"3541497","5890","unique_entrez_id"
"3541937","55218","unique_entrez_id"
"3542063","55334","unique_entrez_id"
"3542066","","unmapped_entrez"
"3542145","9766","unique_entrez_id"
"3542207","6430","unique_entrez_id"
"3542246","100506358;100862697","ambiguous_multiple_entrez"
"3542275","64093","unique_entrez_id"
"3542445","100316904;145241;317760;8747","ambiguous_multiple_entrez"
"3542689","22990","unique_entrez_id"
"3542847","145474;26037;319139","ambiguous_multiple_entrez"
"3543026","9628","unique_entrez_id"
"3543355","26094","unique_entrez_id"
"3543411","58517","unique_entrez_id"
"3543481","5663","unique_entrez_id"
"3543539","89932","unique_entrez_id"
"3543619","79697","unique_entrez_id"
"3543673","10965;641371","ambiguous_multiple_entrez"
"3543714","122970","unique_entrez_id"
"3543756","83544","unique_entrez_id"
"3543857","145482","unique_entrez_id"
"3543884","57862","unique_entrez_id"
"3543935","51004","unique_entrez_id"
"3543979","80127","unique_entrez_id"
"3544071","338917","unique_entrez_id"
"3544102","55237","unique_entrez_id"
"3544141","122961","unique_entrez_id"
"3544216","51077","unique_entrez_id"
"3544251","105370569;56252","ambiguous_multiple_entrez"
"3544346","1743;1744","ambiguous_multiple_entrez"
"3544387","8892","unique_entrez_id"
"3544441","79696","unique_entrez_id"
"3544525","2353","unique_entrez_id"
"3544562","122953","unique_entrez_id"
"3544605","105370572;10538","ambiguous_multiple_entrez"
"3544625","55640","unique_entrez_id"
"3544678","23093","unique_entrez_id"
"3544829","112752","unique_entrez_id"
"3544905","55668","unique_entrez_id"
"3545022","2103","unique_entrez_id"
"3545130","22846","unique_entrez_id"
"3545183","145497","unique_entrez_id"
"3545311","85457","unique_entrez_id"
"3545403","2954","unique_entrez_id"
"3545466","10598","unique_entrez_id"
"3545525","81892","unique_entrez_id"
"3545550","283579","unique_entrez_id"
"3545564","57143","unique_entrez_id"
"3545634","9369","unique_entrez_id"
"3546213","105370594;7253","ambiguous_multiple_entrez"
"3546924","23768","unique_entrez_id"
"3547375","8477","unique_entrez_id"
"3547500","55812","unique_entrez_id"
"3547610","79882","unique_entrez_id"
"3547696","105370615;123016","ambiguous_multiple_entrez"
"3548050","29018","unique_entrez_id"
"3548152","55775","unique_entrez_id"
"3548229","56659","unique_entrez_id"
"3548346","801","unique_entrez_id"
"3548538","80017","unique_entrez_id"
"3548772","","unmapped_entrez"
"3548788","53981","unique_entrez_id"
"3548849","105370627;123041","ambiguous_multiple_entrez"
"3548929","79890","unique_entrez_id"
"3549033","9950","unique_entrez_id"
"3549092","1113","unique_entrez_id"
"3549220","55148","unique_entrez_id"
"3549264","57578","unique_entrez_id"
"3549381","341947","unique_entrez_id"
"3549436","105370631;90050","ambiguous_multiple_entrez"
"3549477","256369","unique_entrez_id"
"3549517","78990","unique_entrez_id"
"3549551","122509","unique_entrez_id"
"3549575","3429","unique_entrez_id"
"3549605","57718","unique_entrez_id"
"3549708","5267","unique_entrez_id"
"3549740","12;5104","ambiguous_multiple_entrez"
"3549757","12","unique_entrez_id"
"3549790","388007","unique_entrez_id"
"3549989","400242","unique_entrez_id"
"3550077","51218","unique_entrez_id"
"3550139","27004;9623","ambiguous_multiple_entrez"
"3550234","56967","unique_entrez_id"
"3550278","624","unique_entrez_id"
"3550307","623","unique_entrez_id"
"3550328","51527","unique_entrez_id"
"3550343","122481","unique_entrez_id"
"3550392","10914","unique_entrez_id"
"3550485","145249;7443","ambiguous_multiple_entrez"
"3551029","283598","unique_entrez_id"
"3551120","51359","unique_entrez_id"
"3551303","8812","unique_entrez_id"
"3551407","84439","unique_entrez_id"
"3551432","10858","unique_entrez_id"
"3551485","2009","unique_entrez_id"
"3551566","51466","unique_entrez_id"
"3551677","7528","unique_entrez_id"
"3551687","","unmapped_entrez"
"3551689","","unmapped_entrez"
"3551690","","unmapped_entrez"
"3551691","","unmapped_entrez"
"3551692","","unmapped_entrez"
"3551693","","unmapped_entrez"
"3551694","","unmapped_entrez"
"3551695","","unmapped_entrez"
"3551706","","unmapped_entrez"
"3551707","","unmapped_entrez"
"3551709","","unmapped_entrez"
"3551713","","unmapped_entrez"
"3551718","","unmapped_entrez"
"3551721","","unmapped_entrez"
"3551723","","unmapped_entrez"
"3551725","","unmapped_entrez"
"3551727","","unmapped_entrez"
"3551728","","unmapped_entrez"
"3551730","","unmapped_entrez"
"3551732","","unmapped_entrez"
"3551734","","unmapped_entrez"
"3551736","","unmapped_entrez"
"3551738","","unmapped_entrez"
"3551740","","unmapped_entrez"
"3551742","","unmapped_entrez"
"3551744","","unmapped_entrez"
"3551746","","unmapped_entrez"
"3551748","","unmapped_entrez"
"3551750","","unmapped_entrez"
"3551752","","unmapped_entrez"
"3551754","","unmapped_entrez"
"3551756","","unmapped_entrez"
"3551758","","unmapped_entrez"
"3551760","","unmapped_entrez"
"3551762","","unmapped_entrez"
"3551764","","unmapped_entrez"
"3551766","","unmapped_entrez"
"3551768","","unmapped_entrez"
"3551770","","unmapped_entrez"
"3551772","","unmapped_entrez"
"3551774","","unmapped_entrez"
"3551776","","unmapped_entrez"
"3551778","","unmapped_entrez"
"3551780","","unmapped_entrez"
"3551782","","unmapped_entrez"
"3551784","","unmapped_entrez"
"3551786","","unmapped_entrez"
"3551788","","unmapped_entrez"
"3551790","","unmapped_entrez"
"3551792","","unmapped_entrez"
"3551794","","unmapped_entrez"
"3551796","","unmapped_entrez"
"3551798","","unmapped_entrez"
"3551800","","unmapped_entrez"
"3551802","","unmapped_entrez"
"3551804","","unmapped_entrez"
"3551806","","unmapped_entrez"
"3551808","","unmapped_entrez"
"3551810","","unmapped_entrez"
"3551812","","unmapped_entrez"
"3551814","","unmapped_entrez"
"3551816","","unmapped_entrez"
"3551818","","unmapped_entrez"
"3551820","","unmapped_entrez"
"3551822","","unmapped_entrez"
"3551824","","unmapped_entrez"
"3551826","","unmapped_entrez"
"3551831","","unmapped_entrez"
"3551835","","unmapped_entrez"
"3551837","","unmapped_entrez"
"3551839","","unmapped_entrez"
"3551841","","unmapped_entrez"
"3551843","","unmapped_entrez"
"3551845","","unmapped_entrez"
"3551847","","unmapped_entrez"
"3551849","","unmapped_entrez"
"3551851","","unmapped_entrez"
"3551853","","unmapped_entrez"
"3551855","","unmapped_entrez"
"3551860","","unmapped_entrez"
"3551862","","unmapped_entrez"
"3551864","","unmapped_entrez"
"3551866","","unmapped_entrez"
"3551868","","unmapped_entrez"
"3551870","","unmapped_entrez"
"3551872","","unmapped_entrez"
"3551874","","unmapped_entrez"
"3551876","","unmapped_entrez"
"3551906","283600","unique_entrez_id"
"3551935","79446","unique_entrez_id"
"3552083","8788","unique_entrez_id"
"3552344","","unmapped_entrez"
"3552684","1735","unique_entrez_id"
"3552729","5527","unique_entrez_id"
"3552847","1778","unique_entrez_id"
"3553017","91833","unique_entrez_id"
"3553103","55778","unique_entrez_id"
"3553141","9895","unique_entrez_id"
"3553228","23186","unique_entrez_id"
"3553337","7187","unique_entrez_id"
"3553389","81693","unique_entrez_id"
"3553531","7127","unique_entrez_id"
"3553607","1983;677811","ambiguous_multiple_entrez"
"3553690","107984648;4140","ambiguous_multiple_entrez"
"3553803","115708","unique_entrez_id"
"3553833","84334","unique_entrez_id"
"3553872","107984648;3831","ambiguous_multiple_entrez"
"3553947","79038","unique_entrez_id"
"3553998","122402","unique_entrez_id"
"3554104","26153","unique_entrez_id"
"3554282","64423","unique_entrez_id"
"3554315","64423","unique_entrez_id"
"3554360","122622","unique_entrez_id"
"3554396","102723342;10572","ambiguous_multiple_entrez"
"3554442","196872","unique_entrez_id"
"3554452","283638","unique_entrez_id"
"3554496","122618","unique_entrez_id"
"3554523","122616","unique_entrez_id"
"3554592","90135","unique_entrez_id"
"3554622","23241","unique_entrez_id"
"3554728","647310;9112","ambiguous_multiple_entrez"
"3554818","1397","unique_entrez_id"
"3554851","1396","unique_entrez_id"
"3554868","283643","unique_entrez_id"
"3554906","80757","unique_entrez_id"
"3555067","9834","unique_entrez_id"
"3555088","9834","unique_entrez_id"
"3555196","122740","unique_entrez_id"
"3555206","390433","unique_entrez_id"
"3555272","91875","unique_entrez_id"
"3555300","57820","unique_entrez_id"
"3555340","7011","unique_entrez_id"
"3555461","55644","unique_entrez_id"
"3555492","90809","unique_entrez_id"
"3555521","","unmapped_entrez"
"3555539","390443","unique_entrez_id"
"3555547","122651;493901","ambiguous_multiple_entrez"
"3555590","341799","unique_entrez_id"
"3555675","6035","unique_entrez_id"
"3555736","57447","unique_entrez_id"
"3555817","51222","unique_entrez_id"
"3555850","105378175;390445","ambiguous_multiple_entrez"
"3555883","","unmapped_entrez"
"3555885","","unmapped_entrez"
"3555886","","unmapped_entrez"
"3555887","","unmapped_entrez"
"3555888","","unmapped_entrez"
"3555889","","unmapped_entrez"
"3555891","","unmapped_entrez"
"3555893","","unmapped_entrez"
"3555896","","unmapped_entrez"
"3555897","","unmapped_entrez"
"3555898","","unmapped_entrez"
"3555903","","unmapped_entrez"
"3555905","","unmapped_entrez"
"3555906","","unmapped_entrez"
"3555907","","unmapped_entrez"
"3555908","","unmapped_entrez"
"3555909","","unmapped_entrez"
"3555929","","unmapped_entrez"
"3555930","","unmapped_entrez"
"3556022","","unmapped_entrez"
"3556024","","unmapped_entrez"
"3556026","","unmapped_entrez"
"3556028","","unmapped_entrez"
"3556030","","unmapped_entrez"
"3556032","","unmapped_entrez"
"3556034","","unmapped_entrez"
"3556036","","unmapped_entrez"
"3556038","","unmapped_entrez"
"3556040","","unmapped_entrez"
"3556042","","unmapped_entrez"
"3556044","","unmapped_entrez"
"3556046","","unmapped_entrez"
"3556048","","unmapped_entrez"
"3556050","","unmapped_entrez"
"3556052","","unmapped_entrez"
"3556054","","unmapped_entrez"
"3556056","","unmapped_entrez"
"3556058","","unmapped_entrez"
"3556060","","unmapped_entrez"
"3556062","","unmapped_entrez"
"3556064","","unmapped_entrez"
"3556066","","unmapped_entrez"
"3556068","","unmapped_entrez"
"3556070","","unmapped_entrez"
"3556072","","unmapped_entrez"
"3556074","","unmapped_entrez"
"3556076","","unmapped_entrez"
"3556078","","unmapped_entrez"
"3556080","","unmapped_entrez"
"3556082","","unmapped_entrez"
"3556084","","unmapped_entrez"
"3556086","","unmapped_entrez"
"3556088","","unmapped_entrez"
"3556090","","unmapped_entrez"
"3556092","","unmapped_entrez"
"3556094","","unmapped_entrez"
"3556096","","unmapped_entrez"
"3556098","","unmapped_entrez"
"3556100","","unmapped_entrez"
"3556102","","unmapped_entrez"
"3556104","","unmapped_entrez"
"3556106","","unmapped_entrez"
"3556108","","unmapped_entrez"
"3556110","","unmapped_entrez"
"3556112","","unmapped_entrez"
"3556114","","unmapped_entrez"
"3556116","","unmapped_entrez"
"3556118","","unmapped_entrez"
"3556120","","unmapped_entrez"
"3556122","","unmapped_entrez"
"3556124","","unmapped_entrez"
"3556126","","unmapped_entrez"
"3556128","","unmapped_entrez"
"3556130","","unmapped_entrez"
"3556132","","unmapped_entrez"
"3556134","","unmapped_entrez"
"3556136","","unmapped_entrez"
"3556138","","unmapped_entrez"
"3556140","","unmapped_entrez"
"3556142","","unmapped_entrez"
"3556144","","unmapped_entrez"
"3556146","","unmapped_entrez"
"3556148","","unmapped_entrez"
"3556150","","unmapped_entrez"
"3556152","","unmapped_entrez"
"3556154","","unmapped_entrez"
"3556156","","unmapped_entrez"
"3556158","","unmapped_entrez"
"3556160","","unmapped_entrez"
"3556162","","unmapped_entrez"
"3556164","","unmapped_entrez"
"3556166","","unmapped_entrez"
"3556168","","unmapped_entrez"
"3556170","","unmapped_entrez"
"3556172","","unmapped_entrez"
"3556174","","unmapped_entrez"
"3556176","","unmapped_entrez"
"3556178","","unmapped_entrez"
"3556180","","unmapped_entrez"
"3556182","","unmapped_entrez"
"3556184","","unmapped_entrez"
"3556186","","unmapped_entrez"
"3556188","","unmapped_entrez"
"3556190","","unmapped_entrez"
"3556192","","unmapped_entrez"
"3556194","","unmapped_entrez"
"3556196","","unmapped_entrez"
"3556198","","unmapped_entrez"
"3556200","","unmapped_entrez"
"3556202","","unmapped_entrez"
"3556204","","unmapped_entrez"
"3556206","","unmapped_entrez"
"3556208","","unmapped_entrez"
"3556210","","unmapped_entrez"
"3556212","","unmapped_entrez"
"3556214","","unmapped_entrez"
"3556216","","unmapped_entrez"
"3556218","","unmapped_entrez"
"3556220","","unmapped_entrez"
"3556222","","unmapped_entrez"
"3556224","","unmapped_entrez"
"3556226","","unmapped_entrez"
"3556228","","unmapped_entrez"
"3556230","","unmapped_entrez"
"3556232","","unmapped_entrez"
"3556234","","unmapped_entrez"
"3556236","","unmapped_entrez"
"3556238","","unmapped_entrez"
"3556240","","unmapped_entrez"
"3556242","","unmapped_entrez"
"3556244","","unmapped_entrez"
"3556246","","unmapped_entrez"
"3556248","","unmapped_entrez"
"3556250","","unmapped_entrez"
"3556252","","unmapped_entrez"
"3556254","","unmapped_entrez"
"3556256","","unmapped_entrez"
"3556258","","unmapped_entrez"
"3556260","","unmapped_entrez"
"3556262","","unmapped_entrez"
"3556264","","unmapped_entrez"
"3556266","","unmapped_entrez"
"3556268","","unmapped_entrez"
"3556270","","unmapped_entrez"
"3556272","","unmapped_entrez"
"3556274","","unmapped_entrez"
"3556276","","unmapped_entrez"
"3556278","","unmapped_entrez"
"3556280","","unmapped_entrez"
"3556282","","unmapped_entrez"
"3556284","","unmapped_entrez"
"3556286","","unmapped_entrez"
"3556288","","unmapped_entrez"
"3556290","","unmapped_entrez"
"3556292","","unmapped_entrez"
"3556294","","unmapped_entrez"
"3556296","","unmapped_entrez"
"3556298","","unmapped_entrez"
"3556300","","unmapped_entrez"
"3556302","","unmapped_entrez"
"3556304","","unmapped_entrez"
"3556306","","unmapped_entrez"
"3556308","","unmapped_entrez"
"3556310","","unmapped_entrez"
"3556312","","unmapped_entrez"
"3556314","","unmapped_entrez"
"3556316","","unmapped_entrez"
"3556318","","unmapped_entrez"
"3556320","","unmapped_entrez"
"3556322","","unmapped_entrez"
"3556323","11198","unique_entrez_id"
"3556386","84932","unique_entrez_id"
"3556418","56339","unique_entrez_id"
"3556454","6297","unique_entrez_id"
"3556556","105370401;1603","ambiguous_multiple_entrez"
"3556572","","unmapped_entrez"
"3556580","","unmapped_entrez"
"3556581","","unmapped_entrez"
"3556588","","unmapped_entrez"
"3556589","","unmapped_entrez"
"3556654","","unmapped_entrez"
"3556656","","unmapped_entrez"
"3556658","","unmapped_entrez"
"3556660","","unmapped_entrez"
"3556662","","unmapped_entrez"
"3556664","","unmapped_entrez"
"3556666","","unmapped_entrez"
"3556668","","unmapped_entrez"
"3556670","","unmapped_entrez"
"3556672","","unmapped_entrez"
"3556674","","unmapped_entrez"
"3556676","","unmapped_entrez"
"3556678","","unmapped_entrez"
"3556680","","unmapped_entrez"
"3556682","","unmapped_entrez"
"3556684","","unmapped_entrez"
"3556686","","unmapped_entrez"
"3556688","","unmapped_entrez"
"3556690","","unmapped_entrez"
"3556695","","unmapped_entrez"
"3556697","","unmapped_entrez"
"3556699","","unmapped_entrez"
"3556701","","unmapped_entrez"
"3556703","","unmapped_entrez"
"3556705","","unmapped_entrez"
"3556707","","unmapped_entrez"
"3556709","","unmapped_entrez"
"3556711","","unmapped_entrez"
"3556713","","unmapped_entrez"
"3556715","","unmapped_entrez"
"3556717","","unmapped_entrez"
"3556719","","unmapped_entrez"
"3556721","","unmapped_entrez"
"3556723","","unmapped_entrez"
"3556725","","unmapped_entrez"
"3556727","","unmapped_entrez"
"3556729","","unmapped_entrez"
"3556731","","unmapped_entrez"
"3556733","","unmapped_entrez"
"3556735","","unmapped_entrez"
"3556737","","unmapped_entrez"
"3556739","","unmapped_entrez"
"3556741","","unmapped_entrez"
"3556743","","unmapped_entrez"
"3556745","","unmapped_entrez"
"3556747","","unmapped_entrez"
"3556749","","unmapped_entrez"
"3556751","","unmapped_entrez"
"3556753","","unmapped_entrez"
"3556755","","unmapped_entrez"
"3556757","","unmapped_entrez"
"3556759","","unmapped_entrez"
"3556761","","unmapped_entrez"
"3556763","","unmapped_entrez"
"3556765","","unmapped_entrez"
"3556767","","unmapped_entrez"
"3556769","","unmapped_entrez"
"3556771","","unmapped_entrez"
"3556773","","unmapped_entrez"
"3556816","9056","unique_entrez_id"
"3556888","55147","unique_entrez_id"
"3556924","10419","unique_entrez_id"
"3556966","54930","unique_entrez_id"
"3556990","84962","unique_entrez_id"
"3557017","60686","unique_entrez_id"
"3557048","5693","unique_entrez_id"
"3557069","64403","unique_entrez_id"
"3557106","22985","unique_entrez_id"
"3557198","1053","unique_entrez_id"
"3557209","23428","unique_entrez_id"
"3557268","105370406;57594;90673","ambiguous_multiple_entrez"
"3557350","51310","unique_entrez_id"
"3557408","10278","unique_entrez_id"
"3557430","4624;4625","ambiguous_multiple_entrez"
"3557504","4624;4625","ambiguous_multiple_entrez"
"3557593","85446","unique_entrez_id"
"3557614","8906","unique_entrez_id"
"3557666","84502;8906","ambiguous_multiple_entrez"
"3557756","4901","unique_entrez_id"
"3557791","51016","unique_entrez_id"
"3557811","102465801;5721","ambiguous_multiple_entrez"
"3557851","79711","unique_entrez_id"
"3557898","10548","unique_entrez_id"
"3557947","145553;29082","ambiguous_multiple_entrez"
"3557968","100528064;145553","ambiguous_multiple_entrez"
"3557986","100528064;4738","ambiguous_multiple_entrez"
"3558012","26277","unique_entrez_id"
"3558043","7051","unique_entrez_id"
"3558071","5875","unique_entrez_id"
"3558118","115817","unique_entrez_id"
"3558145","27141","unique_entrez_id"
"3558168","196883","unique_entrez_id"
"3558226","11035","unique_entrez_id"
"3558270","643866","unique_entrez_id"
"3558290","56948","unique_entrez_id"
"3558325","1215","unique_entrez_id"
"3558347","1511","unique_entrez_id"
"3558359","2999","unique_entrez_id"
"3558375","3002","unique_entrez_id"
"3558418","29091","unique_entrez_id"
"3558745","4857","unique_entrez_id"
"3559192","5587","unique_entrez_id"
"3559497","29966","unique_entrez_id"
"3559570","25831","unique_entrez_id"
"3559690","25938","unique_entrez_id"
"3559766","","unmapped_entrez"
"3559794","112487;129880","ambiguous_multiple_entrez"
"3559936","84837","unique_entrez_id"
"3560403","105370444;112399","ambiguous_multiple_entrez"
"3560527","171546","unique_entrez_id"
"3560575","55837","unique_entrez_id"
"3560617","105370447;58533","ambiguous_multiple_entrez"
"3560673","1073","unique_entrez_id"
"3560711","11177","unique_entrez_id"
"3560864","55012","unique_entrez_id"
"3561039","4792","unique_entrez_id"
"3561110","253959;26134","ambiguous_multiple_entrez"
"3561321","51562","unique_entrez_id"
"3561381","253970;7080","ambiguous_multiple_entrez"
"3561440","26257","unique_entrez_id"
"3561532","89874","unique_entrez_id"
"3561703","3169","unique_entrez_id"
"3561868","161198","unique_entrez_id"
"3561952","10484","unique_entrez_id"
"3562003","105370459;122553","ambiguous_multiple_entrez"
"3562086","254170","unique_entrez_id"
"3562557","84075","unique_entrez_id"
"3562671","54813","unique_entrez_id"
"3562721","2287","unique_entrez_id"
"3562746","55320","unique_entrez_id"
"3562899","105370481;140801","ambiguous_multiple_entrez"
"3562910","105370481;161357","ambiguous_multiple_entrez"
"3563317","105378179;378706;6235","ambiguous_multiple_entrez"
"3563357","6166","unique_entrez_id"
"3563372","55172","unique_entrez_id"
"3563395","5427","unique_entrez_id"
"3563459","9147","unique_entrez_id"
"3563687","79609","unique_entrez_id"
"3563734","6655","unique_entrez_id"
"3563814","79944","unique_entrez_id"
"3563861","8814","unique_entrez_id"
"3563922","11183","unique_entrez_id"
"3564027","60485","unique_entrez_id"
"3564071","51199","unique_entrez_id"
"3564210","5836","unique_entrez_id"
"3564250","114088","unique_entrez_id"
"3564620","22795","unique_entrez_id"
"3564790","30001","unique_entrez_id"
"3564872","64841","unique_entrez_id"
"3564919","10979","unique_entrez_id"
"3564997","80821","unique_entrez_id"
"3565206","652","unique_entrez_id"
"3565303","10175","unique_entrez_id"
"3565361","2764","unique_entrez_id"
"3565524","2643","unique_entrez_id"
"3565571","11169","unique_entrez_id"
"3565663","9787","unique_entrez_id"
"3565739","22863","unique_entrez_id"
"3565785","387332","unique_entrez_id"
"3566176","5015","unique_entrez_id"
"3566304","10640","unique_entrez_id"
"3566383","55195","unique_entrez_id"
"3566495","145407","unique_entrez_id"
"3566652","26520","unique_entrez_id"
"3566910","64582","unique_entrez_id"
"3566949","112849","unique_entrez_id"
"3567050","6252","unique_entrez_id"
"3567187","51635","unique_entrez_id"
"3567243","317761","unique_entrez_id"
"3567333","6495","unique_entrez_id"
"3567391","51804","unique_entrez_id"
"3567469","57570","unique_entrez_id"
"3567873","27133","unique_entrez_id"
"3567970","122876","unique_entrez_id"
"3567984","5529","unique_entrez_id"
"3568080","112840","unique_entrez_id"
"3568108","81537","unique_entrez_id"
"3568184","2100","unique_entrez_id"
"3568310","7597","unique_entrez_id"
"3568485","6710","unique_entrez_id"
"3568534","6710","unique_entrez_id"
"3568603","2877","unique_entrez_id"
"3568616","376267","unique_entrez_id"
"3568667","4149","unique_entrez_id"
"3569200","51382","unique_entrez_id"
"3569257","26499","unique_entrez_id"
"3569285","105370542;161145","ambiguous_multiple_entrez"
"3569339","5283","unique_entrez_id"
"3569374","10490","unique_entrez_id"
"3569401","51109","unique_entrez_id"
"3569441","23503","unique_entrez_id"
"3569754","677","unique_entrez_id"
"3569778","677","unique_entrez_id"
"3569814","87","unique_entrez_id"
"3569926","8816","unique_entrez_id"
"3570049","2079","unique_entrez_id"
"3570050","","unmapped_entrez"
"3570052","","unmapped_entrez"
"3570053","","unmapped_entrez"
"3570055","","unmapped_entrez"
"3570056","","unmapped_entrez"
"3570057","","unmapped_entrez"
"3570063","","unmapped_entrez"
"3570065","","unmapped_entrez"
"3570067","","unmapped_entrez"
"3570069","","unmapped_entrez"
"3570071","","unmapped_entrez"
"3570073","","unmapped_entrez"
"3570075","","unmapped_entrez"
"3570077","","unmapped_entrez"
"3570079","","unmapped_entrez"
"3570081","","unmapped_entrez"
"3570083","","unmapped_entrez"
"3570085","","unmapped_entrez"
"3570087","","unmapped_entrez"
"3570089","","unmapped_entrez"
"3570091","","unmapped_entrez"
"3570093","","unmapped_entrez"
"3570095","","unmapped_entrez"
"3570097","","unmapped_entrez"
"3570099","","unmapped_entrez"
"3570101","","unmapped_entrez"
"3570103","","unmapped_entrez"
"3570105","","unmapped_entrez"
"3570107","","unmapped_entrez"
"3570109","","unmapped_entrez"
"3570111","","unmapped_entrez"
"3570113","","unmapped_entrez"
"3570115","","unmapped_entrez"
"3570117","","unmapped_entrez"
"3570119","","unmapped_entrez"
"3570121","","unmapped_entrez"
"3570123","","unmapped_entrez"
"3570125","","unmapped_entrez"
"3570127","","unmapped_entrez"
"3570129","","unmapped_entrez"
"3570131","","unmapped_entrez"
"3570133","","unmapped_entrez"
"3570135","","unmapped_entrez"
"3570137","","unmapped_entrez"
"3570139","","unmapped_entrez"
"3570141","","unmapped_entrez"
"3570218","56936","unique_entrez_id"
"3570266","6554","unique_entrez_id"
"3570373","6547","unique_entrez_id"
"3570454","100529257;51241","ambiguous_multiple_entrez"
"3570475","100529257;55333","ambiguous_multiple_entrez"
"3570526","8748","unique_entrez_id"
"3570556","10001;101928075","ambiguous_multiple_entrez"
"3570599","4293","unique_entrez_id"
"3571059","8110","unique_entrez_id"
"3571248","105370560;53349","ambiguous_multiple_entrez"
"3571347","8650","unique_entrez_id"
"3571436","399671","unique_entrez_id"
"3571542","9240","unique_entrez_id"
"3571553","91748","unique_entrez_id"
"3571634","145483","unique_entrez_id"
"3571667","957","unique_entrez_id"
"3571727","4329","unique_entrez_id"
"3571810","5826","unique_entrez_id"
"3571904","100616211;10577;646658","ambiguous_multiple_entrez"
"3571944","4053","unique_entrez_id"
"3572041","105370567;9870","ambiguous_multiple_entrez"
"3572164","83694","unique_entrez_id"
"3572209","5228","unique_entrez_id"
"3572235","27030","unique_entrez_id"
"3572263","97","unique_entrez_id"
"3572278","91754","unique_entrez_id"
"3572340","10972","unique_entrez_id"
"3572461","11161","unique_entrez_id"
"3572517","7043","unique_entrez_id"
"3572782","100506603;23357","ambiguous_multiple_entrez"
"3572869","64207","unique_entrez_id"
"3572929","283576","unique_entrez_id"
"3572975","58157","unique_entrez_id"
"3572982","29954","unique_entrez_id"
"3573029","283578","unique_entrez_id"
"3573051","122945","unique_entrez_id"
"3573078","63894","unique_entrez_id"
"3573123","145501","unique_entrez_id"
"3573152","9517","unique_entrez_id"
"3573229","8846","unique_entrez_id"
"3573261","22938","unique_entrez_id"
"3573870","105370593;1734","ambiguous_multiple_entrez"
"3573933","145508","unique_entrez_id"
"3573994","145508","unique_entrez_id"
"3574074","2957","unique_entrez_id"
"3574121","100506700;85439","ambiguous_multiple_entrez"
"3574207","6400","unique_entrez_id"
"3574460","","unmapped_entrez"
"3575103","2581","unique_entrez_id"
"3575241","54207","unique_entrez_id"
"3575302","11099","unique_entrez_id"
"3575371","161436","unique_entrez_id"
"3575567","1112","unique_entrez_id"
"3575906","90141","unique_entrez_id"
"3576014","55051","unique_entrez_id"
"3576266","","unmapped_entrez"
"3576284","9252","unique_entrez_id"
"3576411","8111","unique_entrez_id"
"3576441","105370624;440193;8111","ambiguous_multiple_entrez"
"3576545","101928957;55671","ambiguous_multiple_entrez"
"3576633","79820","unique_entrez_id"
"3576704","123036","unique_entrez_id"
"3576749","10516","unique_entrez_id"
"3576812","9321","unique_entrez_id"
"3576889","4287","unique_entrez_id"
"3576937","4707","unique_entrez_id"
"3577078","5641","unique_entrez_id"
"3577160","3705","unique_entrez_id"
"3577246","64112","unique_entrez_id"
"3577256","84520","unique_entrez_id"
"3577277","55727","unique_entrez_id"
"3577360","145270","unique_entrez_id"
"3577443","51676","unique_entrez_id"
"3577513","57062","unique_entrez_id"
"3577545","105370634;83982","ambiguous_multiple_entrez"
"3577577","51156","unique_entrez_id"
"3577595","866","unique_entrez_id"
"3577612","390502;5265","ambiguous_multiple_entrez"
"3577683","327657","unique_entrez_id"
"3577715","145264","unique_entrez_id"
"3577775","145258","unique_entrez_id"
"3577870","23405","unique_entrez_id"
"3577940","79789","unique_entrez_id"
"3578069","161176","unique_entrez_id"
"3578089","105370639;105370640;161176","ambiguous_multiple_entrez"
"3578125","","unmapped_entrez"
"3578152","105370644;8115","ambiguous_multiple_entrez"
"3578278","55102","unique_entrez_id"
"3579114","64919","unique_entrez_id"
"3579205","84193","unique_entrez_id"
"3579269","317762","unique_entrez_id"
"3579458","123099","unique_entrez_id"
"3579501","123096","unique_entrez_id"
"3579546","7453","unique_entrez_id"
"3579610","57596","unique_entrez_id"
"3579969","100302145;64150","ambiguous_multiple_entrez"
"3580179","3320;3324","ambiguous_multiple_entrez"
"3580234","105370677;5891","ambiguous_multiple_entrez"
"3580319","51550","unique_entrez_id"
"3580357","122416","unique_entrez_id"
"3580498","9578","unique_entrez_id"
"3580769","1152","unique_entrez_id"
"3580791","9529","unique_entrez_id"
"3580832","7517","unique_entrez_id"
"3580876","23368","unique_entrez_id"
"3580947","9556","unique_entrez_id"
"3581090","388021","unique_entrez_id"
"3581132","207","unique_entrez_id"
"3581221","113146","unique_entrez_id"
"3581373","","unmapped_entrez"
"3581386","55038","unique_entrez_id"
"3581404","29933","unique_entrez_id"
"3581442","102465458;3714","ambiguous_multiple_entrez"
"3581485","256281","unique_entrez_id"
"3581515","2972","unique_entrez_id"
"3581637","152098;2003;28396;3493;3494;3495;3500;3502;3507;8755","ambiguous_multiple_entrez"
"3582745","100847062;28387","ambiguous_multiple_entrez"
"3582758","28378","unique_entrez_id"
"3583362","101927079;102723532;348120;390538;441670;727924","ambiguous_multiple_entrez"
"3583382","101927079;102723532;283694","ambiguous_multiple_entrez"
"3583541","105376698;283767;440243;645202;727832","ambiguous_multiple_entrez"
"3583577","114791","unique_entrez_id"
"3583638","23191","unique_entrez_id"
"3584096","7681","unique_entrez_id"
"3584393","23742","unique_entrez_id"
"3584443","100033413;100033414;100033415;100033416;100033417;100033418;100033419;100033420;100033421;100033422;100033423;100033424;100033425;100033426;100033427;100033428;100033429;100033430;100033431;100033432;100033433;100033434;100033435;100033436;100033437;100033438;100033439;100033440;100033441;100033442;100033443;100033444;100033445;100033446;100033449;100033820;100033821;100506965;104472715;145624;338427;338428;338429;338433;347686;347746;3653;6638;727708;8123;8926;91380","ambiguous_multiple_entrez"
"3584728","100506965","unique_entrez_id"
"3585223","2558","unique_entrez_id"
"3585272","2567","unique_entrez_id"
"3585905","321","unique_entrez_id"
"3586834","22909","unique_entrez_id"
"3587015","51621","unique_entrez_id"
"3587073","105370939;51621","ambiguous_multiple_entrez"
"3587226","1139;89832","ambiguous_multiple_entrez"
"3587457","89839;9824","ambiguous_multiple_entrez"
"3587495","6447","unique_entrez_id"
"3587553","26585","unique_entrez_id"
"3587722","6263","unique_entrez_id"
"3588037","1133","unique_entrez_id"
"3588062","161779","unique_entrez_id"
"3588069","51234","unique_entrez_id"
"3588125","256646","unique_entrez_id"
"3588346","","unmapped_entrez"
"3588658","113251;84529","ambiguous_multiple_entrez"
"3589051","145942","unique_entrez_id"
"3589141","161742","unique_entrez_id"
"3589212","283742","unique_entrez_id"
"3589290","400359","unique_entrez_id"
"3589410","400360","unique_entrez_id"
"3589458","7057","unique_entrez_id"
"3589570","100505534;440275","ambiguous_multiple_entrez"
"3589697","106821730;56924;701","ambiguous_multiple_entrez"
"3589756","106821730;56924","ambiguous_multiple_entrez"
"3589822","85455","unique_entrez_id"
"3589905","3712","unique_entrez_id"
"3589947","22893","unique_entrez_id"
"3589972","113189","unique_entrez_id"
"3589997","27079","unique_entrez_id"
"3590014","57082","unique_entrez_id"
"3590086","5888","unique_entrez_id"
"3590108","2644","unique_entrez_id"
"3590129","84936","unique_entrez_id"
"3590164","6692","unique_entrez_id"
"3590204","57617","unique_entrez_id"
"3590239","54567","unique_entrez_id"
"3590275","79094","unique_entrez_id"
"3590341","11261","unique_entrez_id"
"3590388","51203","unique_entrez_id"
"3590422","23168","unique_entrez_id"
"3590460","3706","unique_entrez_id"
"3590498","7301","unique_entrez_id"
"3590709","100137047;100137049;8681","ambiguous_multiple_entrez"
"3590853","2595;825","ambiguous_multiple_entrez"
"3591006","8773","unique_entrez_id"
"3591044","55142","unique_entrez_id"
"3591281","80021","unique_entrez_id"
"3591327","23582","unique_entrez_id"
"3591365","161823","unique_entrez_id"
"3591400","27229","unique_entrez_id"
"3591459","337966;4130","ambiguous_multiple_entrez"
"3591650","100529067;10169;80237","ambiguous_multiple_entrez"
"3591674","100529067;25764","ambiguous_multiple_entrez"
"3591704","79968","unique_entrez_id"
"3591838","113201","unique_entrez_id"
"3591909","51496","unique_entrez_id"
"3591963","8669","unique_entrez_id"
"3592023","567","unique_entrez_id"
"3592054","100419583;140691","ambiguous_multiple_entrez"
"3592109","6652","unique_entrez_id"
"3592172","145645","unique_entrez_id"
"3592196","405753","unique_entrez_id"
"3592214","50506;53905","ambiguous_multiple_entrez"
"3592304","9153","unique_entrez_id"
"3592366","79029","unique_entrez_id"
"3592401","100126311;84419","ambiguous_multiple_entrez"
"3592420","105376714;283651","ambiguous_multiple_entrez"
"3592484","26258","unique_entrez_id"
"3592511","58472","unique_entrez_id"
"3592755","80031","unique_entrez_id"
"3593014","283652","unique_entrez_id"
"3593065","6557","unique_entrez_id"
"3593147","1854","unique_entrez_id"
"3593261","23741","unique_entrez_id"
"3593339","100306975;2585","ambiguous_multiple_entrez"
"3593408","2252;387628;654466","ambiguous_multiple_entrez"
"3593452","56986","unique_entrez_id"
"3593575","11001","unique_entrez_id"
"3593652","9101","unique_entrez_id"
"3593770","100132724;23431","ambiguous_multiple_entrez"
"3593931","342035","unique_entrez_id"
"3594003","29106","unique_entrez_id"
"3594031","29767","unique_entrez_id"
"3594066","29766","unique_entrez_id"
"3594129","5597","unique_entrez_id"
"3594825","9488","unique_entrez_id"
"3594986","374618","unique_entrez_id"
"3595096","105370833;6938","ambiguous_multiple_entrez"
"3595315","84952","unique_entrez_id"
"3595441","100820829;145781;81488","ambiguous_multiple_entrez"
"3595594","366","unique_entrez_id"
"3595691","3990","unique_entrez_id"
"3595846","54629","unique_entrez_id"
"3595909","54778","unique_entrez_id"
"3595979","9133","unique_entrez_id"
"3596008","","unmapped_entrez"
"3596021","92483","unique_entrez_id"
"3596109","145773","unique_entrez_id"
"3596147","9245","unique_entrez_id"
"3596263","105370838;27023","ambiguous_multiple_entrez"
"3596894","145741;388125","ambiguous_multiple_entrez"
"3597125","406965;83660","ambiguous_multiple_entrez"
"3597338","7168","unique_entrez_id"
"3597421","114294","unique_entrez_id"
"3597476","51762","unique_entrez_id"
"3597521","83464","unique_entrez_id"
"3597603","9960","unique_entrez_id"
"3597702","283807","unique_entrez_id"
"3597857","6642","unique_entrez_id"
"3597914","79856","unique_entrez_id"
"3597977","9325","unique_entrez_id"
"3598165","80301","unique_entrez_id"
"3598199","348094","unique_entrez_id"
"3598267","123264","unique_entrez_id"
"3598381","51495","unique_entrez_id"
"3598430","9187","unique_entrez_id"
"3598482","105370866;8766","ambiguous_multiple_entrez"
"3598613","115752","unique_entrez_id"
"3598662","5604","unique_entrez_id"
"3598721","55055","unique_entrez_id"
"3598758","4091","unique_entrez_id"
"3598959","4088","unique_entrez_id"
"3599059","64799","unique_entrez_id"
"3599162","5607","unique_entrez_id"
"3599280","390598;8554","ambiguous_multiple_entrez"
"3599432","10116","unique_entrez_id"
"3599495","10391","unique_entrez_id"
"3599561","246777;79400","ambiguous_multiple_entrez"
"3599669","283673","unique_entrez_id"
"3599709","26035","unique_entrez_id"
"3599758","54852","unique_entrez_id"
"3599811","9493","unique_entrez_id"
"3599958","414926","unique_entrez_id"
"3600212","54839","unique_entrez_id"
"3600283","79875","unique_entrez_id"
"3600489","10002","unique_entrez_id"
"3600621","123228","unique_entrez_id"
"3600713","80072","unique_entrez_id"
"3600744","25820;693215","ambiguous_multiple_entrez"
"3600960","585","unique_entrez_id"
"3601051","4756","unique_entrez_id"
"3601229","80381","unique_entrez_id"
"3601322","161514","unique_entrez_id"
"3601348","4016","unique_entrez_id"
"3601387","5371","unique_entrez_id"
"3601486","57611","unique_entrez_id"
"3601511","3671","unique_entrez_id"
"3601538","80125","unique_entrez_id"
"3601675","10620","unique_entrez_id"
"3601741","1198","unique_entrez_id"
"3601827","1544","unique_entrez_id"
"3601840","1445","unique_entrez_id"
"3601889","79748","unique_entrez_id"
"3601931","105370897;594855","ambiguous_multiple_entrez"
"3601955","4351","unique_entrez_id"
"3602004","192683","unique_entrez_id"
"3602039","60490","unique_entrez_id"
"3602116","56905","unique_entrez_id"
"3602264","54939","unique_entrez_id"
"3602299","79661","unique_entrez_id"
"3602390","257364","unique_entrez_id"
"3602423","161753","unique_entrez_id"
"3602497","92912","unique_entrez_id"
"3602526","26263","unique_entrez_id"
"3602569","123591","unique_entrez_id"
"3602634","64843","unique_entrez_id"
"3602723","5955","unique_entrez_id"
"3602767","9051","unique_entrez_id"
"3602873","10363","unique_entrez_id"
"3603199","3419","unique_entrez_id"
"3603247","55466","unique_entrez_id"
"3603295","1381","unique_entrez_id"
"3603336","3658","unique_entrez_id"
"3603405","","unmapped_entrez"
"3603408","5685","unique_entrez_id"
"3603436","1138","unique_entrez_id"
"3603532","10933","unique_entrez_id"
"3603618","100129540","unique_entrez_id"
"3603687","23423","unique_entrez_id"
"3603840","283687","unique_entrez_id"
"3603864","","unmapped_entrez"
"3603884","158381;54469","ambiguous_multiple_entrez"
"3603927","","unmapped_entrez"
"3603932","2184","unique_entrez_id"
"3604006","9915","unique_entrez_id"
"3604147","57214","unique_entrez_id"
"3604236","59274","unique_entrez_id"
"3604267","161502","unique_entrez_id"
"3604287","3603","unique_entrez_id"
"3605268","53346","unique_entrez_id"
"3605348","6457","unique_entrez_id"
"3605395","57188","unique_entrez_id"
"3605739","54993","unique_entrez_id"
"3605780","54581;54583","ambiguous_multiple_entrez"
"3605832","9640","unique_entrez_id"
"3605884","57538","unique_entrez_id"
"3605958","9154","unique_entrez_id"
"3606034","5151","unique_entrez_id"
"3606304","102465803;11214","ambiguous_multiple_entrez"
"3606682","123624","unique_entrez_id"
"3606981","145978","unique_entrez_id"
"3607183","64963","unique_entrez_id"
"3607232","407044;64782","ambiguous_multiple_entrez"
"3607275","3669","unique_entrez_id"
"3607332","176","unique_entrez_id"
"3607447","11057","unique_entrez_id"
"3607503","11057","unique_entrez_id"
"3607510","55215","unique_entrez_id"
"3607537","55215","unique_entrez_id"
"3607698","90381","unique_entrez_id"
"3607766","56964","unique_entrez_id"
"3607870","374655","unique_entrez_id"
"3607927","10509","unique_entrez_id"
"3607998","440307;51335","ambiguous_multiple_entrez"
"3608095","342132","unique_entrez_id"
"3608113","8826","unique_entrez_id"
"3608220","64784","unique_entrez_id"
"3608298","641","unique_entrez_id"
"3608398","5045","unique_entrez_id"
"3608427","2242","unique_entrez_id"
"3608466","4122","unique_entrez_id"
"3608520","55898","unique_entrez_id"
"3608638","9899","unique_entrez_id"
"3608787","28232","unique_entrez_id"
"3608952","8128","unique_entrez_id"
"3609004","8128","unique_entrez_id"
"3609007","145858","unique_entrez_id"
"3609098","","unmapped_entrez"
"3609138","100507217;1106","ambiguous_multiple_entrez"
"3609409","","unmapped_entrez"
"3609553","101927129","unique_entrez_id"
"3609592","55784","unique_entrez_id"
"3610110","7026","unique_entrez_id"
"3610372","145946","unique_entrez_id"
"3610611","91947","unique_entrez_id"
"3610804","3480","unique_entrez_id"
"3610958","3480","unique_entrez_id"
"3610982","23336","unique_entrez_id"
"3611049","105371017;123355;7184;7190","ambiguous_multiple_entrez"
"3611126","105371017;4205","ambiguous_multiple_entrez"
"3611506","140460","unique_entrez_id"
"3611625","220","unique_entrez_id"
"3611684","79705","unique_entrez_id"
"3611744","79705","unique_entrez_id"
"3612113","390648","unique_entrez_id"
"3612166","100287171;100288778;102465909;102465910;102466751;103504738;374666;375260;653635","ambiguous_multiple_entrez"
"3612763","100287399;100288966;100996331;102723502;102724631;23784;317754;388468;404785;445582;641455;653269;653781;728378","ambiguous_multiple_entrez"
"3613300","81614","unique_entrez_id"
"3613338","123606;283683;646278","ambiguous_multiple_entrez"
"3613659","283685","unique_entrez_id"
"3613706","54551","unique_entrez_id"
"3613725","4692","unique_entrez_id"
"3614012","","unmapped_entrez"
"3614087","7337","unique_entrez_id"
"3614305","57194","unique_entrez_id"
"3614534","2562","unique_entrez_id"
"3614774","4948","unique_entrez_id"
"3614901","100289574;107987422;283755;390561;400322;440248;8924","ambiguous_multiple_entrez"
"3615556","56160","unique_entrez_id"
"3615579","105370743;7082","ambiguous_multiple_entrez"
"3615791","1139;89832;89837;89838","ambiguous_multiple_entrez"
"3615985","54893","unique_entrez_id"
"3616044","406993;4308","ambiguous_multiple_entrez"
"3616216","100288637;161725","ambiguous_multiple_entrez"
"3617170","57099","unique_entrez_id"
"3617230","56851;57099","ambiguous_multiple_entrez"
"3617312","9990","unique_entrez_id"
"3617403","55505","unique_entrez_id"
"3617412","254531","unique_entrez_id"
"3617458","100132565;100132979;101059918;23015;283796;390535;440270;56000;643699;653061;653073;653075;653125;653720;728047;728498;729786","ambiguous_multiple_entrez"
"3617574","100132565;100132979;101059918;23015;283796;440270;56000;643699;653073;653075;653720;728047;728498;729786","ambiguous_multiple_entrez"
"3617712","57369","unique_entrez_id"
"3617719","70","unique_entrez_id"
"3617757","105370765;9716","ambiguous_multiple_entrez"
"3617830","54989","unique_entrez_id"
"3617920","89978","unique_entrez_id"
"3618333","4212","unique_entrez_id"
"3618736","10125;105370776","ambiguous_multiple_entrez"
"3619060","161835","unique_entrez_id"
"3619116","11245","unique_entrez_id"
"3619157","","unmapped_entrez"
"3619165","6727","unique_entrez_id"
"3619169","","unmapped_entrez"
"3619170","","unmapped_entrez"
"3619171","","unmapped_entrez"
"3619175","","unmapped_entrez"
"3619177","","unmapped_entrez"
"3619178","","unmapped_entrez"
"3619183","","unmapped_entrez"
"3619185","","unmapped_entrez"
"3619187","","unmapped_entrez"
"3619189","","unmapped_entrez"
"3619191","","unmapped_entrez"
"3619193","","unmapped_entrez"
"3619195","","unmapped_entrez"
"3619197","","unmapped_entrez"
"3619199","","unmapped_entrez"
"3619229","105370787;90427","ambiguous_multiple_entrez"
"3619326","5330","unique_entrez_id"
"3619400","388115","unique_entrez_id"
"3619479","359821;90416","ambiguous_multiple_entrez"
"3619595","55177","unique_entrez_id"
"3619650","55192","unique_entrez_id"
"3619690","54866","unique_entrez_id"
"3619721","171177","unique_entrez_id"
"3619773","54617","unique_entrez_id"
"3619887","161829","unique_entrez_id"
"3619945","11339","unique_entrez_id"
"3619991","51103","unique_entrez_id"
"3620022","4058","unique_entrez_id"
"3620054","26015","unique_entrez_id"
"3620156","51332","unique_entrez_id"
"3620276","30844","unique_entrez_id"
"3620323","123745","unique_entrez_id"
"3620380","283748","unique_entrez_id"
"3620421","255189","unique_entrez_id"
"3620457","23339","unique_entrez_id"
"3620515","25963","unique_entrez_id"
"3620590","64397","unique_entrez_id"
"3620683","255252","unique_entrez_id"
"3620741","146059","unique_entrez_id"
"3620799","146057","unique_entrez_id"
"3620880","197131","unique_entrez_id"
"3621029","2038","unique_entrez_id"
"3621080","9333","unique_entrez_id"
"3621117","116179","unique_entrez_id"
"3621140","9836","unique_entrez_id"
"3621160","146050","unique_entrez_id"
"3621194","7158","unique_entrez_id"
"3621276","9677","unique_entrez_id"
"3621351","117155;161497;554225","ambiguous_multiple_entrez"
"3621417","117155;440278;9677","ambiguous_multiple_entrez"
"3621594","117155;440278","ambiguous_multiple_entrez"
"3621623","100302254;619189;80237","ambiguous_multiple_entrez"
"3621692","4236","unique_entrez_id"
"3621728","728758;84978","ambiguous_multiple_entrez"
"3621948","3671;80208","ambiguous_multiple_entrez"
"3622176","50506;53905","ambiguous_multiple_entrez"
"3622239","90527","unique_entrez_id"
"3622282","90525","unique_entrez_id"
"3622386","2628","unique_entrez_id"
"3622436","7782","unique_entrez_id"
"3622934","50804","unique_entrez_id"
"3623031","2200","unique_entrez_id"
"3623270","399694","unique_entrez_id"
"3623320","9728","unique_entrez_id"
"3623424","9318","unique_entrez_id"
"3623472","196951;84888","ambiguous_multiple_entrez"
"3623552","79895","unique_entrez_id"
"3623655","3067","unique_entrez_id"
"3623683","2553;55056","ambiguous_multiple_entrez"
"3623717","55056","unique_entrez_id"
"3623751","373509","unique_entrez_id"
"3623771","54822","unique_entrez_id"
"3623865","84888","unique_entrez_id"
"3623948","388121","unique_entrez_id"
"3624003","1588","unique_entrez_id"
"3624131","","unmapped_entrez"
"3624145","23312","unique_entrez_id"
"3624273","256586","unique_entrez_id"
"3624362","123169","unique_entrez_id"
"3624410","10017","unique_entrez_id"
"3624448","10681","unique_entrez_id"
"3624513","55930","unique_entrez_id"
"3624607","4644","unique_entrez_id"
"3624697","10776","unique_entrez_id"
"3624804","101928499;3175","ambiguous_multiple_entrez"
"3625052","256764","unique_entrez_id"
"3625234","51187","unique_entrez_id"
"3625271","5873","unique_entrez_id"
"3625326","100533483;9236","ambiguous_multiple_entrez"
"3625391","100533483;161582","ambiguous_multiple_entrez"
"3625440","26108","unique_entrez_id"
"3625539","4734","unique_entrez_id"
"3625674","64864","unique_entrez_id"
"3625761","55329","unique_entrez_id"
"3625823","54816","unique_entrez_id"
"3626312","8854","unique_entrez_id"
"3626538","","unmapped_entrez"
"3626555","102;664618","ambiguous_multiple_entrez"
"3626704","79811","unique_entrez_id"
"3626826","4643","unique_entrez_id"
"3627042","2958","unique_entrez_id"
"3627076","663","unique_entrez_id"
"3627248","302;303;304;305","ambiguous_multiple_entrez"
"3627363","79664","unique_entrez_id"
"3627422","6095","unique_entrez_id"
"3627929","54832","unique_entrez_id"
"3628104","145741;255180;388125","ambiguous_multiple_entrez"
"3628469","51065","unique_entrez_id"
"3628498","771","unique_entrez_id"
"3628650","8925","unique_entrez_id"
"3628832","23604","unique_entrez_id"
"3628923","84191","unique_entrez_id"
"3628994","5479","unique_entrez_id"
"3629012","53944","unique_entrez_id"
"3629103","9768","unique_entrez_id"
"3629125","","unmapped_entrez"
"3629206","4947","unique_entrez_id"
"3629243","348093","unique_entrez_id"
"3629272","80119","unique_entrez_id"
"3629350","51324","unique_entrez_id"
"3629378","123263","unique_entrez_id"
"3629416","51285","unique_entrez_id"
"3629475","10081","unique_entrez_id"
"3629494","10845","unique_entrez_id"
"3629529","8483","unique_entrez_id"
"3629567","54956","unique_entrez_id"
"3629610","9543","unique_entrez_id"
"3629652","57722","unique_entrez_id"
"3629698","54878","unique_entrez_id"
"3629761","81556","unique_entrez_id"
"3629811","10260;646358;79982","ambiguous_multiple_entrez"
"3629948","84465","unique_entrez_id"
"3630099","54962;692149","ambiguous_multiple_entrez"
"3630156","10302","unique_entrez_id"
"3630183","","unmapped_entrez"
"3630184","","unmapped_entrez"
"3630185","","unmapped_entrez"
"3630187","","unmapped_entrez"
"3630188","","unmapped_entrez"
"3630190","","unmapped_entrez"
"3630191","","unmapped_entrez"
"3630194","","unmapped_entrez"
"3630195","","unmapped_entrez"
"3630197","","unmapped_entrez"
"3630198","","unmapped_entrez"
"3630204","","unmapped_entrez"
"3630206","","unmapped_entrez"
"3630217","","unmapped_entrez"
"3630219","","unmapped_entrez"
"3630221","","unmapped_entrez"
"3630223","","unmapped_entrez"
"3630225","","unmapped_entrez"
"3630228","197021","unique_entrez_id"
"3630378","","unmapped_entrez"
"3630450","79719","unique_entrez_id"
"3630668","91860","unique_entrez_id"
"3630701","54982","unique_entrez_id"
"3630736","22801","unique_entrez_id"
"3630912","23520;723972;8125","ambiguous_multiple_entrez"
"3630957","80035","unique_entrez_id"
"3631214","7090","unique_entrez_id"
"3631397","55075","unique_entrez_id"
"3631498","55323","unique_entrez_id"
"3631517","56906","unique_entrez_id"
"3631794","4649","unique_entrez_id"
"3631964","5315","unique_entrez_id"
"3632037","56965","unique_entrez_id"
"3632107","60677","unique_entrez_id"
"3632152","3073","unique_entrez_id"
"3632298","83440","unique_entrez_id"
"3632424","10021","unique_entrez_id"
"3632492","101241892;27020","ambiguous_multiple_entrez"
"3632671","9399","unique_entrez_id"
"3632806","105370893;64220","ambiguous_multiple_entrez"
"3632862","1583","unique_entrez_id"
"3632907","8482","unique_entrez_id"
"3632940","84993","unique_entrez_id"
"3633048","80153","unique_entrez_id"
"3633081","1543","unique_entrez_id"
"3633109","25989","unique_entrez_id"
"3633148","10066","unique_entrez_id"
"3633191","57184","unique_entrez_id"
"3633221","9377","unique_entrez_id"
"3633236","54913","unique_entrez_id"
"3633324","","unmapped_entrez"
"3633347","4123","unique_entrez_id"
"3633403","25942","unique_entrez_id"
"3633460","5780","unique_entrez_id"
"3633522","10073","unique_entrez_id"
"3633550","55272","unique_entrez_id"
"3633578","1464","unique_entrez_id"
"3633699","145957","unique_entrez_id"
"3633794","2108;7301;7302","ambiguous_multiple_entrez"
"3633890","49855","unique_entrez_id"
"3634071","10099","unique_entrez_id"
"3634188","81698","unique_entrez_id"
"3634256","84894","unique_entrez_id"
"3634458","23102;646938","ambiguous_multiple_entrez"
"3634509","10518","unique_entrez_id"
"3634529","23205","unique_entrez_id"
"3634588","105370910;80349","ambiguous_multiple_entrez"
"3634656","1136","unique_entrez_id"
"3634682","1143","unique_entrez_id"
"3634742","11173;390660","ambiguous_multiple_entrez"
"3634811","1512","unique_entrez_id"
"3634852","5923","unique_entrez_id"
"3635125","100528021;10588","ambiguous_multiple_entrez"
"3635159","100528021;400410","ambiguous_multiple_entrez"
"3635198","597","unique_entrez_id"
"3635456","23184","unique_entrez_id"
"3635553","80765","unique_entrez_id"
"3635578","342125","unique_entrez_id"
"3635737","84206","unique_entrez_id"
"3635776","648809;79631","ambiguous_multiple_entrez"
"3635903","","unmapped_entrez"
"3636169","64506","unique_entrez_id"
"3636216","8120","unique_entrez_id"
"3636391","9455","unique_entrez_id"
"3636442","123207","unique_entrez_id"
"3636470","53339","unique_entrez_id"
"3636522","50810","unique_entrez_id"
"3636562","646","unique_entrez_id"
"3636879","388165","unique_entrez_id"
"3636956","84942","unique_entrez_id"
"3636985","4828","unique_entrez_id"
"3637006","23478","unique_entrez_id"
"3637367","64410","unique_entrez_id"
"3637818","4916","unique_entrez_id"
"3638048","26589","unique_entrez_id"
"3638068","55070","unique_entrez_id"
"3638188","145864","unique_entrez_id"
"3638204","4240","unique_entrez_id"
"3638303","6017","unique_entrez_id"
"3638337","5428","unique_entrez_id"
"3638411","105370964;51458","ambiguous_multiple_entrez"
"3638484","374654","unique_entrez_id"
"3638546","5346","unique_entrez_id"
"3638566","8800","unique_entrez_id"
"3638590","55897","unique_entrez_id"
"3638607","290","unique_entrez_id"
"3638665","100526783;10239","ambiguous_multiple_entrez"
"3638699","100526783;348110","ambiguous_multiple_entrez"
"3638760","3418","unique_entrez_id"
"3638819","10519","unique_entrez_id"
"3638871","23766","unique_entrez_id"
"3639007","374659","unique_entrez_id"
"3639031","9055","unique_entrez_id"
"3639070","26276","unique_entrez_id"
"3639406","400451","unique_entrez_id"
"3639479","400451;94239","ambiguous_multiple_entrez"
"3639601","56963","unique_entrez_id"
"3641112","283777","unique_entrez_id"
"3641391","64927","unique_entrez_id"
"3641560","145748","unique_entrez_id"
"3641597","196968","unique_entrez_id"
"3641633","170691","unique_entrez_id"
"3641763","388182","unique_entrez_id"
"3641777","204219","unique_entrez_id"
"3641871","55180","unique_entrez_id"
"3642060","22856","unique_entrez_id"
"3642137","55829","unique_entrez_id"
"3642162","6627","unique_entrez_id"
"3642200","100507472;5046","ambiguous_multiple_entrez"
"3642358","80213","unique_entrez_id"
"3642390","123283","unique_entrez_id"
"3642572","79622","unique_entrez_id"
"3642604","4350","unique_entrez_id"
"3642643","3050","unique_entrez_id"
"3642654","3042","unique_entrez_id"
"3642687","3049","unique_entrez_id"
"3642707","83986","unique_entrez_id"
"3642747","398;64714","ambiguous_multiple_entrez"
"3642765","64714","unique_entrez_id"
"3642815","4833","unique_entrez_id"
"3642837","26063","unique_entrez_id"
"3642875","9727","unique_entrez_id"
"3642946","6650","unique_entrez_id"
"3642993","146325;283948","ambiguous_multiple_entrez"
"3643019","9091","unique_entrez_id"
"3643047","117166;57799","ambiguous_multiple_entrez"
"3643100","117166","unique_entrez_id"
"3643114","84331","unique_entrez_id"
"3643143","197335","unique_entrez_id"
"3643196","197335","unique_entrez_id"
"3643229","89941","unique_entrez_id"
"3643281","9028","unique_entrez_id"
"3643297","10273","unique_entrez_id"
"3643333","79006","unique_entrez_id"
"3643347","65990","unique_entrez_id"
"3643360","84264","unique_entrez_id"
"3643396","10232","unique_entrez_id"
"3643431","63922","unique_entrez_id"
"3643503","30812","unique_entrez_id"
"3643552","6755","unique_entrez_id"
"3643580","8912","unique_entrez_id"
"3643679","23430","unique_entrez_id"
"3643703","7329","unique_entrez_id"
"3643752","8938","unique_entrez_id"
"3643813","84572","unique_entrez_id"
"3643892","9894","unique_entrez_id"
"3643938","79652","unique_entrez_id"
"3643966","57585;90861","ambiguous_multiple_entrez"
"3644057","23162","unique_entrez_id"
"3644162","10101","unique_entrez_id"
"3644191","81889","unique_entrez_id"
"3644220","4716","unique_entrez_id"
"3644249","10607","unique_entrez_id"
"3644297","2671","unique_entrez_id"
"3644309","9143","unique_entrez_id"
"3644340","9351","unique_entrez_id"
"3644375","7249","unique_entrez_id"
"3644510","25837","unique_entrez_id"
"3644541","84231","unique_entrez_id"
"3644593","64223","unique_entrez_id"
"3644625","1877","unique_entrez_id"
"3644664","1775","unique_entrez_id"
"3644764","650655;899","ambiguous_multiple_entrez"
"3644810","102465460;80178","ambiguous_multiple_entrez"
"3644840","4917","unique_entrez_id"
"3644887","527;57465","ambiguous_multiple_entrez"
"3644932","51005","unique_entrez_id"
"3644973","5170","unique_entrez_id"
"3645204","54442","unique_entrez_id"
"3645253","23524","unique_entrez_id"
"3645322","360226","unique_entrez_id"
"3645338","10942","unique_entrez_id"
"3645359","124220","unique_entrez_id"
"3645377","114984","unique_entrez_id"
"3645402","84256","unique_entrez_id"
"3645452","79412","unique_entrez_id"
"3645477","124222","unique_entrez_id"
"3645549","9080","unique_entrez_id"
"3645555","51330","unique_entrez_id"
"3645565","79228","unique_entrez_id"
"3645601","64386","unique_entrez_id"
"3645626","9235","unique_entrez_id"
"3645656","7755","unique_entrez_id"
"3645683","7760","unique_entrez_id"
"3645764","4992","unique_entrez_id"
"3645779","10127","unique_entrez_id"
"3645816","7627","unique_entrez_id"
"3645836","7627","unique_entrez_id"
"3645850","4993","unique_entrez_id"
"3645881","7727","unique_entrez_id"
"3645901","79903","unique_entrez_id"
"3645947","23059","unique_entrez_id"
"3646000","1773","unique_entrez_id"
"3646118","84662","unique_entrez_id"
"3646156","114990","unique_entrez_id"
"3646164","9093","unique_entrez_id"
"3646199","3163","unique_entrez_id"
"3646226","","unmapped_entrez"
"3646277","23295","unique_entrez_id"
"3646349","84309","unique_entrez_id"
"3646366","146562","unique_entrez_id"
"3646434","29855","unique_entrez_id"
"3646495","9717","unique_entrez_id"
"3646542","100507589;200810;56052;650368","ambiguous_multiple_entrez"
"3646613","54715","unique_entrez_id"
"3647046","","unmapped_entrez"
"3647368","79091","unique_entrez_id"
"3647421","18","unique_entrez_id"
"3647504","5373","unique_entrez_id"
"3647632","29035","unique_entrez_id"
"3647827","80063","unique_entrez_id"
"3647956","4682","unique_entrez_id"
"3647993","4261","unique_entrez_id"
"3648247","105371082;116028","ambiguous_multiple_entrez"
"3648306","8303","unique_entrez_id"
"3648340","","unmapped_entrez"
"3648391","100505915;608","ambiguous_multiple_entrez"
"3648412","100652781;440352;92017","ambiguous_multiple_entrez"
"3648995","2072","unique_entrez_id"
"3649052","100533496;201158;51030;57496","ambiguous_multiple_entrez"
"3649245","51283","unique_entrez_id"
"3649697","255027","unique_entrez_id"
"3649714","89927","unique_entrez_id"
"3649811","54820","unique_entrez_id"
"3649890","4363","unique_entrez_id"
"3650762","79905","unique_entrez_id"
"3650802","10229","unique_entrez_id"
"3650861","51760","unique_entrez_id"
"3650898","728276","unique_entrez_id"
"3650953","79838","unique_entrez_id"
"3651018","9738","unique_entrez_id"
"3651057","57020","unique_entrez_id"
"3651152","124152","unique_entrez_id"
"3651294","54988","unique_entrez_id"
"3651478","6296","unique_entrez_id"
"3651509","81691","unique_entrez_id"
"3651588","57149","unique_entrez_id"
"3651639","57146","unique_entrez_id"
"3651672","257629","unique_entrez_id"
"3651955","51108","unique_entrez_id"
"3652011","146183;653786","ambiguous_multiple_entrez"
"3652218","7385","unique_entrez_id"
"3652271","730094","unique_entrez_id"
"3652338","146177","unique_entrez_id"
"3652424","29904","unique_entrez_id"
"3652489","55718","unique_entrez_id"
"3652609","100271836;107282092;23049;440354;595101;641298","ambiguous_multiple_entrez"
"3652749","9956","unique_entrez_id"
"3652867","6340","unique_entrez_id"
"3652902","6338","unique_entrez_id"
"3653000","56061","unique_entrez_id"
"3653042","84516","unique_entrez_id"
"3653072","5347","unique_entrez_id"
"3653098","63928","unique_entrez_id"
"3653123","102466247;5579","ambiguous_multiple_entrez"
"3653266","10368","unique_entrez_id"
"3653317","5930","unique_entrez_id"
"3653398","27327","unique_entrez_id"
"3653516","115584","unique_entrez_id"
"3653584","554206","unique_entrez_id"
"3653619","51451","unique_entrez_id"
"3653677","343","unique_entrez_id"
"3653786","9951","unique_entrez_id"
"3654084","162083","unique_entrez_id"
"3654111","79831","unique_entrez_id"
"3654175","3566","unique_entrez_id"
"3654227","50615","unique_entrez_id"
"3654614","100526830;100526831;255027;445329;6799;6817;6818","ambiguous_multiple_entrez"
"3654669","100526830;100526831;445329;6799;6817;6818","ambiguous_multiple_entrez"
"3654699","26471","unique_entrez_id"
"3654859","11273;400002","ambiguous_multiple_entrez"
"3654956","100132247;100507607;23117;27040;283970;440345;440348;728734;728741;728888","ambiguous_multiple_entrez"
"3655012","25970","unique_entrez_id"
"3655060","487","unique_entrez_id"
"3655109","930","unique_entrez_id"
"3655140","84901","unique_entrez_id"
"3655172","83985","unique_entrez_id"
"3655574","6693","unique_entrez_id"
"3655587","23475;6693","ambiguous_multiple_entrez"
"3655621","653808","unique_entrez_id"
"3655628","3835","unique_entrez_id"
"3655665","4150","unique_entrez_id"
"3655687","112476","unique_entrez_id"
"3655708","79447","unique_entrez_id"
"3655723","9961","unique_entrez_id"
"3655771","253982","unique_entrez_id"
"3655806","124446","unique_entrez_id"
"3655826","9344","unique_entrez_id"
"3655877","283899","unique_entrez_id"
"3655920","112694756;226;228","ambiguous_multiple_entrez"
"3655961","5531","unique_entrez_id"
"3655986","11151;440352;606724","ambiguous_multiple_entrez"
"3656151","29895","unique_entrez_id"
"3656178","197407","unique_entrez_id"
"3656191","51333","unique_entrez_id"
"3656223","3683","unique_entrez_id"
"3656318","78994","unique_entrez_id"
"3656362","64319","unique_entrez_id"
"3656418","100862671;10847;677813","ambiguous_multiple_entrez"
"3656527","5261","unique_entrez_id"
"3656555","9810","unique_entrez_id"
"3656622","1489","unique_entrez_id"
"3656635","54620","unique_entrez_id"
"3656665","93129","unique_entrez_id"
"3656737","80270","unique_entrez_id"
"3656760","6810","unique_entrez_id"
"3656800","9726","unique_entrez_id"
"3656829","10295","unique_entrez_id"
"3656855","84148","unique_entrez_id"
"3656904","2521","unique_entrez_id"
"3656965","493829","unique_entrez_id"
"3656990","3684","unique_entrez_id"
"3657041","3687","unique_entrez_id"
"3657168","79798","unique_entrez_id"
"3657193","7041","unique_entrez_id"
"3657219","6524","unique_entrez_id"
"3657253","51327","unique_entrez_id"
"3657286","100132341","unique_entrez_id"
"3657318","124411","unique_entrez_id"
"3657367","10308","unique_entrez_id"
"3658561","162137","unique_entrez_id"
"3658925","23594","unique_entrez_id"
"3658980","84706","unique_entrez_id"
"3659156","5257","unique_entrez_id"
"3659306","83752","unique_entrez_id"
"3659670","","unmapped_entrez"
"3659691","123970","unique_entrez_id"
"3659858","255919","unique_entrez_id"
"3659888","55027","unique_entrez_id"
"3659931","64282","unique_entrez_id"
"3659966","113","unique_entrez_id"
"3660075","85407","unique_entrez_id"
"3660175","64127","unique_entrez_id"
"3660213","1540","unique_entrez_id"
"3660858","80205","unique_entrez_id"
"3661065","5934","unique_entrez_id"
"3661152","105371271;79068","ambiguous_multiple_entrez"
"3661559","10265","unique_entrez_id"
"3661645","79190","unique_entrez_id"
"3661684","4313","unique_entrez_id"
"3661718","54947","unique_entrez_id"
"3661758","84290","unique_entrez_id"
"3661766","6530","unique_entrez_id"
"3661940","2775","unique_entrez_id"
"3662041","55239","unique_entrez_id"
"3662086","84560","unique_entrez_id"
"3662093","4504","unique_entrez_id"
"3662106","4489;4502","ambiguous_multiple_entrez"
"3662130","4500","unique_entrez_id"
"3662139","4493","unique_entrez_id"
"3662150","4499","unique_entrez_id"
"3662158","4498","unique_entrez_id"
"3662170","326343","unique_entrez_id"
"3662190","4490","unique_entrez_id"
"3662201","4494;4496;645745","ambiguous_multiple_entrez"
"3662236","644314","unique_entrez_id"
"3662247","4501","unique_entrez_id"
"3662265","9688","unique_entrez_id"
"3662333","406930;6559","ambiguous_multiple_entrez"
"3662387","9709","unique_entrez_id"
"3662417","1071","unique_entrez_id"
"3662444","84166","unique_entrez_id"
"3662545","221184","unique_entrez_id"
"3662612","89970","unique_entrez_id"
"3662650","23568","unique_entrez_id"
"3662687","6367","unique_entrez_id"
"3662696","6376","unique_entrez_id"
"3662710","6361","unique_entrez_id"
"3662723","57017","unique_entrez_id"
"3662750","5432","unique_entrez_id"
"3662774","221188","unique_entrez_id"
"3662808","9289","unique_entrez_id"
"3662851","222487","unique_entrez_id"
"3662876","84229","unique_entrez_id"
"3662924","10300","unique_entrez_id"
"3663033","374739","unique_entrez_id"
"3663055","79650","unique_entrez_id"
"3663074","4324","unique_entrez_id"
"3663181","29070","unique_entrez_id"
"3663228","64785","unique_entrez_id"
"3663287","65009","unique_entrez_id"
"3663363","79918","unique_entrez_id"
"3663393","","unmapped_entrez"
"3664664","1003","unique_entrez_id"
"3664779","","unmapped_entrez"
"3664785","100529251;51192","ambiguous_multiple_entrez"
"3664810","100529251;113540;51192","ambiguous_multiple_entrez"
"3664836","146225","unique_entrez_id"
"3664843","123920","unique_entrez_id"
"3664924","766","unique_entrez_id"
"3664952","57546","unique_entrez_id"
"3664982","8824","unique_entrez_id"
"3665029","23491","unique_entrez_id"
"3665049","283848","unique_entrez_id"
"3665083","","unmapped_entrez"
"3665116","865","unique_entrez_id"
"3665161","80262","unique_entrez_id"
"3665215","3299;55336","ambiguous_multiple_entrez"
"3665230","3299","unique_entrez_id"
"3665262","8996","unique_entrez_id"
"3665288","1874","unique_entrez_id"
"3665315","79767","unique_entrez_id"
"3665357","29100","unique_entrez_id"
"3665374","6553","unique_entrez_id"
"3665458","55282","unique_entrez_id"
"3665501","3291","unique_entrez_id"
"3665550","79567","unique_entrez_id"
"3665603","10664","unique_entrez_id"
"3665722","50855","unique_entrez_id"
"3665811","55815","unique_entrez_id"
"3665846","57215","unique_entrez_id"
"3665857","10204","unique_entrez_id"
"3665882","123904;23644","ambiguous_multiple_entrez"
"3665936","123904","unique_entrez_id"
"3665949","5681","unique_entrez_id"
"3665997","54920","unique_entrez_id"
"3666033","4775","unique_entrez_id"
"3666124","23659","unique_entrez_id"
"3666146","9057","unique_entrez_id"
"3666189","54496","unique_entrez_id"
"3666282","146198","unique_entrez_id"
"3666366","1001","unique_entrez_id"
"3666409","999","unique_entrez_id"
"3666525","","unmapped_entrez"
"3666542","3038","unique_entrez_id"
"3666566","84916","unique_entrez_id"
"3666601","6645","unique_entrez_id"
"3666649","27183","unique_entrez_id"
"3666686","51388","unique_entrez_id"
"3666732","80777","unique_entrez_id"
"3666779","10725","unique_entrez_id"
"3666897","11060;406932","ambiguous_multiple_entrez"
"3666989","100505915;100652777;105371131;283971;348174;497190;8399","ambiguous_multiple_entrez"
"3667093","283922;55066","ambiguous_multiple_entrez"
"3667155","11269;55308","ambiguous_multiple_entrez"
"3667241","197258","unique_entrez_id"
"3667281","23450","unique_entrez_id"
"3667332","146433","unique_entrez_id"
"3667508","794","unique_entrez_id"
"3667617","10164","unique_entrez_id"
"3667652","91862","unique_entrez_id"
"3667702","","unmapped_entrez"
"3667766","9798","unique_entrez_id"
"3667811","1723","unique_entrez_id"
"3667858","3240;3250","ambiguous_multiple_entrez"
"3667890","3240;3250","ambiguous_multiple_entrez"
"3667902","9785","unique_entrez_id"
"3668617","5713","unique_entrez_id"
"3668834","84937","unique_entrez_id"
"3668898","162239","unique_entrez_id"
"3669059","11345","unique_entrez_id"
"3669092","54386","unique_entrez_id"
"3669171","85445","unique_entrez_id"
"3669382","100130958;22879","ambiguous_multiple_entrez"
"3669552","57687","unique_entrez_id"
"3669634","10143","unique_entrez_id"
"3669650","51741","unique_entrez_id"
"3670505","83657","unique_entrez_id"
"3670631","55839","unique_entrez_id"
"3670668","23300","unique_entrez_id"
"3670700","53630","unique_entrez_id"
"3670725","8139","unique_entrez_id"
"3670772","100129617;80790","ambiguous_multiple_entrez"
"3670910","","unmapped_entrez"
"3670918","105369213;5336","ambiguous_multiple_entrez"
"3671076","3294","unique_entrez_id"
"3671202","1012","unique_entrez_id"
"3671448","3281","unique_entrez_id"
"3671482","23417","unique_entrez_id"
"3671506","29948","unique_entrez_id"
"3671552","54550","unique_entrez_id"
"3671607","123872","unique_entrez_id"
"3671651","161931","unique_entrez_id"
"3671695","58189","unique_entrez_id"
"3671727","9914","unique_entrez_id"
"3671850","79786","unique_entrez_id"
"3671873","9100","unique_entrez_id"
"3671935","83716","unique_entrez_id"
"3672059","9764","unique_entrez_id"
"3672221","197196","unique_entrez_id"
"3672368","23199","unique_entrez_id"
"3672455","1327","unique_entrez_id"
"3672489","102466732;3394","ambiguous_multiple_entrez"
"3672528","","unmapped_entrez"
"3672609","2294","unique_entrez_id"
"3672640","146512","unique_entrez_id"
"3672646","2303","unique_entrez_id"
"3672661","2300","unique_entrez_id"
"3672830","643246;81631","ambiguous_multiple_entrez"
"3672886","57338","unique_entrez_id"
"3673091","440352;54971;653390","ambiguous_multiple_entrez"
"3673369","161882;84627","ambiguous_multiple_entrez"
"3673515","124245","unique_entrez_id"
"3673583","27189","unique_entrez_id"
"3673600","197187","unique_entrez_id"
"3673661","100289580","unique_entrez_id"
"3673666","339059","unique_entrez_id"
"3673684","81620","unique_entrez_id"
"3673723","51693","unique_entrez_id"
"3673806","197322","unique_entrez_id"
"3673880","283860","unique_entrez_id"
"3673892","1013","unique_entrez_id"
"3673921","197320","unique_entrez_id"
"3674048","6687","unique_entrez_id"
"3674146","606500;6137","ambiguous_multiple_entrez"
"3674166","172;6137","ambiguous_multiple_entrez"
"3674199","27132","unique_entrez_id"
"3674249","1800","unique_entrez_id"
"3674273","124045","unique_entrez_id"
"3674303","8558","unique_entrez_id"
"3674349","92822","unique_entrez_id"
"3674434","22980","unique_entrez_id"
"3674500","","unmapped_entrez"
"3674504","10381;197331;4157;643224","ambiguous_multiple_entrez"
"3674559","54849","unique_entrez_id"
"3674602","172","unique_entrez_id"
"3674659","2622","unique_entrez_id"
"3674840","51728","unique_entrez_id"
"3674848","64285","unique_entrez_id"
"3674886","8131","unique_entrez_id"
"3674960","55692","unique_entrez_id"
"3675020","8786","unique_entrez_id"
"3675047","8312","unique_entrez_id"
"3675101","10573","unique_entrez_id"
"3675116","58986","unique_entrez_id"
"3675205","84326","unique_entrez_id"
"3675266","339123","unique_entrez_id"
"3675285","84219","unique_entrez_id"
"3675308","146330","unique_entrez_id"
"3675333","124093","unique_entrez_id"
"3675369","64428","unique_entrez_id"
"3675430","113000","unique_entrez_id"
"3675447","51764","unique_entrez_id"
"3675462","115804232;64788","ambiguous_multiple_entrez"
"3675608","146336","unique_entrez_id"
"3675620","390664","unique_entrez_id"
"3675694","123787;25823","ambiguous_multiple_entrez"
"3675815","115939","unique_entrez_id"
"3675840","64718","unique_entrez_id"
"3675858","64718","unique_entrez_id"
"3675935","1186","unique_entrez_id"
"3676002","9742","unique_entrez_id"
"3676113","4832","unique_entrez_id"
"3676127","65993","unique_entrez_id"
"3676134","90864","unique_entrez_id"
"3676156","3483","unique_entrez_id"
"3676165","3029","unique_entrez_id"
"3676209","254528","unique_entrez_id"
"3676262","51734","unique_entrez_id"
"3676279","6123","unique_entrez_id"
"3676300","26784;574042;6187","ambiguous_multiple_entrez"
"3676328","124056","unique_entrez_id"
"3676356","90850","unique_entrez_id"
"3676395","4913","unique_entrez_id"
"3676421","100188847;105369154;110006322;339044;5310","ambiguous_multiple_entrez"
"3676557","57524","unique_entrez_id"
"3676610","283870;283871","ambiguous_multiple_entrez"
"3676649","1632","unique_entrez_id"
"3676669","10921","unique_entrez_id"
"3676670","","unmapped_entrez"
"3676671","","unmapped_entrez"
"3676672","","unmapped_entrez"
"3676673","","unmapped_entrez"
"3676674","","unmapped_entrez"
"3676675","","unmapped_entrez"
"3676676","","unmapped_entrez"
"3676682","","unmapped_entrez"
"3676684","","unmapped_entrez"
"3676685","","unmapped_entrez"
"3676686","","unmapped_entrez"
"3676687","","unmapped_entrez"
"3676689","","unmapped_entrez"
"3676691","","unmapped_entrez"
"3676692","","unmapped_entrez"
"3676693","","unmapped_entrez"
"3676694","","unmapped_entrez"
"3676707","","unmapped_entrez"
"3676709","","unmapped_entrez"
"3676711","","unmapped_entrez"
"3676713","","unmapped_entrez"
"3676715","","unmapped_entrez"
"3676717","","unmapped_entrez"
"3676719","","unmapped_entrez"
"3676721","","unmapped_entrez"
"3676723","","unmapped_entrez"
"3676725","","unmapped_entrez"
"3676727","","unmapped_entrez"
"3676729","","unmapped_entrez"
"3676731","","unmapped_entrez"
"3676733","","unmapped_entrez"
"3676735","","unmapped_entrez"
"3676737","","unmapped_entrez"
"3676739","","unmapped_entrez"
"3676741","","unmapped_entrez"
"3676743","","unmapped_entrez"
"3676745","","unmapped_entrez"
"3676747","","unmapped_entrez"
"3676749","","unmapped_entrez"
"3676751","","unmapped_entrez"
"3676763","21;650655","ambiguous_multiple_entrez"
"3676913","752014","unique_entrez_id"
"3677103","83886","unique_entrez_id"
"3677164","6923","unique_entrez_id"
"3677166","","unmapped_entrez"
"3677167","","unmapped_entrez"
"3677168","","unmapped_entrez"
"3677169","","unmapped_entrez"
"3677170","","unmapped_entrez"
"3677172","","unmapped_entrez"
"3677173","","unmapped_entrez"
"3677175","","unmapped_entrez"
"3677176","","unmapped_entrez"
"3677177","","unmapped_entrez"
"3677183","","unmapped_entrez"
"3677185","","unmapped_entrez"
"3677187","","unmapped_entrez"
"3677189","","unmapped_entrez"
"3677191","","unmapped_entrez"
"3677193","","unmapped_entrez"
"3677195","","unmapped_entrez"
"3677197","","unmapped_entrez"
"3677199","","unmapped_entrez"
"3677201","","unmapped_entrez"
"3677203","","unmapped_entrez"
"3677205","","unmapped_entrez"
"3677207","","unmapped_entrez"
"3677209","","unmapped_entrez"
"3677211","","unmapped_entrez"
"3677213","","unmapped_entrez"
"3677218","260429","unique_entrez_id"
"3677248","124221","unique_entrez_id"
"3677268","64063","unique_entrez_id"
"3677315","9088","unique_entrez_id"
"3677350","9074","unique_entrez_id"
"3677356","54985","unique_entrez_id"
"3677430","84891","unique_entrez_id"
"3677445","81854","unique_entrez_id"
"3677498","7752","unique_entrez_id"
"3677516","4210","unique_entrez_id"
"3677538","91151","unique_entrez_id"
"3677592","54925","unique_entrez_id"
"3677612","146434","unique_entrez_id"
"3677662","197358","unique_entrez_id"
"3677702","84464","unique_entrez_id"
"3677752","10131","unique_entrez_id"
"3677795","1387","unique_entrez_id"
"3677913","115","unique_entrez_id"
"3677969","6345","unique_entrez_id"
"3678000","7023","unique_entrez_id"
"3678059","100529144;51025","ambiguous_multiple_entrez"
"3678083","100529144;79585","ambiguous_multiple_entrez"
"3678147","57407","unique_entrez_id"
"3678186","29965","unique_entrez_id"
"3678231","124402","unique_entrez_id"
"3678279","124401","unique_entrez_id"
"3678316","26048","unique_entrez_id"
"3678343","124404","unique_entrez_id"
"3678369","79641","unique_entrez_id"
"3678395","84656","unique_entrez_id"
"3678462","5493","unique_entrez_id"
"3678516","51172","unique_entrez_id"
"3678542","146556","unique_entrez_id"
"3679503","25880","unique_entrez_id"
"3679533","23589","unique_entrez_id"
"3679564","7874","unique_entrez_id"
"3679643","","unmapped_entrez"
"3679812","2903","unique_entrez_id"
"3679918","","unmapped_entrez"
"3679959","2013","unique_entrez_id"
"3680004","146279","unique_entrez_id"
"3680130","28955","unique_entrez_id"
"3680213","8651","unique_entrez_id"
"3680223","5619","unique_entrez_id"
"3680241","7142","unique_entrez_id"
"3680249","58531","unique_entrez_id"
"3680254","5620","unique_entrez_id"
"3680434","9516","unique_entrez_id"
"3680479","51061","unique_entrez_id"
"3680524","29066","unique_entrez_id"
"3680583","26156","unique_entrez_id"
"3680610","2935","unique_entrez_id"
"3680663","","unmapped_entrez"
"3680953","105371088;55313","ambiguous_multiple_entrez"
"3681377","5073","unique_entrez_id"
"3681488","100652777;8399","ambiguous_multiple_entrez"
"3681674","123803","unique_entrez_id"
"3681705","100131998;54700;653390;730092","ambiguous_multiple_entrez"
"3681956","102465252;9665","ambiguous_multiple_entrez"
"3682028","4629","unique_entrez_id"
"3682135","123811","unique_entrez_id"
"3682182","368;653190;730013","ambiguous_multiple_entrez"
"3682445","64131","unique_entrez_id"
"3683018","6210","unique_entrez_id"
"3683037","23204","unique_entrez_id"
"3683050","100271836;100506060;107282092;23049;440354;595101;641298","ambiguous_multiple_entrez"
"3683276","51573","unique_entrez_id"
"3683377","51704","unique_entrez_id"
"3683430","124274","unique_entrez_id"
"3683502","2813","unique_entrez_id"
"3683549","7369","unique_entrez_id"
"3683584","204474","unique_entrez_id"
"3683651","123876;348158","ambiguous_multiple_entrez"
"3683740","116285","unique_entrez_id"
"3683783","55623","unique_entrez_id"
"3683806","112479","unique_entrez_id"
"3683845","123879","unique_entrez_id"
"3683871","","unmapped_entrez"
"3683879","55567","unique_entrez_id"
"3684007","7783","unique_entrez_id"
"3684039","1428","unique_entrez_id"
"3684100","100132247;100190986;100271836;23117;387254;440345;641298","ambiguous_multiple_entrez"
"3684486","10261","unique_entrez_id"
"3684548","100131998;54700;653390;730092","ambiguous_multiple_entrez"
"3684703","255762","unique_entrez_id"
"3684782","100131998;1039;54700;653390;730092","ambiguous_multiple_entrez"
"3685051","57478","unique_entrez_id"
"3685131","91949","unique_entrez_id"
"3685183","23062","unique_entrez_id"
"3685261","124454","unique_entrez_id"
"3685306","4706","unique_entrez_id"
"3685329","79728","unique_entrez_id"
"3685373","10595","unique_entrez_id"
"3685559","400511","unique_entrez_id"
"3685610","55114","unique_entrez_id"
"3686080","197370","unique_entrez_id"
"3686164","2975","unique_entrez_id"
"3686278","146395","unique_entrez_id"
"3686339","23214","unique_entrez_id"
"3686587","112869","unique_entrez_id"
"3686635","55911","unique_entrez_id"
"3686728","7284","unique_entrez_id"
"3686750","79874","unique_entrez_id"
"3687232","283897","unique_entrez_id"
"3687260","10423","unique_entrez_id"
"3687277","26470","unique_entrez_id"
"3687308","253980","unique_entrez_id"
"3687342","8479","unique_entrez_id"
"3687363","8448","unique_entrez_id"
"3687405","83723","unique_entrez_id"
"3687435","6911","unique_entrez_id"
"3687452","83719","unique_entrez_id"
"3687475","79153","unique_entrez_id"
"3687494","5595","unique_entrez_id"
"3687698","10421","unique_entrez_id"
"3687715","26000","unique_entrez_id"
"3687752","1731","unique_entrez_id"
"3687789","79077","unique_entrez_id"
"3687803","22928","unique_entrez_id"
"3687828","65988;79724","ambiguous_multiple_entrez"
"3687839","65988","unique_entrez_id"
"3687849","92595","unique_entrez_id"
"3687870","146542","unique_entrez_id"
"3687889","146540","unique_entrez_id"
"3687910","115509","unique_entrez_id"
"3688038","9274","unique_entrez_id"
"3688079","283932","unique_entrez_id"
"3688112","112755","unique_entrez_id"
"3688120","112755","unique_entrez_id"
"3688178","79759","unique_entrez_id"
"3688197","339105;79001","ambiguous_multiple_entrez"
"3688254","5652","unique_entrez_id"
"3688270","146547","unique_entrez_id"
"3688311","29108","unique_entrez_id"
"3688324","260434","unique_entrez_id"
"3688362","1339","unique_entrez_id"
"3688381","283933","unique_entrez_id"
"3688424","64755","unique_entrez_id"
"3688539","317702","unique_entrez_id"
"3688878","386757;6535","ambiguous_multiple_entrez"
"3689827","124149","unique_entrez_id"
"3689880","100534599;339122;79801","ambiguous_multiple_entrez"
"3689922","55737","unique_entrez_id"
"3689981","91807","unique_entrez_id"
"3690034","388272","unique_entrez_id"
"3690084","10294","unique_entrez_id"
"3690154","81831","unique_entrez_id"
"3690193","81533","unique_entrez_id"
"3690388","23035;94160","ambiguous_multiple_entrez"
"3690470","85320","unique_entrez_id"
"3690550","6477","unique_entrez_id"
"3690597","9683","unique_entrez_id"
"3690747","869","unique_entrez_id"
"3690842","1596;23090","ambiguous_multiple_entrez"
"3691193","124460","unique_entrez_id"
"3691326","6299","unique_entrez_id"
"3691906","80205","unique_entrez_id"
"3691967","64400","unique_entrez_id"
"3692280","79191","unique_entrez_id"
"3692735","221223;649264","ambiguous_multiple_entrez"
"3692856","267","unique_entrez_id"
"3692895","11051","unique_entrez_id"
"3692928","583","unique_entrez_id"
"3692999","4495","unique_entrez_id"
"3693083","80011","unique_entrez_id"
"3693141","51090","unique_entrez_id"
"3693183","57019","unique_entrez_id"
"3693214","55715","unique_entrez_id"
"3693240","92922","unique_entrez_id"
"3693314","3801","unique_entrez_id"
"3693401","1258","unique_entrez_id"
"3693511","29105","unique_entrez_id"
"3693533","1459","unique_entrez_id"
"3693591","221191","unique_entrez_id"
"3693673","23019;677827;677830","ambiguous_multiple_entrez"
"3693788","55238","unique_entrez_id"
"3693837","2806","unique_entrez_id"
"3694215","1006","unique_entrez_id"
"3694657","1009","unique_entrez_id"
"3695091","146227","unique_entrez_id"
"3695107","7084","unique_entrez_id"
"3695157","146223","unique_entrez_id"
"3695199","1783","unique_entrez_id"
"3695235","283847","unique_entrez_id"
"3695268","8883","unique_entrez_id"
"3695315","1014","unique_entrez_id"
"3695343","6236","unique_entrez_id"
"3695359","51647","unique_entrez_id"
"3695424","84752","unique_entrez_id"
"3695433","8717","unique_entrez_id"
"3695450","283849;653319","ambiguous_multiple_entrez"
"3695512","26231","unique_entrez_id"
"3695541","29109","unique_entrez_id"
"3695631","51673","unique_entrez_id"
"3695648","29800","unique_entrez_id"
"3695699","9114","unique_entrez_id"
"3695726","181","unique_entrez_id"
"3695786","65057","unique_entrez_id"
"3695819","84080","unique_entrez_id"
"3695838","81577","unique_entrez_id"
"3695867","57610","unique_entrez_id"
"3695907","","unmapped_entrez"
"3695916","80152","unique_entrez_id"
"3695983","1506","unique_entrez_id"
"3696016","5699","unique_entrez_id"
"3696035","3931;6560","ambiguous_multiple_entrez"
"3696057","3931;6560","ambiguous_multiple_entrez"
"3696115","64180","unique_entrez_id"
"3696142","100131303;64174","ambiguous_multiple_entrez"
"3696194","55794","unique_entrez_id"
"3696226","80004","unique_entrez_id"
"3696295","84138","unique_entrez_id"
"3696317","55512","unique_entrez_id"
"3696454","113455421;54921","ambiguous_multiple_entrez"
"3696524","64146;84342","ambiguous_multiple_entrez"
"3696554","146456","unique_entrez_id"
"3696571","7014","unique_entrez_id"
"3696666","1728","unique_entrez_id"
"3696697","28987","unique_entrez_id"
"3697005","118460","unique_entrez_id"
"3697015","16","unique_entrez_id"
"3697090","6483","unique_entrez_id"
"3697125","25839","unique_entrez_id"
"3697183","92154","unique_entrez_id"
"3697218","55697","unique_entrez_id"
"3697434","100288805;54768","ambiguous_multiple_entrez"
"3697563","55783","unique_entrez_id"
"3697632","7571","unique_entrez_id"
"3697683","7567","unique_entrez_id"
"3697712","6898","unique_entrez_id"
"3697799","164","unique_entrez_id"
"3697882","55565","unique_entrez_id"
"3697933","342372","unique_entrez_id"
"3698055","54957","unique_entrez_id"
"3698081","83449","unique_entrez_id"
"3698256","463","unique_entrez_id"
"3698422","","unmapped_entrez"
"3698919","2734","unique_entrez_id"
"3699044","55159","unique_entrez_id"
"3699080","197259","unique_entrez_id"
"3699133","79152","unique_entrez_id"
"3699178","79726","unique_entrez_id"
"3699335","197257","unique_entrez_id"
"3699390","1504;440387","ambiguous_multiple_entrez"
"3699426","9564","unique_entrez_id"
"3699508","10428","unique_entrez_id"
"3699581","124491","unique_entrez_id"
"3699616","4166","unique_entrez_id"
"3699634","23563;79583","ambiguous_multiple_entrez"
"3699707","23536","unique_entrez_id"
"3699757","3735","unique_entrez_id"
"3699759","","unmapped_entrez"
"3699760","","unmapped_entrez"
"3699762","","unmapped_entrez"
"3699764","","unmapped_entrez"
"3699765","","unmapped_entrez"
"3699766","","unmapped_entrez"
"3699767","","unmapped_entrez"
"3699768","","unmapped_entrez"
"3699769","","unmapped_entrez"
"3699771","","unmapped_entrez"
"3699773","","unmapped_entrez"
"3699774","","unmapped_entrez"
"3699776","","unmapped_entrez"
"3699777","","unmapped_entrez"
"3699779","","unmapped_entrez"
"3699780","","unmapped_entrez"
"3699781","","unmapped_entrez"
"3699782","","unmapped_entrez"
"3699786","","unmapped_entrez"
"3699787","","unmapped_entrez"
"3699790","","unmapped_entrez"
"3699794","","unmapped_entrez"
"3699796","","unmapped_entrez"
"3699798","","unmapped_entrez"
"3699800","","unmapped_entrez"
"3699802","","unmapped_entrez"
"3699804","","unmapped_entrez"
"3699806","","unmapped_entrez"
"3699808","","unmapped_entrez"
"3699810","","unmapped_entrez"
"3699812","","unmapped_entrez"
"3699814","","unmapped_entrez"
"3699816","","unmapped_entrez"
"3699818","","unmapped_entrez"
"3699820","","unmapped_entrez"
"3699822","","unmapped_entrez"
"3699824","","unmapped_entrez"
"3699826","","unmapped_entrez"
"3699828","","unmapped_entrez"
"3699830","","unmapped_entrez"
"3699832","","unmapped_entrez"
"3699834","","unmapped_entrez"
"3699836","","unmapped_entrez"
"3699838","","unmapped_entrez"
"3699840","","unmapped_entrez"
"3699842","","unmapped_entrez"
"3699844","","unmapped_entrez"
"3699846","","unmapped_entrez"
"3699848","","unmapped_entrez"
"3699850","","unmapped_entrez"
"3699852","","unmapped_entrez"
"3699854","","unmapped_entrez"
"3699856","","unmapped_entrez"
"3699858","","unmapped_entrez"
"3699860","","unmapped_entrez"
"3699862","","unmapped_entrez"
"3699864","","unmapped_entrez"
"3699866","","unmapped_entrez"
"3699868","","unmapped_entrez"
"3699870","","unmapped_entrez"
"3699872","","unmapped_entrez"
"3699874","","unmapped_entrez"
"3699876","","unmapped_entrez"
"3699878","","unmapped_entrez"
"3699880","","unmapped_entrez"
"3699882","","unmapped_entrez"
"3699884","","unmapped_entrez"
"3699886","","unmapped_entrez"
"3699888","","unmapped_entrez"
"3699890","","unmapped_entrez"
"3699892","","unmapped_entrez"
"3699894","","unmapped_entrez"
"3699896","","unmapped_entrez"
"3699898","","unmapped_entrez"
"3699900","","unmapped_entrez"
"3700158","170692","unique_entrez_id"
"3701000","4094","unique_entrez_id"
"3701297","124359","unique_entrez_id"
"3701384","56942","unique_entrez_id"
"3701433","123775","unique_entrez_id"
"3701481","114780","unique_entrez_id"
"3701623","","unmapped_entrez"
"3701779","93517","unique_entrez_id"
"3701837","10200","unique_entrez_id"
"3702293","8720","unique_entrez_id"
"3702352","83693","unique_entrez_id"
"3702382","9013","unique_entrez_id"
"3702429","93107","unique_entrez_id"
"3702499","57707","unique_entrez_id"
"3702547","23406","unique_entrez_id"
"3702689","55625","unique_entrez_id"
"3702739","339145","unique_entrez_id"
"3703112","51659","unique_entrez_id"
"3703129","404550","unique_entrez_id"
"3703164","10328","unique_entrez_id"
"3703408","64779","unique_entrez_id"
"3703520","100506581","unique_entrez_id"
"3703598","79791","unique_entrez_id"
"3703665","23174","unique_entrez_id"
"3703799","54758","unique_entrez_id"
"3703885","8140","unique_entrez_id"
"3703944","763","unique_entrez_id"
"3704250","400555","unique_entrez_id"
"3704270","1535","unique_entrez_id"
"3704299","4597","unique_entrez_id"
"3704352","115992","unique_entrez_id"
"3704376","9780","unique_entrez_id"
"3704495","353","unique_entrez_id"
"3704513","107983950;2588","ambiguous_multiple_entrez"
"3704567","390748;863","ambiguous_multiple_entrez"
"3704717","29123","unique_entrez_id"
"3704896","5119","unique_entrez_id"
"3704928","124044","unique_entrez_id"
"3704939","9605","unique_entrez_id"
"3704980","2175","unique_entrez_id"
"3705135","92806","unique_entrez_id"
"3705151","79007","unique_entrez_id"
"3705170","750","unique_entrez_id"
"3705195","11105;56979","ambiguous_multiple_entrez"
"3705412","400566","unique_entrez_id"
"3705491","79850","unique_entrez_id"
"3705516","100131454","unique_entrez_id"
"3705539","55178","unique_entrez_id"
"3705641","29928","unique_entrez_id"
"3705748","286753","unique_entrez_id"
"3705911","124997","unique_entrez_id"
"3705947","5345","unique_entrez_id"
"3705967","5176","unique_entrez_id"
"3706000","6117","unique_entrez_id"
"3706071","124641;1801","ambiguous_multiple_entrez"
"3706113","3090","unique_entrez_id"
"3706219","63826","unique_entrez_id"
"3706255","9905","unique_entrez_id"
"3706439","23108","unique_entrez_id"
"3706589","26189","unique_entrez_id"
"3706593","8383","unique_entrez_id"
"3706617","390756","unique_entrez_id"
"3706651","8392","unique_entrez_id"
"3706659","443","unique_entrez_id"
"3706700","1497","unique_entrez_id"
"3706736","83460","unique_entrez_id"
"3706753","83903","unique_entrez_id"
"3706842","124936;51479","ambiguous_multiple_entrez"
"3706950","201305","unique_entrez_id"
"3707035","","unmapped_entrez"
"3707041","342527","unique_entrez_id"
"3707095","409","unique_entrez_id"
"3707127","400569","unique_entrez_id"
"3707141","84225","unique_entrez_id"
"3707175","9032","unique_entrez_id"
"3707199","5694","unique_entrez_id"
"3707214","5338","unique_entrez_id"
"3707258","50488","unique_entrez_id"
"3707335","2811","unique_entrez_id"
"3707352","26001","unique_entrez_id"
"3707383","2027","unique_entrez_id"
"3707431","105371501;10749","ambiguous_multiple_entrez"
"3707481","124961","unique_entrez_id"
"3707498","162632;220594;84669;9098","ambiguous_multiple_entrez"
"3707596","100130950","unique_entrez_id"
"3707642","9135","unique_entrez_id"
"3707715","84268","unique_entrez_id"
"3707759","79003","unique_entrez_id"
"3707812","23302;339166","ambiguous_multiple_entrez"
"3707950","54478","unique_entrez_id"
"3707990","84817","unique_entrez_id"
"3708074","54739","unique_entrez_id"
"3708099","162517","unique_entrez_id"
"3708160","239","unique_entrez_id"
"3708186","100529209;440400","ambiguous_multiple_entrez"
"3708201","100529209;124944","ambiguous_multiple_entrez"
"3708223","255877","unique_entrez_id"
"3708245","201232;9929","ambiguous_multiple_entrez"
"3708306","37","unique_entrez_id"
"3708366","23587","unique_entrez_id"
"3708399","6517","unique_entrez_id"
"3708422","143244;1984","ambiguous_multiple_entrez"
"3708462","9744","unique_entrez_id"
"3708508","147040","unique_entrez_id"
"3708515","339168","unique_entrez_id"
"3708528","8711","unique_entrez_id"
"3708553","57555","unique_entrez_id"
"3708582","374768","unique_entrez_id"
"3708597","374768","unique_entrez_id"
"3708602","201243","unique_entrez_id"
"3708619","284114","unique_entrez_id"
"3708644","2256","unique_entrez_id"
"3708663","1140;2256","ambiguous_multiple_entrez"
"3708704","5430","unique_entrez_id"
"3708764","407977;8741;8742","ambiguous_multiple_entrez"
"3708798","100533955;26168","ambiguous_multiple_entrez"
"3708826","100533955;1973;26781;652965;652966","ambiguous_multiple_entrez"
"3708858","968","unique_entrez_id"
"3708874","9526","unique_entrez_id"
"3708919","6462","unique_entrez_id"
"3708938","482","unique_entrez_id"
"3708961","55135","unique_entrez_id"
"3708991","1949","unique_entrez_id"
"3709010","146754","unique_entrez_id"
"3709153","23135;92162","ambiguous_multiple_entrez"
"3709213","124637","unique_entrez_id"
"3709244","1107;677763","ambiguous_multiple_entrez"
"3709327","116840","unique_entrez_id"
"3709384","3000","unique_entrez_id"
"3709417","247","unique_entrez_id"
"3709540","5198","unique_entrez_id"
"3709590","29098","unique_entrez_id"
"3709604","22899","unique_entrez_id"
"3709647","146852","unique_entrez_id"
"3709685","81565","unique_entrez_id"
"3709838","9423","unique_entrez_id"
"3710018","146845","unique_entrez_id"
"3710108","9340","unique_entrez_id"
"3710277","56985","unique_entrez_id"
"3710406","388336","unique_entrez_id"
"3710505","388336","unique_entrez_id"
"3710515","1770","unique_entrez_id"
"3710681","6416","unique_entrez_id"
"3710804","284034","unique_entrez_id"
"3710823","93649","unique_entrez_id"
"3710870","9912","unique_entrez_id"
"3711165","1352","unique_entrez_id"
"3711262","84815;9953","ambiguous_multiple_entrez"
"3711700","57335;729288;7577","ambiguous_multiple_entrez"
"3711752","254272;353149;644694","ambiguous_multiple_entrez"
"3711869","136","unique_entrez_id"
"3711899","54902","unique_entrez_id"
"3711986","9487","unique_entrez_id"
"3712041","7314","unique_entrez_id"
"3712062","51393","unique_entrez_id"
"3712098","125144;26800;692106","ambiguous_multiple_entrez"
"3712197","162632;220594;284047;348254;84669;9098;9720","ambiguous_multiple_entrez"
"3712363","23164","unique_entrez_id"
"3712517","56953","unique_entrez_id"
"3712582","55090","unique_entrez_id"
"3712675","10743","unique_entrez_id"
"3712835","83450","unique_entrez_id"
"3712922","79018","unique_entrez_id"
"3712949","1819","unique_entrez_id"
"3712978","51168","unique_entrez_id"
"3713093","54890","unique_entrez_id"
"3713133","3996","unique_entrez_id"
"3713171","125170","unique_entrez_id"
"3713195","140775","unique_entrez_id"
"3713278","400579","unique_entrez_id"
"3713512","10517;374286","ambiguous_multiple_entrez"
"3713539","100533496;201158;51030","ambiguous_multiple_entrez"
"3713575","284047;348254;5636;9720","ambiguous_multiple_entrez"
"3713627","125206","unique_entrez_id"
"3713794","22905","unique_entrez_id"
"3713874","5598","unique_entrez_id"
"3713896","7732","unique_entrez_id"
"3713951","55244;677882;677885","ambiguous_multiple_entrez"
"3714068","224","unique_entrez_id"
"3714177","92521","unique_entrez_id"
"3714297","100131943","unique_entrez_id"
"3714636","","unmapped_entrez"
"3714659","25979","unique_entrez_id"
"3714729","5606","unique_entrez_id"
"3714779","100134444;3768","ambiguous_multiple_entrez"
"3714896","105371597;284123","ambiguous_multiple_entrez"
"3715109","26118","unique_entrez_id"
"3715368","105371711;51701","ambiguous_multiple_entrez"
"3715460","23615","unique_entrez_id"
"3715476","23614","unique_entrez_id"
"3715489","27346","unique_entrez_id"
"3715512","7126","unique_entrez_id"
"3715535","100616388;147007","ambiguous_multiple_entrez"
"3715558","23098","unique_entrez_id"
"3715614","9058","unique_entrez_id"
"3715642","8456","unique_entrez_id"
"3715703","6830","unique_entrez_id"
"3715809","284086","unique_entrez_id"
"3715839","9618","unique_entrez_id"
"3715874","26284","unique_entrez_id"
"3715935","51268","unique_entrez_id"
"3715997","1411","unique_entrez_id"
"3716048","100616122;57551","ambiguous_multiple_entrez"
"3716113","90313","unique_entrez_id"
"3716151","124930","unique_entrez_id"
"3716259","374786","unique_entrez_id"
"3716337","494335;84081","ambiguous_multiple_entrez"
"3716411","1362","unique_entrez_id"
"3716481","9527","unique_entrez_id"
"3716545","26083","unique_entrez_id"
"3716579","107133515;114659;147172;6458;6459","ambiguous_multiple_entrez"
"3716664","23512;440423","ambiguous_multiple_entrez"
"3716783","100616248;84440","ambiguous_multiple_entrez"
"3716893","79915","unique_entrez_id"
"3716950","55803","unique_entrez_id"
"3716993","84282","unique_entrez_id"
"3717034","107984974","unique_entrez_id"
"3717052","4763","unique_entrez_id"
"3717395","23512;440423","ambiguous_multiple_entrez"
"3717452","107133515;114659;147172;6458","ambiguous_multiple_entrez"
"3717539","284232;55288","ambiguous_multiple_entrez"
"3717605","162494","unique_entrez_id"
"3717635","693217;7756","ambiguous_multiple_entrez"
"3717737","5717","unique_entrez_id"
"3717775","8851","unique_entrez_id"
"3717870","26022","unique_entrez_id"
"3717901","124912","unique_entrez_id"
"3718177","6354","unique_entrez_id"
"3718185","6356","unique_entrez_id"
"3718191","6355","unique_entrez_id"
"3718204","105371738;105371739;6357","ambiguous_multiple_entrez"
"3718236","124842","unique_entrez_id"
"3718382","91603","unique_entrez_id"
"3718401","100874391;3980","ambiguous_multiple_entrez"
"3718502","54752","unique_entrez_id"
"3718514","146862","unique_entrez_id"
"3718555","162394","unique_entrez_id"
"3718682","163","unique_entrez_id"
"3718762","91608","unique_entrez_id"
"3718775","146853","unique_entrez_id"
"3718791","8148","unique_entrez_id"
"3718902","6362","unique_entrez_id"
"3718930","388372;6351;9560","ambiguous_multiple_entrez"
"3719112","9326","unique_entrez_id"
"3719150","284098","unique_entrez_id"
"3719161","79893","unique_entrez_id"
"3719210","79154","unique_entrez_id"
"3719231","105379600;79922","ambiguous_multiple_entrez"
"3719329","3975","unique_entrez_id"
"3719362","26574","unique_entrez_id"
"3719456","284099","unique_entrez_id"
"3719474","6871","unique_entrez_id"
"3719515","11072","unique_entrez_id"
"3719702","653479;84311","ambiguous_multiple_entrez"
"3719883","4302","unique_entrez_id"
"3719962","5691","unique_entrez_id"
"3719980","3927","unique_entrez_id"
"3720020","","unmapped_entrez"
"3720031","342666","unique_entrez_id"
"3720119","","unmapped_entrez"
"3720121","","unmapped_entrez"
"3720123","","unmapped_entrez"
"3720125","","unmapped_entrez"
"3720126","","unmapped_entrez"
"3720128","","unmapped_entrez"
"3720130","","unmapped_entrez"
"3720131","","unmapped_entrez"
"3720132","","unmapped_entrez"
"3720133","","unmapped_entrez"
"3720135","","unmapped_entrez"
"3720137","","unmapped_entrez"
"3720139","","unmapped_entrez"
"3720141","","unmapped_entrez"
"3720143","","unmapped_entrez"
"3720145","","unmapped_entrez"
"3720147","","unmapped_entrez"
"3720149","","unmapped_entrez"
"3720228","51755","unique_entrez_id"
"3720322","84152","unique_entrez_id"
"3720343","10948","unique_entrez_id"
"3720383","8557","unique_entrez_id"
"3720388","5409","unique_entrez_id"
"3720402","2064","unique_entrez_id"
"3720543","124626","unique_entrez_id"
"3720636","5709","unique_entrez_id"
"3720675","1440","unique_entrez_id"
"3720695","7067","unique_entrez_id"
"3720739","22794;339287;51195","ambiguous_multiple_entrez"
"3720817","51195","unique_entrez_id"
"3720896","990","unique_entrez_id"
"3720921","5914","unique_entrez_id"
"3721010","3487","unique_entrez_id"
"3721124","147184","unique_entrez_id"
"3721187","100132386;100132476;653240;728224;728318;81871;83755","ambiguous_multiple_entrez"
"3721251","83900","unique_entrez_id"
"3721279","100505724;100507608;728318;81870;83899;83900;83901;85280","ambiguous_multiple_entrez"
"3721400","10209","unique_entrez_id"
"3721421","2520","unique_entrez_id"
"3721452","60681","unique_entrez_id"
"3721485","317719","unique_entrez_id"
"3721516","83538","unique_entrez_id"
"3721548","1267","unique_entrez_id"
"3721579","28511","unique_entrez_id"
"3721619","94086","unique_entrez_id"
"3721658","6776;6777","ambiguous_multiple_entrez"
"3721718","535","unique_entrez_id"
"3721795","4669","unique_entrez_id"
"3721815","3292","unique_entrez_id"
"3721851","80347","unique_entrez_id"
"3721886","6945","unique_entrez_id"
"3721926","27175;7283","ambiguous_multiple_entrez"
"3721956","27175;7283","ambiguous_multiple_entrez"
"3721989","8506","unique_entrez_id"
"3722039","10266","unique_entrez_id"
"3722060","84313","unique_entrez_id"
"3722084","65266","unique_entrez_id"
"3722129","124817","unique_entrez_id"
"3722152","10197","unique_entrez_id"
"3722182","314","unique_entrez_id"
"3722195","8639","unique_entrez_id"
"3722248","2538","unique_entrez_id"
"3722286","146923","unique_entrez_id"
"3722308","","unmapped_entrez"
"3722311","","unmapped_entrez"
"3722312","","unmapped_entrez"
"3722313","","unmapped_entrez"
"3722316","","unmapped_entrez"
"3722318","","unmapped_entrez"
"3722319","","unmapped_entrez"
"3722321","","unmapped_entrez"
"3722323","","unmapped_entrez"
"3722325","","unmapped_entrez"
"3722327","","unmapped_entrez"
"3722329","","unmapped_entrez"
"3722331","","unmapped_entrez"
"3722333","","unmapped_entrez"
"3722335","","unmapped_entrez"
"3722338","3430","unique_entrez_id"
"3722355","8153","unique_entrez_id"
"3722384","10230","unique_entrez_id"
"3722417","4077","unique_entrez_id"
"3722535","379","unique_entrez_id"
"3722554","1659","unique_entrez_id"
"3722656","146894","unique_entrez_id"
"3722681","23591","unique_entrez_id"
"3722700","162417","unique_entrez_id"
"3722739","92579","unique_entrez_id"
"3722770","78995","unique_entrez_id"
"3722806","92591","unique_entrez_id"
"3722820","79089","unique_entrez_id"
"3722872","10900","unique_entrez_id"
"3722917","2896","unique_entrez_id"
"3723005","2535","unique_entrez_id"
"3723071","80174","unique_entrez_id"
"3723120","80174","unique_entrez_id"
"3723128","4185","unique_entrez_id"
"3723186","51751","unique_entrez_id"
"3723204","388389","unique_entrez_id"
"3723264","4836","unique_entrez_id"
"3723317","79777","unique_entrez_id"
"3723348","10614","unique_entrez_id"
"3723355","124790","unique_entrez_id"
"3723378","752","unique_entrez_id"
"3723572","104909134;147081;284058","ambiguous_multiple_entrez"
"3723627","104909134;1394","ambiguous_multiple_entrez"
"3723671","162540","unique_entrez_id"
"3723687","100130148;4137","ambiguous_multiple_entrez"
"3723755","246744","unique_entrez_id"
"3724197","4905;728806","ambiguous_multiple_entrez"
"3724318","7484","unique_entrez_id"
"3724360","9570","unique_entrez_id"
"3724505","4635","unique_entrez_id"
"3724545","3690","unique_entrez_id"
"3724591","124989","unique_entrez_id"
"3724698","102723859;440434;9520","ambiguous_multiple_entrez"
"3724782","3837","unique_entrez_id"
"3724824","9755","unique_entrez_id"
"3724858","30009","unique_entrez_id"
"3724895","90506","unique_entrez_id"
"3724917","","unmapped_entrez"
"3724931","6668","unique_entrez_id"
"3724969","55163","unique_entrez_id"
"3724989","80279","unique_entrez_id"
"3725035","4779","unique_entrez_id"
"3725083","29916","unique_entrez_id"
"3725256","100874362;404266","ambiguous_multiple_entrez"
"3725392","10241","unique_entrez_id"
"3725456","516","unique_entrez_id"
"3725481","65264","unique_entrez_id"
"3725517","10642","unique_entrez_id"
"3725572","124872","unique_entrez_id"
"3725602","51225","unique_entrez_id"
"3725685","4804","unique_entrez_id"
"3725714","11248","unique_entrez_id"
"3725779","11143","unique_entrez_id"
"3725790","","unmapped_entrez"
"3725793","","unmapped_entrez"
"3725795","","unmapped_entrez"
"3725796","","unmapped_entrez"
"3725800","","unmapped_entrez"
"3725801","","unmapped_entrez"
"3725802","","unmapped_entrez"
"3725803","","unmapped_entrez"
"3725804","","unmapped_entrez"
"3725806","","unmapped_entrez"
"3725808","","unmapped_entrez"
"3725809","","unmapped_entrez"
"3725811","","unmapped_entrez"
"3725813","","unmapped_entrez"
"3725815","","unmapped_entrez"
"3725818","","unmapped_entrez"
"3725819","","unmapped_entrez"
"3725820","","unmapped_entrez"
"3725821","","unmapped_entrez"
"3725822","","unmapped_entrez"
"3725824","","unmapped_entrez"
"3725826","","unmapped_entrez"
"3725828","","unmapped_entrez"
"3725830","","unmapped_entrez"
"3725832","","unmapped_entrez"
"3725834","","unmapped_entrez"
"3725836","","unmapped_entrez"
"3725838","","unmapped_entrez"
"3725840","","unmapped_entrez"
"3725842","","unmapped_entrez"
"3725844","","unmapped_entrez"
"3725846","","unmapped_entrez"
"3725848","","unmapped_entrez"
"3725850","","unmapped_entrez"
"3725852","","unmapped_entrez"
"3725854","","unmapped_entrez"
"3725856","","unmapped_entrez"
"3725858","","unmapped_entrez"
"3725860","","unmapped_entrez"
"3725862","","unmapped_entrez"
"3725864","","unmapped_entrez"
"3725866","","unmapped_entrez"
"3725868","","unmapped_entrez"
"3725870","","unmapped_entrez"
"3725872","","unmapped_entrez"
"3725874","","unmapped_entrez"
"3725876","","unmapped_entrez"
"3725878","","unmapped_entrez"
"3725880","","unmapped_entrez"
"3725882","","unmapped_entrez"
"3725884","","unmapped_entrez"
"3725886","","unmapped_entrez"
"3725888","","unmapped_entrez"
"3725890","","unmapped_entrez"
"3725892","","unmapped_entrez"
"3725894","","unmapped_entrez"
"3725896","","unmapped_entrez"
"3725898","","unmapped_entrez"
"3725900","","unmapped_entrez"
"3725902","","unmapped_entrez"
"3725904","","unmapped_entrez"
"3725906","","unmapped_entrez"
"3725908","","unmapped_entrez"
"3725910","","unmapped_entrez"
"3725912","","unmapped_entrez"
"3725914","","unmapped_entrez"
"3725916","","unmapped_entrez"
"3725918","","unmapped_entrez"
"3725920","","unmapped_entrez"
"3725922","","unmapped_entrez"
"3725924","","unmapped_entrez"
"3725926","","unmapped_entrez"
"3725928","","unmapped_entrez"
"3725930","","unmapped_entrez"
"3725932","","unmapped_entrez"
"3725934","","unmapped_entrez"
"3725936","","unmapped_entrez"
"3725938","","unmapped_entrez"
"3725940","","unmapped_entrez"
"3725942","","unmapped_entrez"
"3725944","","unmapped_entrez"
"3725946","","unmapped_entrez"
"3725948","","unmapped_entrez"
"3725950","","unmapped_entrez"
"3725952","","unmapped_entrez"
"3725954","","unmapped_entrez"
"3725956","","unmapped_entrez"
"3725958","","unmapped_entrez"
"3725960","","unmapped_entrez"
"3725962","","unmapped_entrez"
"3725964","","unmapped_entrez"
"3725966","","unmapped_entrez"
"3725968","","unmapped_entrez"
"3725970","","unmapped_entrez"
"3725972","","unmapped_entrez"
"3725974","","unmapped_entrez"
"3725976","","unmapped_entrez"
"3725978","","unmapped_entrez"
"3725980","","unmapped_entrez"
"3725982","","unmapped_entrez"
"3725984","","unmapped_entrez"
"3725986","","unmapped_entrez"
"3725988","","unmapped_entrez"
"3725990","","unmapped_entrez"
"3725992","","unmapped_entrez"
"3725994","","unmapped_entrez"
"3725996","","unmapped_entrez"
"3725998","","unmapped_entrez"
"3726000","","unmapped_entrez"
"3726002","","unmapped_entrez"
"3726004","","unmapped_entrez"
"3726006","","unmapped_entrez"
"3726008","","unmapped_entrez"
"3726010","","unmapped_entrez"
"3726012","","unmapped_entrez"
"3726014","","unmapped_entrez"
"3726016","","unmapped_entrez"
"3726018","","unmapped_entrez"
"3726020","","unmapped_entrez"
"3726022","","unmapped_entrez"
"3726024","","unmapped_entrez"
"3726026","","unmapped_entrez"
"3726028","","unmapped_entrez"
"3726030","","unmapped_entrez"
"3726032","","unmapped_entrez"
"3726034","","unmapped_entrez"
"3726036","","unmapped_entrez"
"3726114","1748","unique_entrez_id"
"3726154","3675","unique_entrez_id"
"3726211","5164","unique_entrez_id"
"3726252","6442","unique_entrez_id"
"3726298","162461","unique_entrez_id"
"3726325","64132","unique_entrez_id"
"3726375","146956","unique_entrez_id"
"3726406","80221","unique_entrez_id"
"3726465","55316","unique_entrez_id"
"3726498","84073","unique_entrez_id"
"3726537","55040","unique_entrez_id"
"3726569","64847","unique_entrez_id"
"3726618","8913","unique_entrez_id"
"3726691","8714","unique_entrez_id"
"3726772","51747","unique_entrez_id"
"3726821","124857","unique_entrez_id"
"3726934","4830;654364","ambiguous_multiple_entrez"
"3726960","4831;654364","ambiguous_multiple_entrez"
"3726992","51096","unique_entrez_id"
"3727033","440446","unique_entrez_id"
"3727344","84643","unique_entrez_id"
"3727449","10040","unique_entrez_id"
"3727499","10040","unique_entrez_id"
"3727510","252983","unique_entrez_id"
"3727583","3131","unique_entrez_id"
"3727712","58488","unique_entrez_id"
"3727787","162282","unique_entrez_id"
"3727928","9241","unique_entrez_id"
"3727962","8526","unique_entrez_id"
"3728037","59342","unique_entrez_id"
"3728097","8165","unique_entrez_id"
"3728147","124540","unique_entrez_id"
"3728325","","unmapped_entrez"
"3728509","140735","unique_entrez_id"
"3728571","26689","unique_entrez_id"
"3728588","55545;8288","ambiguous_multiple_entrez"
"3728625","124538","unique_entrez_id"
"3728637","105371841;4025","ambiguous_multiple_entrez"
"3728776","5889","unique_entrez_id"
"3728820","22843","unique_entrez_id"
"3728889","1213;406991;81671","ambiguous_multiple_entrez"
"3728964","55771","unique_entrez_id"
"3729002","55181","unique_entrez_id"
"3729014","284161","unique_entrez_id"
"3729052","388403","unique_entrez_id"
"3729123","653645;79665","ambiguous_multiple_entrez"
"3729172","1213","unique_entrez_id"
"3729237","","unmapped_entrez"
"3729294","100287072;101927755;6198","ambiguous_multiple_entrez"
"3729419","762","unique_entrez_id"
"3729501","124773","unique_entrez_id"
"3729528","8493","unique_entrez_id"
"3729569","54828;6147","ambiguous_multiple_entrez"
"3729834","6909","unique_entrez_id"
"3729910","9496","unique_entrez_id"
"3730001","388407","unique_entrez_id"
"3730161","105371936;146779","ambiguous_multiple_entrez"
"3730211","339175;55798","ambiguous_multiple_entrez"
"3730240","11011","unique_entrez_id"
"3730322","9902","unique_entrez_id"
"3730601","1636","unique_entrez_id"
"3730698","81033","unique_entrez_id"
"3730731","10238","unique_entrez_id"
"3730784","51204","unique_entrez_id"
"3730806","4215","unique_entrez_id"
"3730899","11325","unique_entrez_id"
"3730941","5705","unique_entrez_id"
"3731228","90799","unique_entrez_id"
"3731543","8787","unique_entrez_id"
"3731826","5578","unique_entrez_id"
"3732049","27091","unique_entrez_id"
"3732092","27092","unique_entrez_id"
"3732145","786","unique_entrez_id"
"3732230","26207","unique_entrez_id"
"3732373","100124536;25926","ambiguous_multiple_entrez"
"3732448","109286553;2186;51326","ambiguous_multiple_entrez"
"3732721","440461","unique_entrez_id"
"3732736","201283;51321","ambiguous_multiple_entrez"
"3732793","22901;5573","ambiguous_multiple_entrez"
"3732885","5573","unique_entrez_id"
"3733065","105371878;5608","ambiguous_multiple_entrez"
"3733238","3773","unique_entrez_id"
"3733275","3759","unique_entrez_id"
"3733590","6662","unique_entrez_id"
"3733911","6752","unique_entrez_id"
"3733938","9382","unique_entrez_id"
"3733999","55028","unique_entrez_id"
"3734236","94015","unique_entrez_id"
"3734270","64446","unique_entrez_id"
"3734292","124602","unique_entrez_id"
"3734342","350383","unique_entrez_id"
"3734355","55890","unique_entrez_id"
"3734379","11314","unique_entrez_id"
"3734399","146723","unique_entrez_id"
"3734413","326624","unique_entrez_id"
"3734453","100500847;9368","ambiguous_multiple_entrez"
"3734479","54868","unique_entrez_id"
"3734517","92736","unique_entrez_id"
"3734535","347741","unique_entrez_id"
"3734560","30850","unique_entrez_id"
"3734575","3396","unique_entrez_id"
"3734609","23510","unique_entrez_id"
"3734648","9121","unique_entrez_id"
"3734683","79637","unique_entrez_id"
"3734760","51081","unique_entrez_id"
"3734797","102466911;9772","ambiguous_multiple_entrez"
"3734865","283989","unique_entrez_id"
"3734903","3993","unique_entrez_id"
"3734966","80022","unique_entrez_id"
"3735089","643008","unique_entrez_id"
"3735107","29115","unique_entrez_id"
"3735151","3691","unique_entrez_id"
"3735346","100134934;100529145","ambiguous_multiple_entrez"
"3735364","100529145;1018","ambiguous_multiple_entrez"
"3735383","8811","unique_entrez_id"
"3735392","353174","unique_entrez_id"
"3735447","283991","unique_entrez_id"
"3735478","8877","unique_entrez_id"
"3735505","15","unique_entrez_id"
"3735623","79157","unique_entrez_id"
"3735679","146664","unique_entrez_id"
"3735752","105371906;6397;654434;677781","ambiguous_multiple_entrez"
"3735847","10801","unique_entrez_id"
"3735938","","unmapped_entrez"
"3736087","57690","unique_entrez_id"
"3736162","147138","unique_entrez_id"
"3736204","100141515","unique_entrez_id"
"3736232","9144","unique_entrez_id"
"3736290","332","unique_entrez_id"
"3736390","9489","unique_entrez_id"
"3736636","114897","unique_entrez_id"
"3736666","64772","unique_entrez_id"
"3736965","339221","unique_entrez_id"
"3736985","84733","unique_entrez_id"
"3737079","55036","unique_entrez_id"
"3737140","2548","unique_entrez_id"
"3737192","79092","unique_entrez_id"
"3737242","284129","unique_entrez_id"
"3737274","57674","unique_entrez_id"
"3737338","57674","unique_entrez_id"
"3737430","100616359;284131","ambiguous_multiple_entrez"
"3737488","57521","unique_entrez_id"
"3737647","79643","unique_entrez_id"
"3737677","","unmapped_entrez"
"3737697","10458","unique_entrez_id"
"3737783","388428","unique_entrez_id"
"3737874","57597","unique_entrez_id"
"3738007","25794","unique_entrez_id"
"3738081","83882","unique_entrez_id"
"3738110","339230","unique_entrez_id"
"3738138","9146","unique_entrez_id"
"3738205","6182","unique_entrez_id"
"3738224","1468","unique_entrez_id"
"3738280","51529","unique_entrez_id"
"3738353","79058","unique_entrez_id"
"3738439","201255","unique_entrez_id"
"3738471","5881","unique_entrez_id"
"3738490","2873","unique_entrez_id"
"3738629","9123","unique_entrez_id"
"3738789","400629","unique_entrez_id"
"3738820","2837","unique_entrez_id"
"3738842","100505970;284004","ambiguous_multiple_entrez"
"3738901","26502","unique_entrez_id"
"3738969","3607","unique_entrez_id"
"3739108","79672","unique_entrez_id"
"3739147","64122","unique_entrez_id"
"3739162","6904","unique_entrez_id"
"3739431","284207","unique_entrez_id"
"3739521","9501","unique_entrez_id"
"3739668","55275","unique_entrez_id"
"3739679","55275","unique_entrez_id"
"3739812","50628","unique_entrez_id"
"3739827","51031","unique_entrez_id"
"3739859","","unmapped_entrez"
"3739867","64359","unique_entrez_id"
"3739962","29","unique_entrez_id"
"3740126","5048;649395;7531","ambiguous_multiple_entrez"
"3740171","1398","unique_entrez_id"
"3740201","4641","unique_entrez_id"
"3740264","51763","unique_entrez_id"
"3740304","5306","unique_entrez_id"
"3740367","124935","unique_entrez_id"
"3740432","8578","unique_entrez_id"
"3740462","83547","unique_entrez_id"
"3740479","10594","unique_entrez_id"
"3740480","","unmapped_entrez"
"3740481","","unmapped_entrez"
"3740482","","unmapped_entrez"
"3740483","","unmapped_entrez"
"3740484","","unmapped_entrez"
"3740485","","unmapped_entrez"
"3740486","","unmapped_entrez"
"3740487","","unmapped_entrez"
"3740488","","unmapped_entrez"
"3740490","","unmapped_entrez"
"3740492","","unmapped_entrez"
"3740494","","unmapped_entrez"
"3740496","","unmapped_entrez"
"3740497","","unmapped_entrez"
"3740498","","unmapped_entrez"
"3740499","","unmapped_entrez"
"3740500","","unmapped_entrez"
"3740501","","unmapped_entrez"
"3740503","","unmapped_entrez"
"3740504","","unmapped_entrez"
"3740506","","unmapped_entrez"
"3740507","","unmapped_entrez"
"3740508","","unmapped_entrez"
"3740509","","unmapped_entrez"
"3740510","","unmapped_entrez"
"3740511","","unmapped_entrez"
"3740512","","unmapped_entrez"
"3740514","","unmapped_entrez"
"3740515","","unmapped_entrez"
"3740516","","unmapped_entrez"
"3740517","","unmapped_entrez"
"3740518","","unmapped_entrez"
"3740519","","unmapped_entrez"
"3740520","","unmapped_entrez"
"3740521","","unmapped_entrez"
"3740522","","unmapped_entrez"
"3740523","","unmapped_entrez"
"3740525","","unmapped_entrez"
"3740526","","unmapped_entrez"
"3740527","","unmapped_entrez"
"3740528","","unmapped_entrez"
"3740530","","unmapped_entrez"
"3740531","","unmapped_entrez"
"3740532","","unmapped_entrez"
"3740533","","unmapped_entrez"
"3740534","","unmapped_entrez"
"3740535","","unmapped_entrez"
"3740537","","unmapped_entrez"
"3740538","","unmapped_entrez"
"3740542","","unmapped_entrez"
"3740544","","unmapped_entrez"
"3740546","","unmapped_entrez"
"3740548","","unmapped_entrez"
"3740550","","unmapped_entrez"
"3740552","","unmapped_entrez"
"3740554","","unmapped_entrez"
"3740556","","unmapped_entrez"
"3740558","","unmapped_entrez"
"3740560","","unmapped_entrez"
"3740562","","unmapped_entrez"
"3740564","","unmapped_entrez"
"3740566","","unmapped_entrez"
"3740568","","unmapped_entrez"
"3740570","","unmapped_entrez"
"3740572","","unmapped_entrez"
"3740574","","unmapped_entrez"
"3740576","","unmapped_entrez"
"3740578","","unmapped_entrez"
"3740580","","unmapped_entrez"
"3740582","","unmapped_entrez"
"3740584","","unmapped_entrez"
"3740586","","unmapped_entrez"
"3740588","","unmapped_entrez"
"3740592","","unmapped_entrez"
"3740594","","unmapped_entrez"
"3740596","","unmapped_entrez"
"3740598","","unmapped_entrez"
"3740600","","unmapped_entrez"
"3740602","","unmapped_entrez"
"3740604","","unmapped_entrez"
"3740606","","unmapped_entrez"
"3740608","","unmapped_entrez"
"3740610","","unmapped_entrez"
"3740612","","unmapped_entrez"
"3740614","","unmapped_entrez"
"3740616","","unmapped_entrez"
"3740618","","unmapped_entrez"
"3740620","","unmapped_entrez"
"3740622","","unmapped_entrez"
"3740624","","unmapped_entrez"
"3740628","","unmapped_entrez"
"3740630","","unmapped_entrez"
"3740632","","unmapped_entrez"
"3740634","","unmapped_entrez"
"3740636","","unmapped_entrez"
"3740638","","unmapped_entrez"
"3740640","","unmapped_entrez"
"3740642","","unmapped_entrez"
"3740644","","unmapped_entrez"
"3740646","","unmapped_entrez"
"3740648","","unmapped_entrez"
"3740664","407004;84981","ambiguous_multiple_entrez"
"3740704","114826","unique_entrez_id"
"3740770","146760","unique_entrez_id"
"3740838","23293;53400","ambiguous_multiple_entrez"
"3740998","55720","unique_entrez_id"
"3741040","4335","unique_entrez_id"
"3741075","284009;79066","ambiguous_multiple_entrez"
"3741171","23277","unique_entrez_id"
"3741300","8386","unique_entrez_id"
"3741305","4991","unique_entrez_id"
"3741311","8390","unique_entrez_id"
"3741352","4995","unique_entrez_id"
"3741364","4994","unique_entrez_id"
"3741374","8387","unique_entrez_id"
"3741383","8388","unique_entrez_id"
"3741387","84690","unique_entrez_id"
"3741426","162514","unique_entrez_id"
"3741456","7442","unique_entrez_id"
"3741502","23729;7442","ambiguous_multiple_entrez"
"3741528","100533970;30851","ambiguous_multiple_entrez"
"3741547","100533970;5026","ambiguous_multiple_entrez"
"3741585","3682;55421","ambiguous_multiple_entrez"
"3741668","55421","unique_entrez_id"
"3741715","84254","unique_entrez_id"
"3741769","5023","unique_entrez_id"
"3741800","489","unique_entrez_id"
"3741875","23140","unique_entrez_id"
"3741997","51479","unique_entrez_id"
"3742067","103021295;7326","ambiguous_multiple_entrez"
"3742130","10514","unique_entrez_id"
"3742182","124975","unique_entrez_id"
"3742212","246","unique_entrez_id"
"3742236","27043","unique_entrez_id"
"3742285","58191","unique_entrez_id"
"3742304","284013","unique_entrez_id"
"3742351","1145","unique_entrez_id"
"3742384","8402","unique_entrez_id"
"3742400","5216","unique_entrez_id"
"3742415","9552","unique_entrez_id"
"3742416","","unmapped_entrez"
"3742417","","unmapped_entrez"
"3742420","","unmapped_entrez"
"3742421","","unmapped_entrez"
"3742424","","unmapped_entrez"
"3742426","","unmapped_entrez"
"3742428","","unmapped_entrez"
"3742434","","unmapped_entrez"
"3742437","","unmapped_entrez"
"3742439","","unmapped_entrez"
"3742441","","unmapped_entrez"
"3742443","","unmapped_entrez"
"3742445","","unmapped_entrez"
"3742447","","unmapped_entrez"
"3742449","","unmapped_entrez"
"3742451","","unmapped_entrez"
"3742453","","unmapped_entrez"
"3742457","","unmapped_entrez"
"3742459","","unmapped_entrez"
"3742460","23125","unique_entrez_id"
"3742513","388324","unique_entrez_id"
"3742532","55065","unique_entrez_id"
"3742554","7775","unique_entrez_id"
"3742627","388325","unique_entrez_id"
"3742652","105371505;4927","ambiguous_multiple_entrez"
"3742708","708","unique_entrez_id"
"3742727","56919","unique_entrez_id"
"3742756","51009","unique_entrez_id"
"3742783","22861;728392","ambiguous_multiple_entrez"
"3743038","23746","unique_entrez_id"
"3743074","83394","unique_entrez_id"
"3743119","9851","unique_entrez_id"
"3743167","51003","unique_entrez_id"
"3743194","284111","unique_entrez_id"
"3743230","83659","unique_entrez_id"
"3743306","10462","unique_entrez_id"
"3743340","433","unique_entrez_id"
"3743371","432","unique_entrez_id"
"3743393","1742","unique_entrez_id"
"3743440","1856","unique_entrez_id"
"3743464","79142","unique_entrez_id"
"3743486","11337","unique_entrez_id"
"3743501","23399","unique_entrez_id"
"3743502","","unmapped_entrez"
"3743503","","unmapped_entrez"
"3743504","","unmapped_entrez"
"3743505","","unmapped_entrez"
"3743506","","unmapped_entrez"
"3743508","","unmapped_entrez"
"3743509","","unmapped_entrez"
"3743512","","unmapped_entrez"
"3743513","","unmapped_entrez"
"3743514","","unmapped_entrez"
"3743515","","unmapped_entrez"
"3743524","","unmapped_entrez"
"3743526","","unmapped_entrez"
"3743528","","unmapped_entrez"
"3743530","","unmapped_entrez"
"3743532","","unmapped_entrez"
"3743534","","unmapped_entrez"
"3743536","","unmapped_entrez"
"3743538","","unmapped_entrez"
"3743540","","unmapped_entrez"
"3743542","","unmapped_entrez"
"3743544","","unmapped_entrez"
"3743551","1366","unique_entrez_id"
"3743571","51087","unique_entrez_id"
"3743611","2874;84461","ambiguous_multiple_entrez"
"3743701","100529211;57048","ambiguous_multiple_entrez"
"3743734","100529211;254863","ambiguous_multiple_entrez"
"3743763","57659","unique_entrez_id"
"3743842","6665","unique_entrez_id"
"3743852","9513","unique_entrez_id"
"3743883","112483","unique_entrez_id"
"3743906","7157","unique_entrez_id"
"3743937","","unmapped_entrez"
"3743962","84316","unique_entrez_id"
"3744013","9196","unique_entrez_id"
"3744039","58485","unique_entrez_id"
"3744072","242","unique_entrez_id"
"3744094","59344","unique_entrez_id"
"3744127","84667","unique_entrez_id"
"3744150","102465532;5187","ambiguous_multiple_entrez"
"3744217","6844","unique_entrez_id"
"3744229","727676;84314","ambiguous_multiple_entrez"
"3744254","54785","unique_entrez_id"
"3744263","9212","unique_entrez_id"
"3744300","284029","unique_entrez_id"
"3744324","80169","unique_entrez_id"
"3744377","399512","unique_entrez_id"
"3744410","124751","unique_entrez_id"
"3744463","4628","unique_entrez_id"
"3744589","146849","unique_entrez_id"
"3744620","162387","unique_entrez_id"
"3744680","23533","unique_entrez_id"
"3744800","9482","unique_entrez_id"
"3744958","5957","unique_entrez_id"
"3744965","8522","unique_entrez_id"
"3745088","8735","unique_entrez_id"
"3745161","4620;4626;8735","ambiguous_multiple_entrez"
"3745225","4619;4620;4622;4626","ambiguous_multiple_entrez"
"3745287","4619;4620;4621;4622;4626;8735","ambiguous_multiple_entrez"
"3745351","4619;4620;4622","ambiguous_multiple_entrez"
"3745429","4621;4622","ambiguous_multiple_entrez"
"3745504","6341","unique_entrez_id"
"3745525","100506898;388335","ambiguous_multiple_entrez"
"3745781","7566","unique_entrez_id"
"3746040","60528","unique_entrez_id"
"3746182","9953;9955","ambiguous_multiple_entrez"
"3746489","","unmapped_entrez"
"3746574","5376","unique_entrez_id"
"3746625","64518","unique_entrez_id"
"3746675","100533496;284040","ambiguous_multiple_entrez"
"3746734","100533496;201158;51030","ambiguous_multiple_entrez"
"3746809","10517;374286","ambiguous_multiple_entrez"
"3746845","10626;147166","ambiguous_multiple_entrez"
"3746881","9611","unique_entrez_id"
"3747199","201161","unique_entrez_id"
"3747236","388341","unique_entrez_id"
"3747288","57336","unique_entrez_id"
"3747324","57547;6431","ambiguous_multiple_entrez"
"3747522","23495;96597","ambiguous_multiple_entrez"
"3747638","201164","unique_entrez_id"
"3747657","201163","unique_entrez_id"
"3747703","","unmapped_entrez"
"3747717","8533","unique_entrez_id"
"3747792","51655","unique_entrez_id"
"3747812","10400","unique_entrez_id"
"3747907","","unmapped_entrez"
"3747958","140771","unique_entrez_id"
"3747966","102465466;6720","ambiguous_multiple_entrez"
"3748022","146691","unique_entrez_id"
"3748026","146691","unique_entrez_id"
"3748126","91647","unique_entrez_id"
"3748188","2314","unique_entrez_id"
"3748262","7156","unique_entrez_id"
"3748323","6470","unique_entrez_id"
"3748400","162632;220594;84669;9098","ambiguous_multiple_entrez"
"3748432","","unmapped_entrez"
"3748449","220594;284047;339184;348254;9720","ambiguous_multiple_entrez"
"3748624","","unmapped_entrez"
"3748659","10750;26851;400581;780852","ambiguous_multiple_entrez"
"3748731","388436;79999","ambiguous_multiple_entrez"
"3748767","27077","unique_entrez_id"
"3748798","4239","unique_entrez_id"
"3748909","146802","unique_entrez_id"
"3748957","218","unique_entrez_id"
"3749010","9706","unique_entrez_id"
"3749086","11216","unique_entrez_id"
"3749332","","unmapped_entrez"
"3749432","51136","unique_entrez_id"
"3749451","284047;339184;348254;9720","ambiguous_multiple_entrez"
"3749516","","unmapped_entrez"
"3749518","","unmapped_entrez"
"3749522","","unmapped_entrez"
"3749528","","unmapped_entrez"
"3749530","","unmapped_entrez"
"3749532","","unmapped_entrez"
"3749534","","unmapped_entrez"
"3749536","","unmapped_entrez"
"3749540","","unmapped_entrez"
"3749542","","unmapped_entrez"
"3749544","","unmapped_entrez"
"3749546","","unmapped_entrez"
"3749548","","unmapped_entrez"
"3749550","","unmapped_entrez"
"3749552","","unmapped_entrez"
"3749554","","unmapped_entrez"
"3749556","","unmapped_entrez"
"3749558","","unmapped_entrez"
"3749560","","unmapped_entrez"
"3749562","","unmapped_entrez"
"3749566","","unmapped_entrez"
"3749568","","unmapped_entrez"
"3749570","","unmapped_entrez"
"3749572","","unmapped_entrez"
"3749574","","unmapped_entrez"
"3749576","","unmapped_entrez"
"3749580","","unmapped_entrez"
"3749584","","unmapped_entrez"
"3749586","","unmapped_entrez"
"3749588","","unmapped_entrez"
"3749590","","unmapped_entrez"
"3749592","","unmapped_entrez"
"3749594","","unmapped_entrez"
"3749596","","unmapped_entrez"
"3749598","","unmapped_entrez"
"3749600","","unmapped_entrez"
"3749602","","unmapped_entrez"
"3749604","","unmapped_entrez"
"3749606","","unmapped_entrez"
"3749608","","unmapped_entrez"
"3749612","","unmapped_entrez"
"3749616","","unmapped_entrez"
"3749618","","unmapped_entrez"
"3749620","","unmapped_entrez"
"3749622","","unmapped_entrez"
"3749624","","unmapped_entrez"
"3749628","","unmapped_entrez"
"3749630","","unmapped_entrez"
"3749632","","unmapped_entrez"
"3749634","","unmapped_entrez"
"3749636","","unmapped_entrez"
"3749638","","unmapped_entrez"
"3749646","","unmapped_entrez"
"3749648","","unmapped_entrez"
"3749650","","unmapped_entrez"
"3749652","","unmapped_entrez"
"3749654","","unmapped_entrez"
"3749656","","unmapped_entrez"
"3749658","","unmapped_entrez"
"3749662","","unmapped_entrez"
"3749664","","unmapped_entrez"
"3749666","","unmapped_entrez"
"3749668","","unmapped_entrez"
"3749670","","unmapped_entrez"
"3749672","","unmapped_entrez"
"3749674","","unmapped_entrez"
"3749676","","unmapped_entrez"
"3749678","","unmapped_entrez"
"3749680","","unmapped_entrez"
"3749682","","unmapped_entrez"
"3749684","","unmapped_entrez"
"3749686","","unmapped_entrez"
"3749688","","unmapped_entrez"
"3749690","","unmapped_entrez"
"3749692","","unmapped_entrez"
"3749694","","unmapped_entrez"
"3749696","","unmapped_entrez"
"3749698","","unmapped_entrez"
"3749700","","unmapped_entrez"
"3749702","","unmapped_entrez"
"3749704","","unmapped_entrez"
"3749706","","unmapped_entrez"
"3749708","","unmapped_entrez"
"3749710","","unmapped_entrez"
"3749712","","unmapped_entrez"
"3749714","","unmapped_entrez"
"3749716","","unmapped_entrez"
"3749718","","unmapped_entrez"
"3749722","","unmapped_entrez"
"3749724","","unmapped_entrez"
"3749726","","unmapped_entrez"
"3749728","","unmapped_entrez"
"3749730","","unmapped_entrez"
"3749732","","unmapped_entrez"
"3749734","","unmapped_entrez"
"3749736","","unmapped_entrez"
"3749738","","unmapped_entrez"
"3749740","","unmapped_entrez"
"3749742","","unmapped_entrez"
"3749744","","unmapped_entrez"
"3749748","","unmapped_entrez"
"3749750","","unmapped_entrez"
"3749752","","unmapped_entrez"
"3749754","","unmapped_entrez"
"3749767","2023;8834","ambiguous_multiple_entrez"
"3749795","256302","unique_entrez_id"
"3750369","4843","unique_entrez_id"
"3750430","201229","unique_entrez_id"
"3750578","284085","unique_entrez_id"
"3750595","90410","unique_entrez_id"
"3750625","26073","unique_entrez_id"
"3750662","7448","unique_entrez_id"
"3750685","113235","unique_entrez_id"
"3750723","9094","unique_entrez_id"
"3750740","94005","unique_entrez_id"
"3750767","230","unique_entrez_id"
"3750785","10615","unique_entrez_id"
"3750842","124923","unique_entrez_id"
"3750872","9703","unique_entrez_id"
"3750939","6388","unique_entrez_id"
"3750975","147011","unique_entrez_id"
"3751002","83871","unique_entrez_id"
"3751042","116238","unique_entrez_id"
"3751058","55731","unique_entrez_id"
"3751121","2319","unique_entrez_id"
"3751164","147015","unique_entrez_id"
"3751184","57649","unique_entrez_id"
"3751237","124925","unique_entrez_id"
"3751323","399687","unique_entrez_id"
"3751463","57532","unique_entrez_id"
"3751524","116236","unique_entrez_id"
"3751541","28964","unique_entrez_id"
"3751590","84940","unique_entrez_id"
"3751625","85464","unique_entrez_id"
"3751794","6532","unique_entrez_id"
"3751830","642","unique_entrez_id"
"3751859","388364","unique_entrez_id"
"3752002","51379","unique_entrez_id"
"3752097","79736","unique_entrez_id"
"3752241","101927057;4974","ambiguous_multiple_entrez"
"3752258","2124","unique_entrez_id"
"3752271","2123","unique_entrez_id"
"3752424","55352","unique_entrez_id"
"3752437","55813","unique_entrez_id"
"3752611","64149","unique_entrez_id"
"3752709","105371734;4642","ambiguous_multiple_entrez"
"3752888","40","unique_entrez_id"
"3753220","6346","unique_entrez_id"
"3753275","400591","unique_entrez_id"
"3753288","105371740;10693","ambiguous_multiple_entrez"
"3753372","100529207;117584","ambiguous_multiple_entrez"
"3753412","100529207;5892","ambiguous_multiple_entrez"
"3753452","54475","unique_entrez_id"
"3753474","146861;643664;83650","ambiguous_multiple_entrez"
"3753500","146857;91607","ambiguous_multiple_entrez"
"3753538","55106","unique_entrez_id"
"3753568","146857;91607","ambiguous_multiple_entrez"
"3753690","5193","unique_entrez_id"
"3753729","246176","unique_entrez_id"
"3753760","79148","unique_entrez_id"
"3753833","256957;51187","ambiguous_multiple_entrez"
"3753860","6352","unique_entrez_id"
"3753896","201299","unique_entrez_id"
"3753935","57151","unique_entrez_id"
"3753956","6360","unique_entrez_id"
"3753966","348249;6358;6359","ambiguous_multiple_entrez"
"3753985","6368","unique_entrez_id"
"3754227","80179","unique_entrez_id"
"3754469","31","unique_entrez_id"
"3754677","11276","unique_entrez_id"
"3754736","11056","unique_entrez_id"
"3754797","6928","unique_entrez_id"
"3755089","440435","unique_entrez_id"
"3755198","80725","unique_entrez_id"
"3755316","","unmapped_entrez"
"3755323","7703","unique_entrez_id"
"3755359","8396","unique_entrez_id"
"3755396","54883","unique_entrez_id"
"3755429","619505;9349","ambiguous_multiple_entrez"
"3755510","57125","unique_entrez_id"
"3755580","782","unique_entrez_id"
"3755614","342667","unique_entrez_id"
"3755655","84961","unique_entrez_id"
"3755714","5469","unique_entrez_id"
"3755790","4761","unique_entrez_id"
"3755820","93210","unique_entrez_id"
"3755839","84299","unique_entrez_id"
"3755862","22806","unique_entrez_id"
"3755903","55876","unique_entrez_id"
"3755934","94103","unique_entrez_id"
"3755976","102466757;9862","ambiguous_multiple_entrez"
"3756046","7067;9572","ambiguous_multiple_entrez"
"3756175","125111","unique_entrez_id"
"3756193","7153","unique_entrez_id"
"3756262","84951","unique_entrez_id"
"3756319","1236","unique_entrez_id"
"3756344","6605","unique_entrez_id"
"3756386","125113","unique_entrez_id"
"3756416","192666","unique_entrez_id"
"3756447","147183","unique_entrez_id"
"3756464","147183;353288","ambiguous_multiple_entrez"
"3756482","342574","unique_entrez_id"
"3756499","162605","unique_entrez_id"
"3756523","3858","unique_entrez_id"
"3756546","3859","unique_entrez_id"
"3756566","54474","unique_entrez_id"
"3756591","25984","unique_entrez_id"
"3756613","390792","unique_entrez_id"
"3756630","125115","unique_entrez_id"
"3756649","85293","unique_entrez_id"
"3756656","83897","unique_entrez_id"
"3756668","83896","unique_entrez_id"
"3756676","83895","unique_entrez_id"
"3756689","81850;81851","ambiguous_multiple_entrez"
"3756709","728279;730755;81872;85294","ambiguous_multiple_entrez"
"3756723","728279;730755;81872;85294","ambiguous_multiple_entrez"
"3756730","653240","unique_entrez_id"
"3756750","81871;83755;85289","ambiguous_multiple_entrez"
"3756761","100132386;100132476;100505753;100533177;653240;728224;81871;83755;84616;85289;85290;85291","ambiguous_multiple_entrez"
"3756815","85289","unique_entrez_id"
"3756819","85291","unique_entrez_id"
"3756829","85285","unique_entrez_id"
"3756856","83902","unique_entrez_id"
"3756880","3881;3883;3884","ambiguous_multiple_entrez"
"3756896","3881;3883;3884","ambiguous_multiple_entrez"
"3756911","100653049;3881;3885","ambiguous_multiple_entrez"
"3756928","3881;3883;3884","ambiguous_multiple_entrez"
"3756964","8687;8688","ambiguous_multiple_entrez"
"3756979","8687;8688","ambiguous_multiple_entrez"
"3756997","3882","unique_entrez_id"
"3757020","3886","unique_entrez_id"
"3757037","8689","unique_entrez_id"
"3757050","3860","unique_entrez_id"
"3757078","3866","unique_entrez_id"
"3757108","3880","unique_entrez_id"
"3757138","3857","unique_entrez_id"
"3757154","3861","unique_entrez_id"
"3757177","3861;3868;644945;729252","ambiguous_multiple_entrez"
"3757213","3872","unique_entrez_id"
"3757288","9001","unique_entrez_id"
"3757329","3728","unique_entrez_id"
"3757376","10609","unique_entrez_id"
"3757399","115024;60681","ambiguous_multiple_entrez"
"3757423","55175","unique_entrez_id"
"3757433","47","unique_entrez_id"
"3757487","7266","unique_entrez_id"
"3757538","201181","unique_entrez_id"
"3757586","","unmapped_entrez"
"3757602","79132","unique_entrez_id"
"3757630","2648","unique_entrez_id"
"3757664","5878","unique_entrez_id"
"3757690","23415","unique_entrez_id"
"3757737","3060","unique_entrez_id"
"3757745","84514","unique_entrez_id"
"3757770","6776;6777","ambiguous_multiple_entrez"
"3757840","6774","unique_entrez_id"
"3757917","284119","unique_entrez_id"
"3757970","29893","unique_entrez_id"
"3757990","162427","unique_entrez_id"
"3758025","79990","unique_entrez_id"
"3758062","2826","unique_entrez_id"
"3758078","2145","unique_entrez_id"
"3758148","28958","unique_entrez_id"
"3758157","8678","unique_entrez_id"
"3758209","388387","unique_entrez_id"
"3758234","100885848;100885850;80755","ambiguous_multiple_entrez"
"3758291","10493","unique_entrez_id"
"3758317","672","unique_entrez_id"
"3758510","2118","unique_entrez_id"
"3758545","4222","unique_entrez_id"
"3758606","50964","unique_entrez_id"
"3758615","1845","unique_entrez_id"
"3758640","4356","unique_entrez_id"
"3758692","4355","unique_entrez_id"
"3758757","5539","unique_entrez_id"
"3758775","5697","unique_entrez_id"
"3758790","84336","unique_entrez_id"
"3758845","10014","unique_entrez_id"
"3758928","339201","unique_entrez_id"
"3758967","7343","unique_entrez_id"
"3759006","105371790;6521","ambiguous_multiple_entrez"
"3759077","51629","unique_entrez_id"
"3759105","284069","unique_entrez_id"
"3759137","3674","unique_entrez_id"
"3759186","23131","unique_entrez_id"
"3759305","124808","unique_entrez_id"
"3759335","10052","unique_entrez_id"
"3759356","9343","unique_entrez_id"
"3759410","2670","unique_entrez_id"
"3759493","10882","unique_entrez_id"
"3759540","79877","unique_entrez_id"
"3759587","113026","unique_entrez_id"
"3759695","124783","unique_entrez_id"
"3759704","9020","unique_entrez_id"
"3759778","201176","unique_entrez_id"
"3759824","201176","unique_entrez_id"
"3759849","100422961;100423004;440456;9842","ambiguous_multiple_entrez"
"3760137","147081;284058","ambiguous_multiple_entrez"
"3760268","100506084;100996709;101929774;10230;107984156;2186;51326","ambiguous_multiple_entrez"
"3760490","7473","unique_entrez_id"
"3760552","388394","unique_entrez_id"
"3760625","102723584;644388;996","ambiguous_multiple_entrez"
"3760894","114881","unique_entrez_id"
"3760945","124995","unique_entrez_id"
"3760957","90507","unique_entrez_id"
"3760973","80320","unique_entrez_id"
"3761034","79170","unique_entrez_id"
"3761054","406943;51226","ambiguous_multiple_entrez"
"3761127","10951","unique_entrez_id"
"3761164","8631","unique_entrez_id"
"3761274","3211","unique_entrez_id"
"3761291","3212","unique_entrez_id"
"3761313","3213","unique_entrez_id"
"3761348","3213;3214;406902","ambiguous_multiple_entrez"
"3761378","3215","unique_entrez_id"
"3761395","3216","unique_entrez_id"
"3761420","3217;406972","ambiguous_multiple_entrez"
"3761441","3218","unique_entrez_id"
"3761451","3219","unique_entrez_id"
"3761529","84366","unique_entrez_id"
"3761538","10481","unique_entrez_id"
"3761551","284076","unique_entrez_id"
"3761632","11267","unique_entrez_id"
"3761661","2695","unique_entrez_id"
"3761714","2793","unique_entrez_id"
"3761725","162466","unique_entrez_id"
"3761737","22834","unique_entrez_id"
"3761806","5245","unique_entrez_id"
"3761905","8405","unique_entrez_id"
"3761959","10237","unique_entrez_id"
"3761989","81558","unique_entrez_id"
"3762040","255061","unique_entrez_id"
"3762083","1747","unique_entrez_id"
"3762125","201191","unique_entrez_id"
"3762149","84687","unique_entrez_id"
"3762185","373861","unique_entrez_id"
"3762198","1277","unique_entrez_id"
"3762339","51264","unique_entrez_id"
"3762355","55379","unique_entrez_id"
"3762380","1101","unique_entrez_id"
"3762416","91369","unique_entrez_id"
"3762443","55018","unique_entrez_id"
"3762473","10140","unique_entrez_id"
"3762519","9043","unique_entrez_id"
"3762625","54799","unique_entrez_id"
"3762753","56934","unique_entrez_id"
"3763148","1353","unique_entrez_id"
"3763270","23531","unique_entrez_id"
"3763390","55273","unique_entrez_id"
"3763656","100500827;7706","ambiguous_multiple_entrez"
"3763687","8161","unique_entrez_id"
"3764002","51649","unique_entrez_id"
"3764022","404093","unique_entrez_id"
"3764066","7716","unique_entrez_id"
"3764103","6426","unique_entrez_id"
"3764199","54903","unique_entrez_id"
"3764245","4353","unique_entrez_id"
"3764289","9256","unique_entrez_id"
"3764384","6827","unique_entrez_id"
"3764399","54894","unique_entrez_id"
"3764471","9110","unique_entrez_id"
"3764527","5414","unique_entrez_id"
"3764581","5414","unique_entrez_id"
"3764592","56155","unique_entrez_id"
"3764680","4591","unique_entrez_id"
"3764738","348235;407027","ambiguous_multiple_entrez"
"3764872","51651","unique_entrez_id"
"3764933","51174","unique_entrez_id"
"3765059","100616210;63897","ambiguous_multiple_entrez"
"3765167","162632;220594;84669;9098","ambiguous_multiple_entrez"
"3765299","10513","unique_entrez_id"
"3765574","342538","unique_entrez_id"
"3765580","83990","unique_entrez_id"
"3765642","57508","unique_entrez_id"
"3765689","9969","unique_entrez_id"
"3765848","101060321;101060351;101060376;102723859;102724862;414059;414060;440452;653645;729873;729877;84218","ambiguous_multiple_entrez"
"3766013","162333","unique_entrez_id"
"3766153","1534","unique_entrez_id"
"3766269","80774","unique_entrez_id"
"3766284","92335","unique_entrez_id"
"3766334","57003","unique_entrez_id"
"3766373","117246","unique_entrez_id"
"3766415","171558;6603","ambiguous_multiple_entrez"
"3766453","1442;1443;1444","ambiguous_multiple_entrez"
"3766467","1443;2688;2689","ambiguous_multiple_entrez"
"3766480","1442;1443;1444;2689","ambiguous_multiple_entrez"
"3766499","1443;1444","ambiguous_multiple_entrez"
"3766512","1442;1444;2688;2689","ambiguous_multiple_entrez"
"3766533","974","unique_entrez_id"
"3766549","6329","unique_entrez_id"
"3766621","3384","unique_entrez_id"
"3766651","2081","unique_entrez_id"
"3766716","55852","unique_entrez_id"
"3766796","5175","unique_entrez_id"
"3766861","11232","unique_entrez_id"
"3766893","100616387;100616408;1655","ambiguous_multiple_entrez"
"3766896","","unmapped_entrez"
"3766899","","unmapped_entrez"
"3766900","","unmapped_entrez"
"3766912","","unmapped_entrez"
"3766914","","unmapped_entrez"
"3766916","","unmapped_entrez"
"3766918","","unmapped_entrez"
"3766920","","unmapped_entrez"
"3766922","","unmapped_entrez"
"3766924","","unmapped_entrez"
"3766926","","unmapped_entrez"
"3766927","","unmapped_entrez"
"3766929","","unmapped_entrez"
"3766936","","unmapped_entrez"
"3766937","","unmapped_entrez"
"3766949","","unmapped_entrez"
"3766951","","unmapped_entrez"
"3766960","64750","unique_entrez_id"
"3767053","100422961;100423004;109286553;146880;201176;440456;9842","ambiguous_multiple_entrez"
"3767169","374819;474170;55073;9884","ambiguous_multiple_entrez"
"3767230","374819;474170;9884","ambiguous_multiple_entrez"
"3767280","201283;51321","ambiguous_multiple_entrez"
"3767339","10672","unique_entrez_id"
"3767465","8313","unique_entrez_id"
"3767480","8313","unique_entrez_id"
"3767531","201134","unique_entrez_id"
"3767709","350","unique_entrez_id"
"3768015","9931","unique_entrez_id"
"3768103","5718","unique_entrez_id"
"3768280","284018","unique_entrez_id"
"3768412","9120","unique_entrez_id"
"3768474","55062;693220","ambiguous_multiple_entrez"
"3768535","54757","unique_entrez_id"
"3768627","10351","unique_entrez_id"
"3768703","10350;10351","ambiguous_multiple_entrez"
"3768791","23460","unique_entrez_id"
"3768880","100133319;10349;79963","ambiguous_multiple_entrez"
"3768969","23461","unique_entrez_id"
"3769779","201266","unique_entrez_id"
"3769969","84923","unique_entrez_id"
"3770029","23580","unique_entrez_id"
"3770052","54549","unique_entrez_id"
"3770172","283982","unique_entrez_id"
"3770290","124599","unique_entrez_id"
"3770305","10871","unique_entrez_id"
"3770328","100131439","unique_entrez_id"
"3770345","342510","unique_entrez_id"
"3770361","146722","unique_entrez_id"
"3770390","26151","unique_entrez_id"
"3770422","2905","unique_entrez_id"
"3770457","2232","unique_entrez_id"
"3770488","283985","unique_entrez_id"
"3770505","124590","unique_entrez_id"
"3770512","283987","unique_entrez_id"
"3770563","10476","unique_entrez_id"
"3770588","30833","unique_entrez_id"
"3770606","51155","unique_entrez_id"
"3770632","6613","unique_entrez_id"
"3770663","23163","unique_entrez_id"
"3770699","57409","unique_entrez_id"
"3770721","60386","unique_entrez_id"
"3770743","2885","unique_entrez_id"
"3770799","57513","unique_entrez_id"
"3770857","9400","unique_entrez_id"
"3770923","2584","unique_entrez_id"
"3770944","3021;440093","ambiguous_multiple_entrez"
"3770979","201294","unique_entrez_id"
"3771037","23558","unique_entrez_id"
"3771068","91107","unique_entrez_id"
"3771091","201292","unique_entrez_id"
"3771120","64978","unique_entrez_id"
"3771160","85302","unique_entrez_id"
"3771215","51","unique_entrez_id"
"3771259","2125;645027","ambiguous_multiple_entrez"
"3771297","6730","unique_entrez_id"
"3771336","23265","unique_entrez_id"
"3771389","2302","unique_entrez_id"
"3771464","84074","unique_entrez_id"
"3771513","5635","unique_entrez_id"
"3771543","63893","unique_entrez_id"
"3771602","79651","unique_entrez_id"
"3771642","114757","unique_entrez_id"
"3771675","10610","unique_entrez_id"
"3771712","55808","unique_entrez_id"
"3771744","439921","unique_entrez_id"
"3771773","23210","unique_entrez_id"
"3771800","6427;693221","ambiguous_multiple_entrez"
"3772056","400624","unique_entrez_id"
"3772090","11322","unique_entrez_id"
"3772158","7083","unique_entrez_id"
"3772187","","unmapped_entrez"
"3772279","9021","unique_entrez_id"
"3772437","8632","unique_entrez_id"
"3772525","9267","unique_entrez_id"
"3772581","57602","unique_entrez_id"
"3772661","100653515;7077","ambiguous_multiple_entrez"
"3772719","3959","unique_entrez_id"
"3772775","124583","unique_entrez_id"
"3773149","57332","unique_entrez_id"
"3773174","8535","unique_entrez_id"
"3773241","125058","unique_entrez_id"
"3773244","125058","unique_entrez_id"
"3773312","9775","unique_entrez_id"
"3773340","6448","unique_entrez_id"
"3773426","4884","unique_entrez_id"
"3773534","400627","unique_entrez_id"
"3773558","440465","unique_entrez_id"
"3773703","146705","unique_entrez_id"
"3773742","124565","unique_entrez_id"
"3773801","284185","unique_entrez_id"
"3773814","284186","unique_entrez_id"
"3773932","71","unique_entrez_id"
"3773980","80233","unique_entrez_id"
"3774029","55666","unique_entrez_id"
"3774096","5148","unique_entrez_id"
"3774218","116729","unique_entrez_id"
"3774283","396","unique_entrez_id"
"3774331","10189","unique_entrez_id"
"3774385","51547","unique_entrez_id"
"3774418","4097","unique_entrez_id"
"3774504","","unmapped_entrez"
"3774516","201254","unique_entrez_id"
"3774535","51181","unique_entrez_id"
"3774593","64118","unique_entrez_id"
"3774635","2194","unique_entrez_id"
"3774701","284001","unique_entrez_id"
"3774728","284001","unique_entrez_id"
"3774823","1453","unique_entrez_id"
"3774883","924","unique_entrez_id"
"3774906","6398","unique_entrez_id"
"3774975","79701","unique_entrez_id"
"3775038","79415","unique_entrez_id"
"3775099","","unmapped_entrez"
"3775147","","unmapped_entrez"
"3775157","56270","unique_entrez_id"
"3775211","10966","unique_entrez_id"
"3775334","79755","unique_entrez_id"
"3775425","146712","unique_entrez_id"
"3775686","9097","unique_entrez_id"
"3775800","1068","unique_entrez_id"
"3775808","27098","unique_entrez_id"
"3775842","7298","unique_entrez_id"
"3775906","116","unique_entrez_id"
"3776139","10403","unique_entrez_id"
"3776193","23347","unique_entrez_id"
"3776279","84034","unique_entrez_id"
"3776427","10627","unique_entrez_id"
"3776504","7050","unique_entrez_id"
"3777263","79822","unique_entrez_id"
"3777470","5797","unique_entrez_id"
"3777770","","unmapped_entrez"
"3777991","23255","unique_entrez_id"
"3778252","23253","unique_entrez_id"
"3778372","57045","unique_entrez_id"
"3778410","10928","unique_entrez_id"
"3778504","105371981;11031","ambiguous_multiple_entrez"
"3778589","84203","unique_entrez_id"
"3778601","9218","unique_entrez_id"
"3778772","147495","unique_entrez_id"
"3778823","8774","unique_entrez_id"
"3779207","2774","unique_entrez_id"
"3779314","57132","unique_entrez_id"
"3779362","3613","unique_entrez_id"
"3779511","105371996;1149","ambiguous_multiple_entrez"
"3779579","84617","unique_entrez_id"
"3779612","10650","unique_entrez_id"
"3779684","56984","unique_entrez_id"
"3779756","81929","unique_entrez_id"
"3779817","55125","unique_entrez_id"
"3779950","753","unique_entrez_id"
"3780145","147276","unique_entrez_id"
"3780271","","unmapped_entrez"
"3780287","8731","unique_entrez_id"
"3780334","4161","unique_entrez_id"
"3780981","80000","unique_entrez_id"
"3781082","6632","unique_entrez_id"
"3781124","57534","unique_entrez_id"
"3781245","2627","unique_entrez_id"
"3781429","5932","unique_entrez_id"
"3781531","91768","unique_entrez_id"
"3781654","8780","unique_entrez_id"
"3781734","29919","unique_entrez_id"
"3781794","3909","unique_entrez_id"
"3781980","125488","unique_entrez_id"
"3782069","","unmapped_entrez"
"3782088","26256","unique_entrez_id"
"3782166","55364","unique_entrez_id"
"3782195","59340","unique_entrez_id"
"3782616","143471","unique_entrez_id"
"3782771","57019","unique_entrez_id"
"3782853","147429","unique_entrez_id"
"3783398","1828","unique_entrez_id"
"3783435","147409","unique_entrez_id"
"3783481","1830","unique_entrez_id"
"3783529","1829","unique_entrez_id"
"3783565","7276","unique_entrez_id"
"3783723","54941","unique_entrez_id"
"3783749","379013;51444","ambiguous_multiple_entrez"
"3783788","4225","unique_entrez_id"
"3784208","10982;1837","ambiguous_multiple_entrez"
"3784344","10982","unique_entrez_id"
"3784468","84307","unique_entrez_id"
"3784509","10778","unique_entrez_id"
"3784602","2589","unique_entrez_id"
"3784670","83608","unique_entrez_id"
"3784727","55250","unique_entrez_id"
"3784783","55034","unique_entrez_id"
"3784999","57536","unique_entrez_id"
"3786039","5289","unique_entrez_id"
"3786471","26040","unique_entrez_id"
"3786694","8170","unique_entrez_id"
"3786868","105372092;6563","ambiguous_multiple_entrez"
"3786920","284266","unique_entrez_id"
"3787005","115106","unique_entrez_id"
"3787031","147339","unique_entrez_id"
"3787076","494470","unique_entrez_id"
"3787187","83473","unique_entrez_id"
"3787640","84322","unique_entrez_id"
"3787675","9811","unique_entrez_id"
"3787855","9388","unique_entrez_id"
"3788049","220134","unique_entrez_id"
"3788097","5596","unique_entrez_id"
"3788220","4200","unique_entrez_id"
"3788270","55520","unique_entrez_id"
"3788302","4089","unique_entrez_id"
"3788560","1630","unique_entrez_id"
"3788833","11201","unique_entrez_id"
"3788944","284254","unique_entrez_id"
"3788976","5874","unique_entrez_id"
"3789442","23335","unique_entrez_id"
"3789591","284257","unique_entrez_id"
"3789680","51046","unique_entrez_id"
"3789727","9480","unique_entrez_id"
"3789947","23327","unique_entrez_id"
"3790259","10892","unique_entrez_id"
"3790361","55205","unique_entrez_id"
"3790479","90701","unique_entrez_id"
"3790529","2922","unique_entrez_id"
"3790704","5366","unique_entrez_id"
"3790982","28316","unique_entrez_id"
"3791168","57614","unique_entrez_id"
"3791254","8792","unique_entrez_id"
"3791341","54877","unique_entrez_id"
"3791466","","unmapped_entrez"
"3791482","23239","unique_entrez_id"
"3791782","5268","unique_entrez_id"
"3791815","89777","unique_entrez_id"
"3791850","5275","unique_entrez_id"
"3791874","89778","unique_entrez_id"
"3791896","8710","unique_entrez_id"
"3791935","5055","unique_entrez_id"
"3791958","5273","unique_entrez_id"
"3791996","5271","unique_entrez_id"
"3792273","1005","unique_entrez_id"
"3792656","79839","unique_entrez_id"
"3792776","220164","unique_entrez_id"
"3792952","9306","unique_entrez_id"
"3793588","29090","unique_entrez_id"
"3793760","55748","unique_entrez_id"
"3793827","84735","unique_entrez_id"
"3793888","55628","unique_entrez_id"
"3794056","10194","unique_entrez_id"
"3794341","","unmapped_entrez"
"3794423","400661","unique_entrez_id"
"3794458","105372217;7776","ambiguous_multiple_entrez"
"3794641","2587","unique_entrez_id"
"3795010","27164","unique_entrez_id"
"3795045","374868","unique_entrez_id"
"3795184","4772","unique_entrez_id"
"3795312","9150","unique_entrez_id"
"3795403","26251","unique_entrez_id"
"3795466","100506070;79863","ambiguous_multiple_entrez"
"3795501","100506070;22850","ambiguous_multiple_entrez"
"3795680","9984","unique_entrez_id"
"3795733","81035","unique_entrez_id"
"3795850","494514","unique_entrez_id"
"3795866","55556","unique_entrez_id"
"3795942","7525","unique_entrez_id"
"3796089","56651","unique_entrez_id"
"3796244","64863","unique_entrez_id"
"3796335","26973;727896;9663","ambiguous_multiple_entrez"
"3796428","8736","unique_entrez_id"
"3796620","9229","unique_entrez_id"
"3796992","147525","unique_entrez_id"
"3797015","7541","unique_entrez_id"
"3797032","105371970;23136","ambiguous_multiple_entrez"
"3797295","91133","unique_entrez_id"
"3797561","284217","unique_entrez_id"
"3798291","9989","unique_entrez_id"
"3798778","63895","unique_entrez_id"
"3798829","63895","unique_entrez_id"
"3799167","65258","unique_entrez_id"
"3799415","10939","unique_entrez_id"
"3799461","56907","unique_entrez_id"
"3799542","79959","unique_entrez_id"
"3799615","5771","unique_entrez_id"
"3800070","125228","unique_entrez_id"
"3800116","4158","unique_entrez_id"
"3800165","162655;4763","ambiguous_multiple_entrez"
"3800619","6093;727758","ambiguous_multiple_entrez"
"3800779","114799","unique_entrez_id"
"3800834","171586","unique_entrez_id"
"3801093","64693","unique_entrez_id"
"3801264","85019","unique_entrez_id"
"3801411","4864","unique_entrez_id"
"3801492","147463","unique_entrez_id"
"3801621","114876","unique_entrez_id"
"3801943","25925","unique_entrez_id"
"3802129","6760","unique_entrez_id"
"3802254","284252;728606","ambiguous_multiple_entrez"
"3802396","361","unique_entrez_id"
"3802416","83539","unique_entrez_id"
"3802602","1000","unique_entrez_id"
"3802924","1825","unique_entrez_id"
"3802980","1824","unique_entrez_id"
"3803020","1823","unique_entrez_id"
"3803120","9331","unique_entrez_id"
"3803194","22878","unique_entrez_id"
"3803290","64762","unique_entrez_id"
"3803418","57565","unique_entrez_id"
"3803500","374864","unique_entrez_id"
"3803628","8715","unique_entrez_id"
"3803882","100101467","unique_entrez_id"
"3803917","252884;7572","ambiguous_multiple_entrez"
"3804000","125476","unique_entrez_id"
"3804143","55197","unique_entrez_id"
"3804195","25800","unique_entrez_id"
"3804358","25941","unique_entrez_id"
"3804452","56853","unique_entrez_id"
"3805553","6014","unique_entrez_id"
"3805614","6860","unique_entrez_id"
"3806126","57724","unique_entrez_id"
"3806211","9050","unique_entrez_id"
"3806253","498","unique_entrez_id"
"3806366","125336","unique_entrez_id"
"3806459","29906","unique_entrez_id"
"3806525","100506888;107983955;162699;51224;728929;9063","ambiguous_multiple_entrez"
"3806654","100506888;107983955;162699;51224;728929","ambiguous_multiple_entrez"
"3806689","84064","unique_entrez_id"
"3806711","51124","unique_entrez_id"
"3806905","4087","unique_entrez_id"
"3806913","105372101;4087","ambiguous_multiple_entrez"
"3807261","105372108;4092","ambiguous_multiple_entrez"
"3807370","54808","unique_entrez_id"
"3807474","100526842;497661","ambiguous_multiple_entrez"
"3807487","100526842;26790;26791;6139","ambiguous_multiple_entrez"
"3807488","","unmapped_entrez"
"3807490","","unmapped_entrez"
"3807491","","unmapped_entrez"
"3807493","","unmapped_entrez"
"3807495","","unmapped_entrez"
"3807499","","unmapped_entrez"
"3807500","","unmapped_entrez"
"3807501","","unmapped_entrez"
"3807502","","unmapped_entrez"
"3807510","","unmapped_entrez"
"3807569","10449","unique_entrez_id"
"3807595","4645","unique_entrez_id"
"3807732","220136","unique_entrez_id"
"3807753","4152","unique_entrez_id"
"3807809","30827","unique_entrez_id"
"3807965","83876","unique_entrez_id"
"3808096","51320","unique_entrez_id"
"3808600","677819;8932","ambiguous_multiple_entrez"
"3808654","147323","unique_entrez_id"
"3808745","80323","unique_entrez_id"
"3808854","6925","unique_entrez_id"
"3809324","9352","unique_entrez_id"
"3809621","2235","unique_entrez_id"
"3809671","4677","unique_entrez_id"
"3809673","","unmapped_entrez"
"3809675","","unmapped_entrez"
"3809677","","unmapped_entrez"
"3809679","","unmapped_entrez"
"3809680","","unmapped_entrez"
"3809681","","unmapped_entrez"
"3809683","","unmapped_entrez"
"3809685","","unmapped_entrez"
"3809686","","unmapped_entrez"
"3809687","","unmapped_entrez"
"3809688","","unmapped_entrez"
"3809689","","unmapped_entrez"
"3809690","","unmapped_entrez"
"3809691","","unmapped_entrez"
"3809692","","unmapped_entrez"
"3809695","","unmapped_entrez"
"3809696","","unmapped_entrez"
"3809705","","unmapped_entrez"
"3809707","","unmapped_entrez"
"3809712","","unmapped_entrez"
"3809714","","unmapped_entrez"
"3809716","","unmapped_entrez"
"3809718","","unmapped_entrez"
"3809720","","unmapped_entrez"
"3809722","","unmapped_entrez"
"3809724","","unmapped_entrez"
"3809726","","unmapped_entrez"
"3809728","","unmapped_entrez"
"3809730","","unmapped_entrez"
"3809732","","unmapped_entrez"
"3809734","","unmapped_entrez"
"3809736","","unmapped_entrez"
"3809738","","unmapped_entrez"
"3809740","","unmapped_entrez"
"3809742","","unmapped_entrez"
"3809744","","unmapped_entrez"
"3809746","","unmapped_entrez"
"3809748","","unmapped_entrez"
"3809750","","unmapped_entrez"
"3809752","","unmapped_entrez"
"3809754","","unmapped_entrez"
"3809756","","unmapped_entrez"
"3809758","","unmapped_entrez"
"3809760","","unmapped_entrez"
"3809762","","unmapped_entrez"
"3809764","","unmapped_entrez"
"3809766","","unmapped_entrez"
"3809768","","unmapped_entrez"
"3809770","","unmapped_entrez"
"3809772","","unmapped_entrez"
"3809774","","unmapped_entrez"
"3809776","","unmapped_entrez"
"3809778","","unmapped_entrez"
"3809780","","unmapped_entrez"
"3809782","","unmapped_entrez"
"3809784","","unmapped_entrez"
"3809786","","unmapped_entrez"
"3809788","","unmapped_entrez"
"3809790","","unmapped_entrez"
"3809792","","unmapped_entrez"
"3809794","","unmapped_entrez"
"3809796","","unmapped_entrez"
"3809798","","unmapped_entrez"
"3809800","","unmapped_entrez"
"3809802","","unmapped_entrez"
"3809804","","unmapped_entrez"
"3809806","","unmapped_entrez"
"3809808","","unmapped_entrez"
"3809810","","unmapped_entrez"
"3809812","","unmapped_entrez"
"3809814","","unmapped_entrez"
"3809816","","unmapped_entrez"
"3809818","","unmapped_entrez"
"3809820","","unmapped_entrez"
"3809826","5205","unique_entrez_id"
"3810133","115701","unique_entrez_id"
"3810413","30062;339302","ambiguous_multiple_entrez"
"3810446","339302","unique_entrez_id"
"3810472","3998","unique_entrez_id"
"3810542","147372","unique_entrez_id"
"3810749","4160","unique_entrez_id"
"3811000","220441","unique_entrez_id"
"3811086","23556","unique_entrez_id"
"3811339","596","unique_entrez_id"
"3811459","2531","unique_entrez_id"
"3811497","9525","unique_entrez_id"
"3811574","6317;6318","ambiguous_multiple_entrez"
"3811596","6317;6318","ambiguous_multiple_entrez"
"3811670","221241","unique_entrez_id"
"3811949","28513","unique_entrez_id"
"3812074","92126","unique_entrez_id"
"3812206","54495","unique_entrez_id"
"3812385","10666","unique_entrez_id"
"3812426","25914","unique_entrez_id"
"3812589","220158","unique_entrez_id"
"3812864","147381","unique_entrez_id"
"3812922","81832","unique_entrez_id"
"3813198","201456","unique_entrez_id"
"3813297","1528","unique_entrez_id"
"3813604","284273","unique_entrez_id"
"3813840","9658","unique_entrez_id"
"3814033","4155","unique_entrez_id"
"3814063","4155","unique_entrez_id"
"3814669","284241","unique_entrez_id"
"3814701","80148","unique_entrez_id"
"3814734","10907","unique_entrez_id"
"3814791","84552","unique_entrez_id"
"3814927","8174","unique_entrez_id"
"3814956","91978","unique_entrez_id"
"3814978","997","unique_entrez_id"
"3815005","3004","unique_entrez_id"
"3815014","682","unique_entrez_id"
"3815045","610","unique_entrez_id"
"3815082","27006","unique_entrez_id"
"3815097","10272","unique_entrez_id"
"3815116","126353;5064","ambiguous_multiple_entrez"
"3815143","126353","unique_entrez_id"
"3815165","5725","unique_entrez_id"
"3815210","566","unique_entrez_id"
"3815223","5657","unique_entrez_id"
"3815233","1991","unique_entrez_id"
"3815243","1675","unique_entrez_id"
"3815268","84634","unique_entrez_id"
"3815278","1820","unique_entrez_id"
"3815328","57418","unique_entrez_id"
"3815399","1265","unique_entrez_id"
"3815416","10347","unique_entrez_id"
"3815493","23526","unique_entrez_id"
"3815538","2879","unique_entrez_id"
"3815566","6794","unique_entrez_id"
"3815610","513","unique_entrez_id"
"3815649","1153","unique_entrez_id"
"3815685","55009","unique_entrez_id"
"3815710","1943","unique_entrez_id"
"3815726","374291;6209","ambiguous_multiple_entrez"
"3815757","84939","unique_entrez_id"
"3815809","374291","unique_entrez_id"
"3815834","26528","unique_entrez_id"
"3815888","10297","unique_entrez_id"
"3815936","92840","unique_entrez_id"
"3816112","113178;113179","ambiguous_multiple_entrez"
"3816143","113179","unique_entrez_id"
"3816153","1455","unique_entrez_id"
"3816225","113177","unique_entrez_id"
"3816264","84444","unique_entrez_id"
"3816333","8175","unique_entrez_id"
"3816359","100423031;268","ambiguous_multiple_entrez"
"3816380","4946","unique_entrez_id"
"3816383","","unmapped_entrez"
"3816385","","unmapped_entrez"
"3816390","","unmapped_entrez"
"3816391","","unmapped_entrez"
"3816394","","unmapped_entrez"
"3816396","","unmapped_entrez"
"3816398","","unmapped_entrez"
"3816399","","unmapped_entrez"
"3816400","","unmapped_entrez"
"3816407","","unmapped_entrez"
"3816409","","unmapped_entrez"
"3816414","","unmapped_entrez"
"3816424","56928","unique_entrez_id"
"3816475","360200","unique_entrez_id"
"3816509","4616","unique_entrez_id"
"3816611","7064","unique_entrez_id"
"3816645","115196","unique_entrez_id"
"3816664","148254","unique_entrez_id"
"3816686","80032","unique_entrez_id"
"3816699","126295","unique_entrez_id"
"3816724","79816","unique_entrez_id"
"3816778","2767","unique_entrez_id"
"3816803","2767","unique_entrez_id"
"3816815","2769","unique_entrez_id"
"3816827","8698","unique_entrez_id"
"3816834","56926","unique_entrez_id"
"3816883","60680","unique_entrez_id"
"3816919","4782","unique_entrez_id"
"3816988","51343","unique_entrez_id"
"3817040","10362","unique_entrez_id"
"3817072","126326","unique_entrez_id"
"3817116","27134","unique_entrez_id"
"3817167","116541","unique_entrez_id"
"3817186","85300","unique_entrez_id"
"3817222","27231","unique_entrez_id"
"3817256","51588","unique_entrez_id"
"3817316","84699","unique_entrez_id"
"3817380","10148","unique_entrez_id"
"3817400","55702","unique_entrez_id"
"3817420","56961","unique_entrez_id"
"3817437","79187","unique_entrez_id"
"3817464","84954","unique_entrez_id"
"3817501","10036","unique_entrez_id"
"3817546","84717","unique_entrez_id"
"3817584","","unmapped_entrez"
"3817602","105372249;126282","ambiguous_multiple_entrez"
"3817651","284424;407045","ambiguous_multiple_entrez"
"3817670","55527","unique_entrez_id"
"3817698","29128","unique_entrez_id"
"3817733","23030","unique_entrez_id"
"3817933","148066","unique_entrez_id"
"3817984","6294;9667","ambiguous_multiple_entrez"
"3818047","374875","unique_entrez_id"
"3818076","25873","unique_entrez_id"
"3818091","257062","unique_entrez_id"
"3818142","4902","unique_entrez_id"
"3818193","828","unique_entrez_id"
"3818268","81616","unique_entrez_id"
"3818376","8192","unique_entrez_id"
"3818395","84266","unique_entrez_id"
"3818446","92359","unique_entrez_id"
"3818468","8744","unique_entrez_id"
"3818515","9322","unique_entrez_id"
"3818547","7409","unique_entrez_id"
"3818596","2015","unique_entrez_id"
"3818648","148156;79230","ambiguous_multiple_entrez"
"3818732","23370","unique_entrez_id"
"3818826","374877","unique_entrez_id"
"3818842","140467","unique_entrez_id"
"3818860","57192","unique_entrez_id"
"3818897","10908","unique_entrez_id"
"3819016","100131801;6813","ambiguous_multiple_entrez"
"3819076","56729","unique_entrez_id"
"3819088","199675","unique_entrez_id"
"3819104","126003","unique_entrez_id"
"3819130","10332;30835","ambiguous_multiple_entrez"
"3819200","115704","unique_entrez_id"
"3819248","80131","unique_entrez_id"
"3819263","100507588;5609","ambiguous_multiple_entrez"
"3819312","6618","unique_entrez_id"
"3819374","6370","unique_entrez_id"
"3819401","79603","unique_entrez_id"
"3819474","51129","unique_entrez_id"
"3819505","9230","unique_entrez_id"
"3819522","51257","unique_entrez_id"
"3819543","4670","unique_entrez_id"
"3819544","","unmapped_entrez"
"3819546","","unmapped_entrez"
"3819550","","unmapped_entrez"
"3819562","","unmapped_entrez"
"3819563","","unmapped_entrez"
"3819564","","unmapped_entrez"
"3819565","","unmapped_entrez"
"3819566","","unmapped_entrez"
"3819568","","unmapped_entrez"
"3819569","","unmapped_entrez"
"3819571","","unmapped_entrez"
"3819572","","unmapped_entrez"
"3819573","","unmapped_entrez"
"3819574","","unmapped_entrez"
"3819577","","unmapped_entrez"
"3819579","","unmapped_entrez"
"3819582","","unmapped_entrez"
"3819584","","unmapped_entrez"
"3819585","","unmapped_entrez"
"3819587","","unmapped_entrez"
"3819595","","unmapped_entrez"
"3819597","","unmapped_entrez"
"3819599","","unmapped_entrez"
"3819600","","unmapped_entrez"
"3819602","","unmapped_entrez"
"3819603","","unmapped_entrez"
"3819605","","unmapped_entrez"
"3819607","","unmapped_entrez"
"3819608","","unmapped_entrez"
"3819609","","unmapped_entrez"
"3819611","","unmapped_entrez"
"3819613","","unmapped_entrez"
"3819615","","unmapped_entrez"
"3819617","","unmapped_entrez"
"3819619","","unmapped_entrez"
"3819621","","unmapped_entrez"
"3819623","","unmapped_entrez"
"3819625","","unmapped_entrez"
"3819627","","unmapped_entrez"
"3819629","","unmapped_entrez"
"3819631","","unmapped_entrez"
"3819633","","unmapped_entrez"
"3819635","","unmapped_entrez"
"3819637","","unmapped_entrez"
"3819639","","unmapped_entrez"
"3819641","","unmapped_entrez"
"3819643","","unmapped_entrez"
"3819645","","unmapped_entrez"
"3819647","","unmapped_entrez"
"3819649","","unmapped_entrez"
"3819651","","unmapped_entrez"
"3819653","","unmapped_entrez"
"3819655","","unmapped_entrez"
"3819657","","unmapped_entrez"
"3819659","","unmapped_entrez"
"3819661","","unmapped_entrez"
"3819663","","unmapped_entrez"
"3819665","","unmapped_entrez"
"3819667","","unmapped_entrez"
"3819669","","unmapped_entrez"
"3819671","","unmapped_entrez"
"3819673","","unmapped_entrez"
"3819675","","unmapped_entrez"
"3819677","","unmapped_entrez"
"3819679","","unmapped_entrez"
"3819681","","unmapped_entrez"
"3819683","","unmapped_entrez"
"3819685","","unmapped_entrez"
"3819687","","unmapped_entrez"
"3819689","","unmapped_entrez"
"3819691","","unmapped_entrez"
"3819693","","unmapped_entrez"
"3819695","","unmapped_entrez"
"3819697","","unmapped_entrez"
"3819699","","unmapped_entrez"
"3819701","","unmapped_entrez"
"3819703","","unmapped_entrez"
"3819705","","unmapped_entrez"
"3819707","","unmapped_entrez"
"3819709","","unmapped_entrez"
"3819711","","unmapped_entrez"
"3819713","","unmapped_entrez"
"3819715","","unmapped_entrez"
"3819717","","unmapped_entrez"
"3819719","","unmapped_entrez"
"3819721","","unmapped_entrez"
"3819723","","unmapped_entrez"
"3819725","","unmapped_entrez"
"3819727","","unmapped_entrez"
"3819729","","unmapped_entrez"
"3819731","","unmapped_entrez"
"3819733","","unmapped_entrez"
"3819735","","unmapped_entrez"
"3819737","","unmapped_entrez"
"3819739","","unmapped_entrez"
"3819741","","unmapped_entrez"
"3819743","","unmapped_entrez"
"3819745","","unmapped_entrez"
"3819747","","unmapped_entrez"
"3819749","","unmapped_entrez"
"3819751","","unmapped_entrez"
"3819753","","unmapped_entrez"
"3819755","","unmapped_entrez"
"3819757","","unmapped_entrez"
"3819759","","unmapped_entrez"
"3819761","","unmapped_entrez"
"3819763","","unmapped_entrez"
"3819765","","unmapped_entrez"
"3819767","","unmapped_entrez"
"3819769","","unmapped_entrez"
"3819771","","unmapped_entrez"
"3819773","","unmapped_entrez"
"3819775","","unmapped_entrez"
"3819820","284383","unique_entrez_id"
"3819845","85509","unique_entrez_id"
"3819870","125963","unique_entrez_id"
"3819880","57693","unique_entrez_id"
"3819968","100529215;7730;84527","ambiguous_multiple_entrez"
"3820161","59286","unique_entrez_id"
"3820177","5300","unique_entrez_id"
"3820217","50700","unique_entrez_id"
"3820310","55337","unique_entrez_id"
"3820342","56342;692229;692312","ambiguous_multiple_entrez"
"3820370","5032;692312","ambiguous_multiple_entrez"
"3820414","51073","unique_entrez_id"
"3820443","3383","unique_entrez_id"
"3820458","3386","unique_entrez_id"
"3820469","7087","unique_entrez_id"
"3820501","5141","unique_entrez_id"
"3820571","84971","unique_entrez_id"
"3820612","57153","unique_entrez_id"
"3820663","3609","unique_entrez_id"
"3820727","81890","unique_entrez_id"
"3820758","1785","unique_entrez_id"
"3820865","10498","unique_entrez_id"
"3820906","90580","unique_entrez_id"
"3820921","6597","unique_entrez_id"
"3821015","3949","unique_entrez_id"
"3821079","55908","unique_entrez_id"
"3821095","26526","unique_entrez_id"
"3821159","64748","unique_entrez_id"
"3821183","126074","unique_entrez_id"
"3821200","5589","unique_entrez_id"
"3821263","1264","unique_entrez_id"
"3821301","199692","unique_entrez_id"
"3821323","284390;401898;7620;90592;90594","ambiguous_multiple_entrez"
"3821377","126068","unique_entrez_id"
"3821392","126069","unique_entrez_id"
"3821410","126070","unique_entrez_id"
"3821479","90594","unique_entrez_id"
"3821603","100289333;163049;284391","ambiguous_multiple_entrez"
"3821701","","unmapped_entrez"
"3821727","7695","unique_entrez_id"
"3821805","84292","unique_entrez_id"
"3821847","439","unique_entrez_id"
"3821869","54831","unique_entrez_id"
"3821893","3726","unique_entrez_id"
"3821908","10535","unique_entrez_id"
"3821937","22983","unique_entrez_id"
"3821995","2639","unique_entrez_id"
"3822049","811","unique_entrez_id"
"3822074","5886","unique_entrez_id"
"3822100","199699","unique_entrez_id"
"3822122","4784","unique_entrez_id"
"3822195","112939","unique_entrez_id"
"3822216","9592","unique_entrez_id"
"3822287","81576","unique_entrez_id"
"3822322","84245","unique_entrez_id"
"3822347","28974","unique_entrez_id"
"3822444","54862","unique_entrez_id"
"3822501","90379","unique_entrez_id"
"3822541","117579","unique_entrez_id"
"3822551","9466","unique_entrez_id"
"3822657","30817;976","ambiguous_multiple_entrez"
"3822723","5585","unique_entrez_id"
"3822805","693224;9524","ambiguous_multiple_entrez"
"3822849","388512","unique_entrez_id"
"3822875","84449","unique_entrez_id"
"3822920","","unmapped_entrez"
"3822949","26658","unique_entrez_id"
"3822961","126402","unique_entrez_id"
"3822976","23581","unique_entrez_id"
"3823007","126370","unique_entrez_id"
"3823019","85360","unique_entrez_id"
"3823210","126410","unique_entrez_id"
"3823262","11283","unique_entrez_id"
"3823304","4051;66002;8529","ambiguous_multiple_entrez"
"3823340","66002","unique_entrez_id"
"3823379","26538","unique_entrez_id"
"3823390","26532","unique_entrez_id"
"3823456","126541","unique_entrez_id"
"3823488","148231","unique_entrez_id"
"3823554","4218","unique_entrez_id"
"3823583","84941","unique_entrez_id"
"3823613","26017","unique_entrez_id"
"3823625","8907","unique_entrez_id"
"3823681","10365","unique_entrez_id"
"3823752","84167","unique_entrez_id"
"3823842","79041","unique_entrez_id"
"3823901","23309","unique_entrez_id"
"3823957","9002","unique_entrez_id"
"3823982","4650","unique_entrez_id"
"3824103","55850","unique_entrez_id"
"3824124","79629","unique_entrez_id"
"3824153","29086","unique_entrez_id"
"3824178","126549","unique_entrez_id"
"3824197","64981","unique_entrez_id"
"3824212","79016","unique_entrez_id"
"3824226","84705","unique_entrez_id"
"3824259","376497","unique_entrez_id"
"3824316","93343","unique_entrez_id"
"3824395","25796","unique_entrez_id"
"3824427","199786","unique_entrez_id"
"3824471","79709","unique_entrez_id"
"3824497","55201","unique_entrez_id"
"3824540","23149","unique_entrez_id"
"3824596","10331","unique_entrez_id"
"3824623","6528","unique_entrez_id"
"3824648","115098","unique_entrez_id"
"3824666","3780","unique_entrez_id"
"3824713","27106","unique_entrez_id"
"3824838","5296","unique_entrez_id"
"3824874","10437","unique_entrez_id"
"3824890","84769","unique_entrez_id"
"3824963","23770;54858","ambiguous_multiple_entrez"
"3824983","54858","unique_entrez_id"
"3824993","100422943;9518","ambiguous_multiple_entrez"
"3825013","170463","unique_entrez_id"
"3825141","79036","unique_entrez_id"
"3825153","","unmapped_entrez"
"3825154","","unmapped_entrez"
"3825155","","unmapped_entrez"
"3825156","","unmapped_entrez"
"3825159","","unmapped_entrez"
"3825161","","unmapped_entrez"
"3825162","","unmapped_entrez"
"3825163","","unmapped_entrez"
"3825164","","unmapped_entrez"
"3825166","","unmapped_entrez"
"3825168","","unmapped_entrez"
"3825170","","unmapped_entrez"
"3825172","","unmapped_entrez"
"3825174","","unmapped_entrez"
"3825176","","unmapped_entrez"
"3825178","","unmapped_entrez"
"3825180","","unmapped_entrez"
"3825182","","unmapped_entrez"
"3825184","","unmapped_entrez"
"3825186","","unmapped_entrez"
"3825188","","unmapped_entrez"
"3825190","","unmapped_entrez"
"3825192","","unmapped_entrez"
"3825194","","unmapped_entrez"
"3825196","","unmapped_entrez"
"3825198","","unmapped_entrez"
"3825200","","unmapped_entrez"
"3825201","7311","unique_entrez_id"
"3825225","55049","unique_entrez_id"
"3825244","25789","unique_entrez_id"
"3825260","55295","unique_entrez_id"
"3825292","23373","unique_entrez_id"
"3825383","5976","unique_entrez_id"
"3825446","54555","unique_entrez_id"
"3825496","93436","unique_entrez_id"
"3825523","284439","unique_entrez_id"
"3825586","8625","unique_entrez_id"
"3825609","1463","unique_entrez_id"
"3825650","23383","unique_entrez_id"
"3825713","54815","unique_entrez_id"
"3825823","51079","unique_entrez_id"
"3825838","374887;51079","ambiguous_multiple_entrez"
"3825860","148113","unique_entrez_id"
"3825911","94039","unique_entrez_id"
"3826041","199777;56242","ambiguous_multiple_entrez"
"3826079","199777;440515;56242;7643;81931","ambiguous_multiple_entrez"
"3826306","7617;7639","ambiguous_multiple_entrez"
"3826417","148206;80264","ambiguous_multiple_entrez"
"3826504","170959","unique_entrez_id"
"3826542","148203","unique_entrez_id"
"3826601","284443","unique_entrez_id"
"3826656","353088;400680","ambiguous_multiple_entrez"
"3826803","100287226;113835;148198;57615;7652","ambiguous_multiple_entrez"
"3827218","220885;388524;3921;653162;730029","ambiguous_multiple_entrez"
"3827427","9534","unique_entrez_id"
"3828032","10775","unique_entrez_id"
"3828067","79156","unique_entrez_id"
"3828112","898","unique_entrez_id"
"3828162","8725","unique_entrez_id"
"3828278","9745","unique_entrez_id"
"3828887","22847","unique_entrez_id"
"3828949","147991","unique_entrez_id"
"3829020","9141","unique_entrez_id"
"3829049","388531","unique_entrez_id"
"3829150","","unmapped_entrez"
"3829160","91442","unique_entrez_id"
"3829174","55094","unique_entrez_id"
"3829215","126248","unique_entrez_id"
"3829242","4037","unique_entrez_id"
"3829300","80054","unique_entrez_id"
"3829313","1054","unique_entrez_id"
"3829398","64377","unique_entrez_id"
"3829471","79047","unique_entrez_id"
"3829575","26065","unique_entrez_id"
"3829638","9710","unique_entrez_id"
"3829687","2821","unique_entrez_id"
"3829751","84306","unique_entrez_id"
"3829768","10054;81567","ambiguous_multiple_entrez"
"3829857","339318;55900","ambiguous_multiple_entrez"
"3829932","","unmapped_entrez"
"3829964","90075","unique_entrez_id"
"3830002","57655","unique_entrez_id"
"3830051","6324","unique_entrez_id"
"3830065","3249","unique_entrez_id"
"3830160","","unmapped_entrez"
"3830166","5349","unique_entrez_id"
"3830189","5348","unique_entrez_id"
"3830205","53822","unique_entrez_id"
"3830216","53827","unique_entrez_id"
"3830246","105372380;51599","ambiguous_multiple_entrez"
"3830277","7392","unique_entrez_id"
"3830306","57817","unique_entrez_id"
"3830320","4099","unique_entrez_id"
"3830353","933","unique_entrez_id"
"3830359","933","unique_entrez_id"
"3830412","2864","unique_entrez_id"
"3830417","2865","unique_entrez_id"
"3830484","2867","unique_entrez_id"
"3830509","26330","unique_entrez_id"
"3830530","10430","unique_entrez_id"
"3830571","23354","unique_entrez_id"
"3830612","79171","unique_entrez_id"
"3830649","1340","unique_entrez_id"
"3830680","27033","unique_entrez_id"
"3830712","9757","unique_entrez_id"
"3830789","55851;55957","ambiguous_multiple_entrez"
"3830825","148137","unique_entrez_id"
"3830864","115703","unique_entrez_id"
"3830925","84063","unique_entrez_id"
"3830961","333","unique_entrez_id"
"3830993","10870","unique_entrez_id"
"3831006","79414","unique_entrez_id"
"3831062","284403","unique_entrez_id"
"3831143","1155","unique_entrez_id"
"3831168","826","unique_entrez_id"
"3831169","","unmapped_entrez"
"3831171","","unmapped_entrez"
"3831173","","unmapped_entrez"
"3831175","","unmapped_entrez"
"3831176","","unmapped_entrez"
"3831177","","unmapped_entrez"
"3831178","","unmapped_entrez"
"3831179","","unmapped_entrez"
"3831183","","unmapped_entrez"
"3831184","","unmapped_entrez"
"3831185","","unmapped_entrez"
"3831186","","unmapped_entrez"
"3831188","","unmapped_entrez"
"3831190","","unmapped_entrez"
"3831192","","unmapped_entrez"
"3831193","","unmapped_entrez"
"3831195","","unmapped_entrez"
"3831199","","unmapped_entrez"
"3831201","","unmapped_entrez"
"3831203","","unmapped_entrez"
"3831205","","unmapped_entrez"
"3831207","","unmapped_entrez"
"3831209","","unmapped_entrez"
"3831211","","unmapped_entrez"
"3831213","","unmapped_entrez"
"3831215","","unmapped_entrez"
"3831217","","unmapped_entrez"
"3831219","","unmapped_entrez"
"3831221","","unmapped_entrez"
"3831223","","unmapped_entrez"
"3831225","","unmapped_entrez"
"3831227","","unmapped_entrez"
"3831229","","unmapped_entrez"
"3831231","","unmapped_entrez"
"3831233","","unmapped_entrez"
"3831235","","unmapped_entrez"
"3831237","","unmapped_entrez"
"3831239","","unmapped_entrez"
"3831241","","unmapped_entrez"
"3831243","","unmapped_entrez"
"3831260","7705","unique_entrez_id"
"3831272","","unmapped_entrez"
"3831274","","unmapped_entrez"
"3831275","","unmapped_entrez"
"3831276","","unmapped_entrez"
"3831277","","unmapped_entrez"
"3831278","","unmapped_entrez"
"3831280","","unmapped_entrez"
"3831282","","unmapped_entrez"
"3831284","","unmapped_entrez"
"3831286","","unmapped_entrez"
"3831288","","unmapped_entrez"
"3831290","","unmapped_entrez"
"3831292","","unmapped_entrez"
"3831294","","unmapped_entrez"
"3831296","","unmapped_entrez"
"3831298","","unmapped_entrez"
"3831300","","unmapped_entrez"
"3831302","","unmapped_entrez"
"3831304","","unmapped_entrez"
"3831475","84911","unique_entrez_id"
"3831514","163081","unique_entrez_id"
"3831588","25850","unique_entrez_id"
"3831620","374900","unique_entrez_id"
"3831698","147923","unique_entrez_id"
"3831774","163087","unique_entrez_id"
"3831831","284459","unique_entrez_id"
"3831917","148268","unique_entrez_id"
"3831945","390927","unique_entrez_id"
"3831975","100507433;163255","ambiguous_multiple_entrez"
"3832256","10653","unique_entrez_id"
"3832280","64073","unique_entrez_id"
"3832292","9424","unique_entrez_id"
"3832308","57828","unique_entrez_id"
"3832383","5714","unique_entrez_id"
"3832435","147965","unique_entrez_id"
"3832457","6261","unique_entrez_id"
"3832616","27335","unique_entrez_id"
"3832643","81","unique_entrez_id"
"3832760","4793","unique_entrez_id"
"3832777","6183","unique_entrez_id"
"3832805","390928","unique_entrez_id"
"3832830","10298","unique_entrez_id"
"3832865","342897","unique_entrez_id"
"3832887","101180976;282616;282617","ambiguous_multiple_entrez"
"3832906","282618","unique_entrez_id"
"3832918","55095","unique_entrez_id"
"3832964","55588","unique_entrez_id"
"3832978","7538","unique_entrez_id"
"3832992","64857","unique_entrez_id"
"3833040","6829","unique_entrez_id"
"3833093","92609","unique_entrez_id"
"3833122","10683","unique_entrez_id"
"3833141","348303","unique_entrez_id"
"3833183","100129935;148003;29124","ambiguous_multiple_entrez"
"3833214","400696","unique_entrez_id"
"3833238","56891","unique_entrez_id"
"3833291","5704","unique_entrez_id"
"3833323","339327","unique_entrez_id"
"3833402","4294","unique_entrez_id"
"3833443","23646","unique_entrez_id"
"3833500","57731","unique_entrez_id"
"3833583","92799","unique_entrez_id"
"3833620","8425","unique_entrez_id"
"3833728","80271","unique_entrez_id"
"3833757","6626","unique_entrez_id"
"3833793","100529262;100529264;53916;8190","ambiguous_multiple_entrez"
"3833827","100529264;112398","ambiguous_multiple_entrez"
"3833893","1555;1556","ambiguous_multiple_entrez"
"3833926","1555;1556","ambiguous_multiple_entrez"
"3833948","1548;1549;1550;1553","ambiguous_multiple_entrez"
"3833967","1572","unique_entrez_id"
"3833992","171523;29785","ambiguous_multiple_entrez"
"3834046","558","unique_entrez_id"
"3834089","11100","unique_entrez_id"
"3834149","90324","unique_entrez_id"
"3834176","641649","unique_entrez_id"
"3834257","105372404;90273","ambiguous_multiple_entrez"
"3834341","1048","unique_entrez_id"
"3834379","4680","unique_entrez_id"
"3834405","1084","unique_entrez_id"
"3834439","63946","unique_entrez_id"
"3834465","6223","unique_entrez_id"
"3834502","973","unique_entrez_id"
"3834519","9138","unique_entrez_id"
"3834599","64763","unique_entrez_id"
"3834651","116115","unique_entrez_id"
"3834674","23152","unique_entrez_id"
"3834732","284338","unique_entrez_id"
"3834744","284339","unique_entrez_id"
"3834778","1954","unique_entrez_id"
"3834837","1954","unique_entrez_id"
"3835035","57126","unique_entrez_id"
"3835060","83639","unique_entrez_id"
"3835085","284346","unique_entrez_id"
"3835131","79177","unique_entrez_id"
"3835178","56269","unique_entrez_id"
"3835280","7638","unique_entrez_id"
"3835318","7673;7711","ambiguous_multiple_entrez"
"3835339","7773","unique_entrez_id"
"3835361","7673","unique_entrez_id"
"3835372","7766","unique_entrez_id"
"3835418","7767","unique_entrez_id"
"3835440","7768","unique_entrez_id"
"3835467","10780","unique_entrez_id"
"3835494","7769","unique_entrez_id"
"3835544","7770","unique_entrez_id"
"3835565","353355","unique_entrez_id"
"3835645","5817","unique_entrez_id"
"3835675","56971;5817","ambiguous_multiple_entrez"
"3835726","602","unique_entrez_id"
"3835751","23624","unique_entrez_id"
"3835777","4059","unique_entrez_id"
"3835814","5819","unique_entrez_id"
"3835855","10452","unique_entrez_id"
"3835879","348","unique_entrez_id"
"3835891","341;342","ambiguous_multiple_entrez"
"3835911","100533990;346","ambiguous_multiple_entrez"
"3835923","100533990;344","ambiguous_multiple_entrez"
"3835935","1209","unique_entrez_id"
"3835966","5971","unique_entrez_id"
"3835983","11129","unique_entrez_id"
"3836044","79760","unique_entrez_id"
"3836057","284352","unique_entrez_id"
"3836135","388552","unique_entrez_id"
"3836156","57787","unique_entrez_id"
"3836217","147700","unique_entrez_id"
"3836243","10849","unique_entrez_id"
"3836266","2354","unique_entrez_id"
"3836299","147699","unique_entrez_id"
"3836317","7408","unique_entrez_id"
"3836401","2696","unique_entrez_id"
"3836432","54814","unique_entrez_id"
"3836534","3171","unique_entrez_id"
"3836614","147920;93429","ambiguous_multiple_entrez"
"3836686","374918","unique_entrez_id"
"3836705","64344","unique_entrez_id"
"3836760","5536","unique_entrez_id"
"3836841","808","unique_entrez_id"
"3836903","79147","unique_entrez_id"
"3836946","","unmapped_entrez"
"3837001","2909","unique_entrez_id"
"3837081","4861","unique_entrez_id"
"3837132","10055;341056","ambiguous_multiple_entrez"
"3837193","26093","unique_entrez_id"
"3837232","255783","unique_entrez_id"
"3837257","728","unique_entrez_id"
"3837269","27202","unique_entrez_id"
"3837276","9704","unique_entrez_id"
"3837372","29998","unique_entrez_id"
"3837431","30846","unique_entrez_id"
"3837464","29997;440311;692091","ambiguous_multiple_entrez"
"3837504","6415","unique_entrez_id"
"3837536","1406;284355","ambiguous_multiple_entrez"
"3837602","64100","unique_entrez_id"
"3837664","374920","unique_entrez_id"
"3837707","163071","unique_entrez_id"
"3837731","2014","unique_entrez_id"
"3837744","23546","unique_entrez_id"
"3837759","2906","unique_entrez_id"
"3837796","83743","unique_entrez_id"
"3837825","3770","unique_entrez_id"
"3837836","9266","unique_entrez_id"
"3837866","6820","unique_entrez_id"
"3837889","171169","unique_entrez_id"
"3837895","56848","unique_entrez_id"
"3837934","2524;653677","ambiguous_multiple_entrez"
"3837984","26291","unique_entrez_id"
"3838004","23645","unique_entrez_id"
"3838052","27294","unique_entrez_id"
"3838067","581","unique_entrez_id"
"3838094","2512","unique_entrez_id"
"3838118","10856","unique_entrez_id"
"3838185","6625","unique_entrez_id"
"3838238","64130","unique_entrez_id"
"3838254","8541","unique_entrez_id"
"3838317","54795","unique_entrez_id"
"3838385","951","unique_entrez_id"
"3838420","","unmapped_entrez"
"3838425","27120","unique_entrez_id"
"3838444","147872","unique_entrez_id"
"3838522","126133","unique_entrez_id"
"3838556","2323","unique_entrez_id"
"3838608","","unmapped_entrez"
"3838609","","unmapped_entrez"
"3838612","","unmapped_entrez"
"3838615","","unmapped_entrez"
"3838619","","unmapped_entrez"
"3838624","2217;57479","ambiguous_multiple_entrez"
"3838665","57333","unique_entrez_id"
"3838683","5639","unique_entrez_id"
"3838757","58506","unique_entrez_id"
"3838795","100289095;83596","ambiguous_multiple_entrez"
"3838809","199800;3276","ambiguous_multiple_entrez"
"3838845","126129","unique_entrez_id"
"3838886","160","unique_entrez_id"
"3838947","81857","unique_entrez_id"
"3839006","100616313;53635","ambiguous_multiple_entrez"
"3839057","100616314;79735","ambiguous_multiple_entrez"
"3839103","100616483;22809","ambiguous_multiple_entrez"
"3839142","25888","unique_entrez_id"
"3839171","400710","unique_entrez_id"
"3839206","79784","unique_entrez_id"
"3839276","105372437;7376","ambiguous_multiple_entrez"
"3839305","5424","unique_entrez_id"
"3839346","6689","unique_entrez_id"
"3839360","4606","unique_entrez_id"
"3839400","284361","unique_entrez_id"
"3839464","6320","unique_entrez_id"
"3839489","2854","unique_entrez_id"
"3839499","93650","unique_entrez_id"
"3839524","284365","unique_entrez_id"
"3839538","354","unique_entrez_id"
"3839563","3817","unique_entrez_id"
"3839619","27180","unique_entrez_id"
"3839642","27036","unique_entrez_id"
"3839718","945","unique_entrez_id"
"3839741","284369","unique_entrez_id"
"3839818","7728","unique_entrez_id"
"3839880","147650","unique_entrez_id"
"3839910","2358","unique_entrez_id"
"3839920","2359","unique_entrez_id"
"3839955","79898","unique_entrez_id"
"3840051","","unmapped_entrez"
"3840058","105372449;5518","ambiguous_multiple_entrez"
"3840142","147657","unique_entrez_id"
"3840164","162963","unique_entrez_id"
"3840194","400713","unique_entrez_id"
"3840224","84436","unique_entrez_id"
"3840253","147658","unique_entrez_id"
"3840286","147660","unique_entrez_id"
"3840327","388558","unique_entrez_id"
"3840372","55762","unique_entrez_id"
"3840406","7696","unique_entrez_id"
"3840554","107985332","unique_entrez_id"
"3840562","100271846;147664","ambiguous_multiple_entrez"
"3840642","390963","unique_entrez_id"
"3840666","317701","unique_entrez_id"
"3840795","388561;91661;91664","ambiguous_multiple_entrez"
"3840857","147804","unique_entrez_id"
"3840883","126017;388561;91661;91664","ambiguous_multiple_entrez"
"3840944","126017;170958;91661;91664","ambiguous_multiple_entrez"
"3840952","55422","unique_entrez_id"
"3841076","91663","unique_entrez_id"
"3841102","5582","unique_entrez_id"
"3841134","59284","unique_entrez_id"
"3841157","100126325;59283","ambiguous_multiple_entrez"
"3841184","59285","unique_entrez_id"
"3841198","4696","unique_entrez_id"
"3841231","26121","unique_entrez_id"
"3841260","4849","unique_entrez_id"
"3841310","79042","unique_entrez_id"
"3841357","105372461;11027;90011","ambiguous_multiple_entrez"
"3841439","57348","unique_entrez_id"
"3841474","114823","unique_entrez_id"
"3841506","3903;3904","ambiguous_multiple_entrez"
"3841525","90011","unique_entrez_id"
"3841545","10288;10859;11024;11026;11027","ambiguous_multiple_entrez"
"3841574","10859","unique_entrez_id"
"3841621","11006","unique_entrez_id"
"3841684","79166","unique_entrez_id"
"3841756","3802;3804;3806","ambiguous_multiple_entrez"
"3841777","3805;3811;3812","ambiguous_multiple_entrez"
"3841862","2204","unique_entrez_id"
"3841881","9437","unique_entrez_id"
"3841901","55655","unique_entrez_id"
"3841949","54869","unique_entrez_id"
"3842059","84446","unique_entrez_id"
"3842105","84787","unique_entrez_id"
"3842130","147744","unique_entrez_id"
"3842141","102465483;6158","ambiguous_multiple_entrez"
"3842145","","unmapped_entrez"
"3842146","","unmapped_entrez"
"3842147","","unmapped_entrez"
"3842151","","unmapped_entrez"
"3842152","","unmapped_entrez"
"3842154","","unmapped_entrez"
"3842156","","unmapped_entrez"
"3842157","","unmapped_entrez"
"3842264","57106","unique_entrez_id"
"3842278","147807","unique_entrez_id"
"3842301","51545","unique_entrez_id"
"3842315","51157","unique_entrez_id"
"3842327","29903","unique_entrez_id"
"3842345","11338","unique_entrez_id"
"3842379","29924","unique_entrez_id"
"3842456","147945","unique_entrez_id"
"3842481","126205","unique_entrez_id"
"3842504","126206","unique_entrez_id"
"3842558","55311","unique_entrez_id"
"3842590","85569","unique_entrez_id"
"3842675","147947;283788","ambiguous_multiple_entrez"
"3842724","147949","unique_entrez_id"
"3842755","100128252","unique_entrez_id"
"3842768","57573","unique_entrez_id"
"3842794","140612","unique_entrez_id"
"3842839","388566","unique_entrez_id"
"3842869","58491","unique_entrez_id"
"3843027","57663","unique_entrez_id"
"3843058","125919;390980;9422","ambiguous_multiple_entrez"
"3843122","390980;6795","ambiguous_multiple_entrez"
"3843156","10794","unique_entrez_id"
"3843180","57343","unique_entrez_id"
"3843188","10597;284306;6399","ambiguous_multiple_entrez"
"3843214","147694","unique_entrez_id"
"3843233","7565","unique_entrez_id"
"3843275","374928;388567;79744","ambiguous_multiple_entrez"
"3843321","374928;79744","ambiguous_multiple_entrez"
"3843346","256051","unique_entrez_id"
"3843386","348327","unique_entrez_id"
"3843399","10520;7693","ambiguous_multiple_entrez"
"3843419","10520","unique_entrez_id"
"3843452","201516","unique_entrez_id"
"3843463","284309;90233","ambiguous_multiple_entrez"
"3843525","54807","unique_entrez_id"
"3843566","100293516;100874260;147687;284312;84914","ambiguous_multiple_entrez"
"3843662","147687;84914","ambiguous_multiple_entrez"
"3843677","","unmapped_entrez"
"3843690","284312","unique_entrez_id"
"3843742","7694","unique_entrez_id"
"3843797","10782","unique_entrez_id"
"3843848","27300","unique_entrez_id"
"3843906","108903150;7554","ambiguous_multiple_entrez"
"3843934","105372481","unique_entrez_id"
"3843947","342945","unique_entrez_id"
"3844019","","unmapped_entrez"
"3844021","","unmapped_entrez"
"3844024","","unmapped_entrez"
"3844026","","unmapped_entrez"
"3844027","","unmapped_entrez"
"3844028","","unmapped_entrez"
"3844031","","unmapped_entrez"
"3844033","","unmapped_entrez"
"3844035","","unmapped_entrez"
"3844037","","unmapped_entrez"
"3844039","","unmapped_entrez"
"3844041","","unmapped_entrez"
"3844043","","unmapped_entrez"
"3844045","","unmapped_entrez"
"3844047","","unmapped_entrez"
"3844049","","unmapped_entrez"
"3844051","","unmapped_entrez"
"3844053","","unmapped_entrez"
"3844055","","unmapped_entrez"
"3844057","","unmapped_entrez"
"3844059","","unmapped_entrez"
"3844061","","unmapped_entrez"
"3844063","","unmapped_entrez"
"3844065","","unmapped_entrez"
"3844067","","unmapped_entrez"
"3844094","201514","unique_entrez_id"
"3844132","388569","unique_entrez_id"
"3844152","25799;388569","ambiguous_multiple_entrez"
"3844175","55663","unique_entrez_id"
"3844238","10155;102465976","ambiguous_multiple_entrez"
"3844297","101929828;118433;284593;284942;388574;644128;65996","ambiguous_multiple_entrez"
"3844470","8612","unique_entrez_id"
"3844486","54531","unique_entrez_id"
"3844512","51298","unique_entrez_id"
"3844603","284451","unique_entrez_id"
"3844656","5442","unique_entrez_id"
"3844699","","unmapped_entrez"
"3844704","376412;55658","ambiguous_multiple_entrez"
"3844744","400668","unique_entrez_id"
"3844781","79948","unique_entrez_id"
"3844822","10025","unique_entrez_id"
"3844855","91300","unique_entrez_id"
"3844897","91304","unique_entrez_id"
"3844952","5434","unique_entrez_id"
"3844978","22904","unique_entrez_id"
"3845081","255057","unique_entrez_id"
"3845120","148046","unique_entrez_id"
"3845175","2593","unique_entrez_id"
"3845210","148223","unique_entrez_id"
"3845229","54760","unique_entrez_id"
"3845263","339366","unique_entrez_id"
"3845296","399664","unique_entrez_id"
"3845315","53615","unique_entrez_id"
"3845352","10975","unique_entrez_id"
"3845365","6929","unique_entrez_id"
"3845439","148229","unique_entrez_id"
"3845495","100302210;57455","ambiguous_multiple_entrez"
"3845553","83855","unique_entrez_id"
"3845581","81926","unique_entrez_id"
"3845611","255193","unique_entrez_id"
"3845620","55643","unique_entrez_id"
"3845647","2872","unique_entrez_id"
"3845681","126308","unique_entrez_id"
"3845708","8943","unique_entrez_id"
"3845782","100302283;102466736;55111","ambiguous_multiple_entrez"
"3845810","105372240;126306","ambiguous_multiple_entrez"
"3845833","374872","unique_entrez_id"
"3845868","51690","unique_entrez_id"
"3845899","26517","unique_entrez_id"
"3845909","102466806;84823","ambiguous_multiple_entrez"
"3845944","2788","unique_entrez_id"
"3845990","148252","unique_entrez_id"
"3845998","29985","unique_entrez_id"
"3846011","6449","unique_entrez_id"
"3846065","58492","unique_entrez_id"
"3846076","7089","unique_entrez_id"
"3846114","166","unique_entrez_id"
"3846214","83475","unique_entrez_id"
"3846238","126321","unique_entrez_id"
"3846280","6915","unique_entrez_id"
"3846316","23396","unique_entrez_id"
"3846363","9546","unique_entrez_id"
"3846390","84839","unique_entrez_id"
"3846403","4145","unique_entrez_id"
"3846507","1613;693222","ambiguous_multiple_entrez"
"3846538","1938;26812","ambiguous_multiple_entrez"
"3846589","","unmapped_entrez"
"3846594","51341","unique_entrez_id"
"3846638","407835;5605","ambiguous_multiple_entrez"
"3846667","51548","unique_entrez_id"
"3846695","126259","unique_entrez_id"
"3846709","55620","unique_entrez_id"
"3846742","6455","unique_entrez_id"
"3846783","80700","unique_entrez_id"
"3846831","116844;440503","ambiguous_multiple_entrez"
"3846860","10501","unique_entrez_id"
"3846900","56005","unique_entrez_id"
"3846926","91039","unique_entrez_id"
"3846982","148022","unique_entrez_id"
"3847005","10226","unique_entrez_id"
"3847112","5802","unique_entrez_id"
"3847225","257000","unique_entrez_id"
"3847252","6294;9667","ambiguous_multiple_entrez"
"3847338","125988","unique_entrez_id"
"3847356","9361","unique_entrez_id"
"3847408","163154","unique_entrez_id"
"3847420","56931","unique_entrez_id"
"3847462","2525;2527;2528","ambiguous_multiple_entrez"
"3847486","2525;2527","ambiguous_multiple_entrez"
"3847503","2525;2527;2528","ambiguous_multiple_entrez"
"3847515","126328","unique_entrez_id"
"3847538","8498","unique_entrez_id"
"3847590","5990","unique_entrez_id"
"3847703","4298","unique_entrez_id"
"3847754","125981","unique_entrez_id"
"3847774","5623","unique_entrez_id"
"3847782","102465473;2962","ambiguous_multiple_entrez"
"3847814","100500888;8570","ambiguous_multiple_entrez"
"3847858","284427","unique_entrez_id"
"3847873","284427;79085","ambiguous_multiple_entrez"
"3847906","79958","unique_entrez_id"
"3847959","10382","unique_entrez_id"
"3847989","970","unique_entrez_id"
"3848020","8740","unique_entrez_id"
"3848039","718","unique_entrez_id"
"3848118","102465474;56927","ambiguous_multiple_entrez"
"3848159","10045","unique_entrez_id"
"3848243","3643","unique_entrez_id"
"3848408","92960","unique_entrez_id"
"3848437","56949","unique_entrez_id"
"3848480","126006","unique_entrez_id"
"3848492","2208","unique_entrez_id"
"3848525","339390","unique_entrez_id"
"3848540","10332;30835","ambiguous_multiple_entrez"
"3848644","404217","unique_entrez_id"
"3848651","10469","unique_entrez_id"
"3848689","1994","unique_entrez_id"
"3848745","84467","unique_entrez_id"
"3848871","51293","unique_entrez_id"
"3848885","4701","unique_entrez_id"
"3848907","256949","unique_entrez_id"
"3848968","","unmapped_entrez"
"3848984","84106","unique_entrez_id"
"3849022","84330","unique_entrez_id"
"3849044","4542","unique_entrez_id"
"3849117","81794","unique_entrez_id"
"3849190","284382","unique_entrez_id"
"3849267","148156;79230","ambiguous_multiple_entrez"
"3849459","390882","unique_entrez_id"
"3849464","125962","unique_entrez_id"
"3849469","390883","unique_entrez_id"
"3849488","125958","unique_entrez_id"
"3849549","162993;374879;54811;729648;7675;79088;93134","ambiguous_multiple_entrez"
"3849688","10781","unique_entrez_id"
"3849730","147741","unique_entrez_id"
"3849752","79088","unique_entrez_id"
"3849773","","unmapped_entrez"
"3849797","54811;729648;93134","ambiguous_multiple_entrez"
"3849865","54850","unique_entrez_id"
"3849894","93145","unique_entrez_id"
"3849923","50509","unique_entrez_id"
"3850020","83854","unique_entrez_id"
"3850040","8666","unique_entrez_id"
"3850069","1786","unique_entrez_id"
"3850166","9294","unique_entrez_id"
"3850189","100125288;112812","ambiguous_multiple_entrez"
"3850234","125950","unique_entrez_id"
"3850261","3385","unique_entrez_id"
"3850278","7297","unique_entrez_id"
"3850331","100302213;11140","ambiguous_multiple_entrez"
"3850363","9817","unique_entrez_id"
"3850406","53637","unique_entrez_id"
"3850409","65095","unique_entrez_id"
"3850445","1032","unique_entrez_id"
"3850457","10053","unique_entrez_id"
"3850501","147727","unique_entrez_id"
"3850554","11018","unique_entrez_id"
"3850576","78992","unique_entrez_id"
"3850660","147841","unique_entrez_id"
"3850676","25959","unique_entrez_id"
"3850725","57572","unique_entrez_id"
"3850817","105372274;9545","ambiguous_multiple_entrez"
"3850832","374882","unique_entrez_id"
"3850859","2057;57139","ambiguous_multiple_entrez"
"3850929","115948","unique_entrez_id"
"3850960","1995","unique_entrez_id"
"3850990","115950","unique_entrez_id"
"3851020","51295","unique_entrez_id"
"3851055","84337","unique_entrez_id"
"3851072","54","unique_entrez_id"
"3851150","163059;55552","ambiguous_multiple_entrez"
"3851250","100529855;7568","ambiguous_multiple_entrez"
"3851267","100529855;90589","ambiguous_multiple_entrez"
"3851293","101928574;51710","ambiguous_multiple_entrez"
"3851353","147837","unique_entrez_id"
"3851374","10224;163050;163051","ambiguous_multiple_entrez"
"3851441","79973","unique_entrez_id"
"3851454","10224;90576","ambiguous_multiple_entrez"
"3851493","10224;90576","ambiguous_multiple_entrez"
"3851514","163050;57474","ambiguous_multiple_entrez"
"3851545","4125","unique_entrez_id"
"3851589","51398","unique_entrez_id"
"3851603","1725","unique_entrez_id"
"3851630","84261","unique_entrez_id"
"3851651","106633804;26810;30000","ambiguous_multiple_entrez"
"3851703","79002","unique_entrez_id"
"3851720","29911","unique_entrez_id"
"3851776","7001","unique_entrez_id"
"3851801","83546","unique_entrez_id"
"3851826","1777","unique_entrez_id"
"3851840","10661","unique_entrez_id"
"3851868","2193","unique_entrez_id"
"3851911","90480","unique_entrez_id"
"3852022","4066","unique_entrez_id"
"3852034","55621","unique_entrez_id"
"3852079","8677","unique_entrez_id"
"3852133","773","unique_entrez_id"
"3852345","79173","unique_entrez_id"
"3852381","79883","unique_entrez_id"
"3852407","5989","unique_entrez_id"
"3852507","90378","unique_entrez_id"
"3852529","5566","unique_entrez_id"
"3852565","55723","unique_entrez_id"
"3852581","22859","unique_entrez_id"
"3852586","22859","unique_entrez_id"
"3852691","10212","unique_entrez_id"
"3852735","5731","unique_entrez_id"
"3852743","10755","unique_entrez_id"
"3852783","3337","unique_entrez_id"
"3852823","4713","unique_entrez_id"
"3852832","3688;84658","ambiguous_multiple_entrez"
"3852880","30817;976","ambiguous_multiple_entrez"
"3852944","26664","unique_entrez_id"
"3852953","26659","unique_entrez_id"
"3852966","390892","unique_entrez_id"
"3853008","26333","unique_entrez_id"
"3853036","6511","unique_entrez_id"
"3853063","10994","unique_entrez_id"
"3853108","4854","unique_entrez_id"
"3853178","79852","unique_entrez_id"
"3853193","23476;65010","ambiguous_multiple_entrez"
"3853299","10270","unique_entrez_id"
"3853345","26993","unique_entrez_id"
"3853453","64926","unique_entrez_id"
"3853495","114770","unique_entrez_id"
"3853566","26539;284433","ambiguous_multiple_entrez"
"3853609","4051;8529","ambiguous_multiple_entrez"
"3853658","57834","unique_entrez_id"
"3853761","117286","unique_entrez_id"
"3853814","58513","unique_entrez_id"
"3853922","125972","unique_entrez_id"
"3853942","10523","unique_entrez_id"
"3854000","79939","unique_entrez_id"
"3854032","9441","unique_entrez_id"
"3854066","79086","unique_entrez_id"
"3854132","27151","unique_entrez_id"
"3854218","93323","unique_entrez_id"
"3854297","2063","unique_entrez_id"
"3854311","83878","unique_entrez_id"
"3854349","79575","unique_entrez_id"
"3854417","110806280;684;83483","ambiguous_multiple_entrez"
"3854454","684","unique_entrez_id"
"3854477","100130519;115861","ambiguous_multiple_entrez"
"3854621","3640","unique_entrez_id"
"3854627","3718","unique_entrez_id"
"3854693","3594","unique_entrez_id"
"3854756","5864","unique_entrez_id"
"3854772","5143;729966","ambiguous_multiple_entrez"
"3854836","80726","unique_entrez_id"
"3854877","3727","unique_entrez_id"
"3854892","25804","unique_entrez_id"
"3854954","126364","unique_entrez_id"
"3854982","51477","unique_entrez_id"
"3855011","8178","unique_entrez_id"
"3855071","23770","unique_entrez_id"
"3855096","","unmapped_entrez"
"3855097","","unmapped_entrez"
"3855098","","unmapped_entrez"
"3855099","","unmapped_entrez"
"3855100","","unmapped_entrez"
"3855101","","unmapped_entrez"
"3855104","9244","unique_entrez_id"
"3855218","1311","unique_entrez_id"
"3855285","10715;2657","ambiguous_multiple_entrez"
"3855320","","unmapped_entrez"
"3855324","11316","unique_entrez_id"
"3855358","9454","unique_entrez_id"
"3855410","10147","unique_entrez_id"
"3855506","54929","unique_entrez_id"
"3855538","100271849;4207;729991","ambiguous_multiple_entrez"
"3855596","126382","unique_entrez_id"
"3855616","404037","unique_entrez_id"
"3855633","53345","unique_entrez_id"
"3855660","57794","unique_entrez_id"
"3855701","","unmapped_entrez"
"3855795","83983","unique_entrez_id"
"3855818","80714","unique_entrez_id"
"3855856","9170","unique_entrez_id"
"3855868","51291","unique_entrez_id"
"3855910","57130","unique_entrez_id"
"3855968","284440;440515","ambiguous_multiple_entrez"
"3855985","7561","unique_entrez_id"
"3856014","","unmapped_entrez"
"3856075","105372309;440515;91120","ambiguous_multiple_entrez"
"3856184","100129842;199777;440515;56242;664701;81931;90649","ambiguous_multiple_entrez"
"3856554","163227","unique_entrez_id"
"3856594","7594","unique_entrez_id"
"3856646","7757","unique_entrez_id"
"3856720","100287226;105372331;163223;388523;7652;7757","ambiguous_multiple_entrez"
"3856908","7652","unique_entrez_id"
"3857105","7644","unique_entrez_id"
"3857171","105372337;171392","ambiguous_multiple_entrez"
"3857208","148213","unique_entrez_id"
"3857523","100420587;79801","ambiguous_multiple_entrez"
"3857691","7386","unique_entrez_id"
"3857811","83636","unique_entrez_id"
"3858285","57616","unique_entrez_id"
"3858659","84079","unique_entrez_id"
"3858757","11136","unique_entrez_id"
"3858794","84902","unique_entrez_id"
"3858852","85415","unique_entrez_id"
"3858907","56301","unique_entrez_id"
"3858993","1050","unique_entrez_id"
"3859026","5184","unique_entrez_id"
"3859622","126375","unique_entrez_id"
"3859668","163175","unique_entrez_id"
"3859703","148109","unique_entrez_id"
"3859750","388533","unique_entrez_id"
"3859761","93099","unique_entrez_id"
"3859809","374897","unique_entrez_id"
"3859832","495","unique_entrez_id"
"3859888","100862728","unique_entrez_id"
"3859899","79713","unique_entrez_id"
"3859915","199746","unique_entrez_id"
"3859946","126393","unique_entrez_id"
"3860003","58510","unique_entrez_id"
"3860045","4868","unique_entrez_id"
"3860101","84807","unique_entrez_id"
"3860137","7305","unique_entrez_id"
"3860189","163183","unique_entrez_id"
"3860208","84964","unique_entrez_id"
"3860229","25999","unique_entrez_id"
"3860261","199745","unique_entrez_id"
"3860277","5438","unique_entrez_id"
"3860296","1346","unique_entrez_id"
"3860315","147929;57677","ambiguous_multiple_entrez"
"3860410","284406","unique_entrez_id"
"3860450","84924","unique_entrez_id"
"3860491","339324;342892;388536","ambiguous_multiple_entrez"
"3860552","57711","unique_entrez_id"
"3860596","92283","unique_entrez_id"
"3860737","199704;92285","ambiguous_multiple_entrez"
"3860793","199704;92285","ambiguous_multiple_entrez"
"3860824","148266","unique_entrez_id"
"3860912","","unmapped_entrez"
"3860924","51276","unique_entrez_id"
"3860954","22835","unique_entrez_id"
"3860999","163115","unique_entrez_id"
"3861037","84775","unique_entrez_id"
"3861064","105372394;126231","ambiguous_multiple_entrez"
"3861130","83889","unique_entrez_id"
"3861243","8193","unique_entrez_id"
"3861272","94274","unique_entrez_id"
"3861302","90522","unique_entrez_id"
"3861326","90522","unique_entrez_id"
"3861352","199720","unique_entrez_id"
"3861372","115727","unique_entrez_id"
"3861413","11184","unique_entrez_id"
"3861503","147968","unique_entrez_id"
"3861557","3960","unique_entrez_id"
"3861581","1891","unique_entrez_id"
"3861617","3191","unique_entrez_id"
"3861658","126432","unique_entrez_id"
"3861689","22933","unique_entrez_id"
"3861738","54938;643669","ambiguous_multiple_entrez"
"3861786","115290","unique_entrez_id"
"3861832","126433","unique_entrez_id"
"3861948","9535","unique_entrez_id"
"3861978","100616163;54623","ambiguous_multiple_entrez"
"3862018","6217;7643","ambiguous_multiple_entrez"
"3862068","126272","unique_entrez_id"
"3862077","163126","unique_entrez_id"
"3862108","1178","unique_entrez_id"
"3862128","9149","unique_entrez_id"
"3862167","2091","unique_entrez_id"
"3862188","8857","unique_entrez_id"
"3862273","54458","unique_entrez_id"
"3862434","148014","unique_entrez_id"
"3862452","79935","unique_entrez_id"
"3862471","208","unique_entrez_id"
"3862533","","unmapped_entrez"
"3862564","126526","unique_entrez_id"
"3862601","147746","unique_entrez_id"
"3862611","57716","unique_entrez_id"
"3862640","29950","unique_entrez_id"
"3862650","29946","unique_entrez_id"
"3862661","645","unique_entrez_id"
"3862704","9253","unique_entrez_id"
"3862738","79934","unique_entrez_id"
"3862785","284325","unique_entrez_id"
"3862873","1548;1549;1553;1572;22952","ambiguous_multiple_entrez"
"3862944","1548;1549;1550;1553","ambiguous_multiple_entrez"
"3863021","105372401;7040","ambiguous_multiple_entrez"
"3863046","80776","unique_entrez_id"
"3863060","56915","unique_entrez_id"
"3863079","374907","unique_entrez_id"
"3863087","55101","unique_entrez_id"
"3863189","1089","unique_entrez_id"
"3863214","1087","unique_entrez_id"
"3863263","147719","unique_entrez_id"
"3863323","10567","unique_entrez_id"
"3863342","478","unique_entrez_id"
"3863380","2901","unique_entrez_id"
"3863435","5452","unique_entrez_id"
"3863504","162989","unique_entrez_id"
"3863522","2931","unique_entrez_id"
"3863547","2077","unique_entrez_id"
"3863576","5050","unique_entrez_id"
"3863597","84518","unique_entrez_id"
"3863606","3991","unique_entrez_id"
"3863640","284340","unique_entrez_id"
"3863669","634","unique_entrez_id"
"3863723","1088","unique_entrez_id"
"3863761","440533;5669;5670;5671;5672;5673;5675;5676;5678;5680;653492","ambiguous_multiple_entrez"
"3863811","440533;5669;5671;5672;5675;5676;5678","ambiguous_multiple_entrez"
"3863869","440533;5669;5671;5672;5676;5678","ambiguous_multiple_entrez"
"3863929","440533;5669;5670;5671;5672;5673;5675;5676;5678;5680;653492","ambiguous_multiple_entrez"
"3864107","284344;440533;5669;5670;5671;5672;5673;5675;5676;5678;5680;653492","ambiguous_multiple_entrez"
"3864286","440533;5671;5675;5678","ambiguous_multiple_entrez"
"3864375","27076","unique_entrez_id"
"3864390","653583","unique_entrez_id"
"3864414","653583","unique_entrez_id"
"3864430","23474","unique_entrez_id"
"3864445","126298;7515","ambiguous_multiple_entrez"
"3864503","126299","unique_entrez_id"
"3864519","199731","unique_entrez_id"
"3864551","5329","unique_entrez_id"
"3864597","56006","unique_entrez_id"
"3864646","3783","unique_entrez_id"
"3864680","284348","unique_entrez_id"
"3864725","7596","unique_entrez_id"
"3864808","9310","unique_entrez_id"
"3864847","7771","unique_entrez_id"
"3864869","26974","unique_entrez_id"
"3864921","7733","unique_entrez_id"
"3864944","125931","unique_entrez_id"
"3865119","162979","unique_entrez_id"
"3865206","284353","unique_entrez_id"
"3865223","284353;79090","ambiguous_multiple_entrez"
"3865248","90332","unique_entrez_id"
"3865275","1158","unique_entrez_id"
"3865301","2068","unique_entrez_id"
"3865344","10848","unique_entrez_id"
"3865378","2067","unique_entrez_id"
"3865422","6253","unique_entrez_id"
"3865464","80207","unique_entrez_id"
"3865503","2828;80207","ambiguous_multiple_entrez"
"3865511","24139;442902","ambiguous_multiple_entrez"
"3865568","6633","unique_entrez_id"
"3865586","23403","unique_entrez_id"
"3865618","147912","unique_entrez_id"
"3865635","1760","unique_entrez_id"
"3865679","1762","unique_entrez_id"
"3865696","81492","unique_entrez_id"
"3865715","8189","unique_entrez_id"
"3865776","26145","unique_entrez_id"
"3865807","4858","unique_entrez_id"
"3865853","8993","unique_entrez_id"
"3865867","444882","unique_entrez_id"
"3865905","388555","unique_entrez_id"
"3865973","105372426;83987","ambiguous_multiple_entrez"
"3865998","55228","unique_entrez_id"
"3866094","5739","unique_entrez_id"
"3866106","94235","unique_entrez_id"
"3866117","147906","unique_entrez_id"
"3866135","25865","unique_entrez_id"
"3866231","29888","unique_entrez_id"
"3866276","6510","unique_entrez_id"
"3866302","1175","unique_entrez_id"
"3866339","54958","unique_entrez_id"
"3866435","27113","unique_entrez_id"
"3866491","257468;4213;56917","ambiguous_multiple_entrez"
"3866579","11133","unique_entrez_id"
"3866605","8775","unique_entrez_id"
"3866649","84215","unique_entrez_id"
"3866770","1406;284355","ambiguous_multiple_entrez"
"3866785","6822","unique_entrez_id"
"3866831","56344","unique_entrez_id"
"3866845","8605","unique_entrez_id"
"3866898","3978","unique_entrez_id"
"3866958","22900","unique_entrez_id"
"3867032","93233","unique_entrez_id"
"3867065","55260","unique_entrez_id"
"3867092","10945","unique_entrez_id"
"3867195","54854","unique_entrez_id"
"3867223","6141","unique_entrez_id"
"3867224","","unmapped_entrez"
"3867225","","unmapped_entrez"
"3867227","","unmapped_entrez"
"3867229","","unmapped_entrez"
"3867231","","unmapped_entrez"
"3867234","","unmapped_entrez"
"3867236","","unmapped_entrez"
"3867237","","unmapped_entrez"
"3867247","1628","unique_entrez_id"
"3867264","770","unique_entrez_id"
"3867287","105372431;126147","ambiguous_multiple_entrez"
"3867326","284358","unique_entrez_id"
"3867346","54922","unique_entrez_id"
"3867374","284359","unique_entrez_id"
"3867400","2523","unique_entrez_id"
"3867415","587","unique_entrez_id"
"3867443","51171","unique_entrez_id"
"3867458","57664","unique_entrez_id"
"3867493","7288","unique_entrez_id"
"3867538","2997","unique_entrez_id"
"3867573","101059948;1082;114335;114336;3972;93659;94027;94115","ambiguous_multiple_entrez"
"3867660","4909","unique_entrez_id"
"3867669","3743;4909","ambiguous_multiple_entrez"
"3867693","55150","unique_entrez_id"
"3867708","3270","unique_entrez_id"
"3867734","28968","unique_entrez_id"
"3867796","8463","unique_entrez_id"
"3867835","113091","unique_entrez_id"
"3867842","57030","unique_entrez_id"
"3867865","55011","unique_entrez_id"
"3867904","","unmapped_entrez"
"3867928","51070","unique_entrez_id"
"3867965","6237","unique_entrez_id"
"3867980","3661","unique_entrez_id"
"3868033","60385","unique_entrez_id"
"3868064","80199","unique_entrez_id"
"3868125","11284","unique_entrez_id"
"3868160","84335","unique_entrez_id"
"3868183","23636;259307;84335","ambiguous_multiple_entrez"
"3868257","114132;400709;89790","ambiguous_multiple_entrez"
"3868283","51231","unique_entrez_id"
"3868330","105372436;126123","ambiguous_multiple_entrez"
"3868378","3748","unique_entrez_id"
"3868400","256236;9476","ambiguous_multiple_entrez"
"3868472","112703","unique_entrez_id"
"3868506","126119","unique_entrez_id"
"3868518","554235","unique_entrez_id"
"3868557","84258","unique_entrez_id"
"3868587","50944","unique_entrez_id"
"3868659","692203;692204;84798","ambiguous_multiple_entrez"
"3868681","3816","unique_entrez_id"
"3868697","55554","unique_entrez_id"
"3868728","606293;9622","ambiguous_multiple_entrez"
"3868753","25818","unique_entrez_id"
"3868768","5653","unique_entrez_id"
"3868783","5650","unique_entrez_id"
"3868799","11202","unique_entrez_id"
"3868816","284366","unique_entrez_id"
"3868828","5655","unique_entrez_id"
"3868841","11012","unique_entrez_id"
"3868857","43849","unique_entrez_id"
"3868876","26085","unique_entrez_id"
"3868891","43847","unique_entrez_id"
"3868905","90353","unique_entrez_id"
"3868963","2109","unique_entrez_id"
"3868987","125875","unique_entrez_id"
"3868998","4818","unique_entrez_id"
"3869010","3982","unique_entrez_id"
"3869030","114132;400709;89790","ambiguous_multiple_entrez"
"3869062","27181","unique_entrez_id"
"3869078","27180;27181;89858","ambiguous_multiple_entrez"
"3869097","946","unique_entrez_id"
"3869158","100049587;8778","ambiguous_multiple_entrez"
"3869215","3036","unique_entrez_id"
"3869237","2357","unique_entrez_id"
"3869275","100419706;84765","ambiguous_multiple_entrez"
"3869312","65251","unique_entrez_id"
"3869339","59348","unique_entrez_id"
"3869361","284370","unique_entrez_id"
"3869379","80110","unique_entrez_id"
"3869396","284371;9668","ambiguous_multiple_entrez"
"3869461","90317","unique_entrez_id"
"3869650","55769","unique_entrez_id"
"3869714","147660;162966;162967;388558;81856","ambiguous_multiple_entrez"
"3869761","162966","unique_entrez_id"
"3869784","7576","unique_entrez_id"
"3869847","90333","unique_entrez_id"
"3869880","388559;79986","ambiguous_multiple_entrez"
"3869954","100529240;399669","ambiguous_multiple_entrez"
"3870054","90338","unique_entrez_id"
"3870104","55786","unique_entrez_id"
"3870135","84671","unique_entrez_id"
"3870162","79788","unique_entrez_id"
"3870195","342926","unique_entrez_id"
"3870229","112401","unique_entrez_id"
"3870361","91662","unique_entrez_id"
"3870449","284415","unique_entrez_id"
"3870478","126014","unique_entrez_id"
"3870494","29844","unique_entrez_id"
"3870520","79165","unique_entrez_id"
"3870533","147798","unique_entrez_id"
"3870570","79143","unique_entrez_id"
"3870611","107987425;11025;11026;79168","ambiguous_multiple_entrez"
"3870692","10990","unique_entrez_id"
"3870733","10288","unique_entrez_id"
"3870758","353514","unique_entrez_id"
"3870798","23547;79168","ambiguous_multiple_entrez"
"3870824","3903","unique_entrez_id"
"3870883","94059","unique_entrez_id"
"3870895","148170","unique_entrez_id"
"3870970","199713","unique_entrez_id"
"3870990","51206","unique_entrez_id"
"3871011","112724","unique_entrez_id"
"3871043","54776","unique_entrez_id"
"3871095","7138","unique_entrez_id"
"3871127","7137","unique_entrez_id"
"3871142","352909","unique_entrez_id"
"3871173","6861","unique_entrez_id"
"3871192","5794","unique_entrez_id"
"3871242","255043","unique_entrez_id"
"3871256","22870","unique_entrez_id"
"3871302","23640","unique_entrez_id"
"3871355","125965","unique_entrez_id"
"3871389","284418","unique_entrez_id"
"3871406","3589","unique_entrez_id"
"3871459","729956","unique_entrez_id"
"3871504","79763","unique_entrez_id"
"3871557","163033","unique_entrez_id"
"3871576","84922","unique_entrez_id"
"3871609","147808","unique_entrez_id"
"3871644","338321","unique_entrez_id"
"3871662","204801","unique_entrez_id"
"3871702","126204","unique_entrez_id"
"3871730","126208","unique_entrez_id"
"3871792","342933;79149","ambiguous_multiple_entrez"
"3871903","147948;90485","ambiguous_multiple_entrez"
"3871935","63934","unique_entrez_id"
"3872053","23619;5178","ambiguous_multiple_entrez"
"3872138","114026;503835","ambiguous_multiple_entrez"
"3872274","400720;57191","ambiguous_multiple_entrez"
"3872310","162972","unique_entrez_id"
"3872335","55659","unique_entrez_id"
"3872370","","unmapped_entrez"
"3872380","7710","unique_entrez_id"
"3872398","79891","unique_entrez_id"
"3872441","79818","unique_entrez_id"
"3872521","147687;84914","ambiguous_multiple_entrez"
"3872542","147686","unique_entrez_id"
"3872560","10172","unique_entrez_id"
"3872584","147685","unique_entrez_id"
"3872604","80095","unique_entrez_id"
"3872678","65982","unique_entrez_id"
"3872733","79673","unique_entrez_id"
"3872817","1","unique_entrez_id"
"3872849","162968","unique_entrez_id"
"3872905","","unmapped_entrez"
"3872928","7691","unique_entrez_id"
"3872945","10998","unique_entrez_id"
"3872969","84878","unique_entrez_id"
"3872983","27243","unique_entrez_id"
"3872999","606551;9040","ambiguous_multiple_entrez"
"3873017","7593","unique_entrez_id"
"3873057","245938","unique_entrez_id"
"3873069","81623","unique_entrez_id"
"3873078","140850","unique_entrez_id"
"3873086","140881","unique_entrez_id"
"3873091","400830","unique_entrez_id"
"3873102","85364","unique_entrez_id"
"3873115","80023","unique_entrez_id"
"3873142","6666","unique_entrez_id"
"3873160","57761","unique_entrez_id"
"3873185","10616","unique_entrez_id"
"3873338","83541","unique_entrez_id"
"3873389","9491","unique_entrez_id"
"3873480","642636;9751","ambiguous_multiple_entrez"
"3873629","10326;140885","ambiguous_multiple_entrez"
"3873699","140901","unique_entrez_id"
"3873744","7053","unique_entrez_id"
"3873777","343641","unique_entrez_id"
"3873824","117532","unique_entrez_id"
"3873874","100302138;10528;26792;26793;677831;692201;692213","ambiguous_multiple_entrez"
"3873923","57593","unique_entrez_id"
"3873997","128653","unique_entrez_id"
"3874008","100288797","unique_entrez_id"
"3874023","51564;5786;64601","ambiguous_multiple_entrez"
"3874168","2797","unique_entrez_id"
"3874175","64949","unique_entrez_id"
"3874198","5020","unique_entrez_id"
"3874249","3704","unique_entrez_id"
"3874313","8455","unique_entrez_id"
"3874402","116835","unique_entrez_id"
"3874438","994","unique_entrez_id"
"3874485","55317","unique_entrez_id"
"3874498","57506","unique_entrez_id"
"3874533","80025","unique_entrez_id"
"3874584","","unmapped_entrez"
"3874631","","unmapped_entrez"
"3874636","54498","unique_entrez_id"
"3874751","5621","unique_entrez_id"
"3874775","23627","unique_entrez_id"
"3874900","8760","unique_entrez_id"
"3874994","149837;643406","ambiguous_multiple_entrez"
"3875108","149840","unique_entrez_id"
"3875179","1114","unique_entrez_id"
"3875195","84515","unique_entrez_id"
"3875242","54675","unique_entrez_id"
"3875423","650","unique_entrez_id"
"3875642","105372522;23236;26767","ambiguous_multiple_entrez"
"3875908","5332","unique_entrez_id"
"3876084","24141","unique_entrez_id"
"3876142","101929371;63926","ambiguous_multiple_entrez"
"3876245","6616","unique_entrez_id"
"3876645","22903","unique_entrez_id"
"3876990","55304","unique_entrez_id"
"3877221","79133","unique_entrez_id"
"3877265","140733","unique_entrez_id"
"3877776","6629","unique_entrez_id"
"3877809","56914","unique_entrez_id"
"3877892","5126","unique_entrez_id"
"3878025","11034","unique_entrez_id"
"3878076","140836","unique_entrez_id"
"3878220","92667","unique_entrez_id"
"3878308","100303755;57325","ambiguous_multiple_entrez"
"3878373","7692","unique_entrez_id"
"3878411","440757","unique_entrez_id"
"3878429","10621","unique_entrez_id"
"3878462","","unmapped_entrez"
"3878467","10483","unique_entrez_id"
"3878533","92675","unique_entrez_id"
"3878587","140856","unique_entrez_id"
"3878619","57419","unique_entrez_id"
"3878836","54453","unique_entrez_id"
"3878934","51126","unique_entrez_id"
"3878972","105372554;26074","ambiguous_multiple_entrez"
"3879112","3642","unique_entrez_id"
"3879372","55857","unique_entrez_id"
"3879467","22803","unique_entrez_id"
"3879699","5075","unique_entrez_id"
"3880084","6754","unique_entrez_id"
"3880175","29107","unique_entrez_id"
"3880191","64412","unique_entrez_id"
"3880231","128817","unique_entrez_id"
"3880271","10047","unique_entrez_id"
"3880467","79953","unique_entrez_id"
"3880629","8530","unique_entrez_id"
"3880706","955","unique_entrez_id"
"3880767","5834","unique_entrez_id"
"3880827","9837","unique_entrez_id"
"3881010","100134868","unique_entrez_id"
"3881045","101926935;284800;728882","ambiguous_multiple_entrez"
"3881236","117285;245931","ambiguous_multiple_entrez"
"3881251","245936","unique_entrez_id"
"3881261","28954","unique_entrez_id"
"3881282","100101490;81502","ambiguous_multiple_entrez"
"3881391","3397","unique_entrez_id"
"3881404","84701","unique_entrez_id"
"3881443","103021294;22974","ambiguous_multiple_entrez"
"3881503","85366","unique_entrez_id"
"3881630","140706","unique_entrez_id"
"3881651","3055","unique_entrez_id"
"3881686","9777","unique_entrez_id"
"3881786","23509","unique_entrez_id"
"3881824","9371","unique_entrez_id"
"3881874","171023","unique_entrez_id"
"3882012","1789","unique_entrez_id"
"3882069","22919","unique_entrez_id"
"3882190","80341","unique_entrez_id"
"3882214","128859","unique_entrez_id"
"3882241","359710","unique_entrez_id"
"3882265","149954","unique_entrez_id"
"3882304","140683","unique_entrez_id"
"3882343","317716","unique_entrez_id"
"3882369","128861","unique_entrez_id"
"3882387","51297","unique_entrez_id"
"3882413","105372594;92747","ambiguous_multiple_entrez"
"3882533","9139","unique_entrez_id"
"3882614","128864","unique_entrez_id"
"3882652","84905","unique_entrez_id"
"3882681","128866","unique_entrez_id"
"3882720","22913","unique_entrez_id"
"3882823","434","unique_entrez_id"
"3882854","83737","unique_entrez_id"
"3882949","83658","unique_entrez_id"
"3882984","84557","unique_entrez_id"
"3883013","58476","unique_entrez_id"
"3883064","55902","unique_entrez_id"
"3883129","57644","unique_entrez_id"
"3883207","10544","unique_entrez_id"
"3883236","10893","unique_entrez_id"
"3883309","11190","unique_entrez_id"
"3883382","51614","unique_entrez_id"
"3883441","6676","unique_entrez_id"
"3883542","","unmapped_entrez"
"3883547","51230","unique_entrez_id"
"3883637","140894","unique_entrez_id"
"3883690","2036","unique_entrez_id"
"3883787","25980","unique_entrez_id"
"3883819","22839","unique_entrez_id"
"3883921","10398","unique_entrez_id"
"3883941","100527943;60436","ambiguous_multiple_entrez"
"3883971","100527943;55969","ambiguous_multiple_entrez"
"3884100","1917;6185","ambiguous_multiple_entrez"
"3884158","63905","unique_entrez_id"
"3884191","6714","unique_entrez_id"
"3884266","4826","unique_entrez_id"
"3884316","100287792","unique_entrez_id"
"3884324","56259","unique_entrez_id"
"3884405","128434","unique_entrez_id"
"3884450","58490","unique_entrez_id"
"3884524","671","unique_entrez_id"
"3884560","3929","unique_entrez_id"
"3884612","128439;677821;677837","ambiguous_multiple_entrez"
"3884640","57148","unique_entrez_id"
"3884737","149685","unique_entrez_id"
"3884793","140679","unique_entrez_id"
"3884800","79913","unique_entrez_id"
"3884830","26051","unique_entrez_id"
"3884892","81610","unique_entrez_id"
"3884922","60625","unique_entrez_id"
"3885464","2329;7150;7151","ambiguous_multiple_entrez"
"3885537","5335","unique_entrez_id"
"3886050","6431","unique_entrez_id"
"3886072","26013","unique_entrez_id"
"3886143","10110","unique_entrez_id"
"3886179","51098","unique_entrez_id"
"3886223","4605","unique_entrez_id"
"3886294","84969","unique_entrez_id"
"3886410","78997","unique_entrez_id"
"3886444","140902","unique_entrez_id"
"3886453","3172","unique_entrez_id"
"3886512","79183","unique_entrez_id"
"3886532","11142","unique_entrez_id"
"3886576","8839","unique_entrez_id"
"3886598","60598","unique_entrez_id"
"3886639","7529","unique_entrez_id"
"3886704","6789","unique_entrez_id"
"3886765","5266","unique_entrez_id"
"3886773","6406","unique_entrez_id"
"3886786","6407","unique_entrez_id"
"3886810","11317","unique_entrez_id"
"3886842","767557;90196","ambiguous_multiple_entrez"
"3886867","55861;767557","ambiguous_multiple_entrez"
"3886889","105372631;51604","ambiguous_multiple_entrez"
"3886938","10406","unique_entrez_id"
"3886994","140832","unique_entrez_id"
"3887004","164237","unique_entrez_id"
"3887011","391253","unique_entrez_id"
"3887017","116092","unique_entrez_id"
"3887049","11065","unique_entrez_id"
"3887069","90203","unique_entrez_id"
"3887094","140831","unique_entrez_id"
"3887107","90204","unique_entrez_id"
"3887117","5476","unique_entrez_id"
"3887165","63935","unique_entrez_id"
"3887210","4318","unique_entrez_id"
"3887241","57468","unique_entrez_id"
"3887302","958","unique_entrez_id"
"3887452","81031","unique_entrez_id"
"3887479","2139","unique_entrez_id"
"3887635","8202","unique_entrez_id"
"3888023","","unmapped_entrez"
"3888055","10564","unique_entrez_id"
"3888133","1434","unique_entrez_id"
"3888217","55661","unique_entrez_id"
"3888383","23315","unique_entrez_id"
"3888474","55905","unique_entrez_id"
"3888522","6615","unique_entrez_id"
"3888613","1051","unique_entrez_id"
"3888721","5770","unique_entrez_id"
"3888835","84612","unique_entrez_id"
"3888850","55653","unique_entrez_id"
"3888949","27304","unique_entrez_id"
"3889419","128553","unique_entrez_id"
"3889624","128553","unique_entrez_id"
"3889766","5203","unique_entrez_id"
"3889833","55816","unique_entrez_id"
"3890099","4159","unique_entrez_id"
"3890109","116151","unique_entrez_id"
"3890154","1477","unique_entrez_id"
"3890180","57091","unique_entrez_id"
"3890218","200232;388799;51507","ambiguous_multiple_entrez"
"3890272","200232;388799","ambiguous_multiple_entrez"
"3890333","7022","unique_entrez_id"
"3890516","23626","unique_entrez_id"
"3890555","8480","unique_entrez_id"
"3890597","55544","unique_entrez_id"
"3890640","5105","unique_entrez_id"
"3890840","128602","unique_entrez_id"
"3890870","57403","unique_entrez_id"
"3890913","9217","unique_entrez_id"
"3890989","79160","unique_entrez_id"
"3891006","100534593;79716;8675","ambiguous_multiple_entrez"
"3891048","100534593;79716","ambiguous_multiple_entrez"
"3891163","2778","unique_entrez_id"
"3891278","51497","unique_entrez_id"
"3891342","81027","unique_entrez_id"
"3891447","1908","unique_entrez_id"
"3891530","116154","unique_entrez_id"
"3891643","63939","unique_entrez_id"
"3891664","60437","unique_entrez_id"
"3891723","284756","unique_entrez_id"
"3891743","284757;729296","ambiguous_multiple_entrez"
"3892067","1002","unique_entrez_id"
"3892409","149986","unique_entrez_id"
"3892452","149986","unique_entrez_id"
"3892456","26039","unique_entrez_id"
"3892509","26164","unique_entrez_id"
"3892561","105369209","unique_entrez_id"
"3892565","9885","unique_entrez_id"
"3892607","11047","unique_entrez_id"
"3892660","6227","unique_entrez_id"
"3892788","253868","unique_entrez_id"
"3892812","28231","unique_entrez_id"
"3892873","4923","unique_entrez_id"
"3892918","55257","unique_entrez_id"
"3892941","11054","unique_entrez_id"
"3892974","1299","unique_entrez_id"
"3893033","100132911","unique_entrez_id"
"3893072","54994","unique_entrez_id"
"3893086","63910","unique_entrez_id"
"3893250","79444","unique_entrez_id"
"3893287","55738","unique_entrez_id"
"3893338","57642","unique_entrez_id"
"3893458","79144","unique_entrez_id"
"3893481","79025","unique_entrez_id"
"3893520","100533107;51750;8771","ambiguous_multiple_entrez"
"3893610","84619","unique_entrez_id"
"3893642","54923","unique_entrez_id"
"3893673","56731","unique_entrez_id"
"3893716","101928604","unique_entrez_id"
"3893732","140701","unique_entrez_id"
"3893760","7165","unique_entrez_id"
"3893796","100126330;100126339;100126352;103504732;80331","ambiguous_multiple_entrez"
"3893849","24148","unique_entrez_id"
"3893891","284739","unique_entrez_id"
"3893910","6919","unique_entrez_id"
"3893947","4987","unique_entrez_id"
"3893973","4661","unique_entrez_id"
"3894047","55251;728323","ambiguous_multiple_entrez"
"3894091","245939","unique_entrez_id"
"3894098","140680","unique_entrez_id"
"3894194","128637","unique_entrez_id"
"3894228","1457;283106","ambiguous_multiple_entrez"
"3894288","6939","unique_entrez_id"
"3894322","140809","unique_entrez_id"
"3894337","85508","unique_entrez_id"
"3894365","113278","unique_entrez_id"
"3894413","51378","unique_entrez_id"
"3894513","55321","unique_entrez_id"
"3894545","100528031;27111","ambiguous_multiple_entrez"
"3894571","","unmapped_entrez"
"3894601","100528031;102465524;2280;2282","ambiguous_multiple_entrez"
"3894637","55968","unique_entrez_id"
"3894668","284759","unique_entrez_id"
"3894699","105372498;128646","ambiguous_multiple_entrez"
"3894727","10326;140885;55423","ambiguous_multiple_entrez"
"3894765","55423","unique_entrez_id"
"3894906","5173","unique_entrez_id"
"3894995","6628","unique_entrez_id"
"3895022","105372504;79175","ambiguous_multiple_entrez"
"3895075","3420","unique_entrez_id"
"3895118","56265","unique_entrez_id"
"3895152","64773","unique_entrez_id"
"3895224","551","unique_entrez_id"
"3895232","22888;60493","ambiguous_multiple_entrez"
"3895274","9762","unique_entrez_id"
"3895297","65992","unique_entrez_id"
"3895330","83959","unique_entrez_id"
"3895535","64096","unique_entrez_id"
"3895552","80332","unique_entrez_id"
"3895614","6614","unique_entrez_id"
"3895675","","unmapped_entrez"
"3895679","54976","unique_entrez_id"
"3895702","25876","unique_entrez_id"
"3895722","1059","unique_entrez_id"
"3895795","11237","unique_entrez_id"
"3895891","146","unique_entrez_id"
"3896015","149830","unique_entrez_id"
"3896034","105372511;9770","ambiguous_multiple_entrez"
"3896078","9962","unique_entrez_id"
"3896174","29058","unique_entrez_id"
"3896200","5111","unique_entrez_id"
"3896257","128674","unique_entrez_id"
"3896293","7323","unique_entrez_id"
"3896370","56261","unique_entrez_id"
"3896524","51605","unique_entrez_id"
"3896594","164312","unique_entrez_id"
"3896608","","unmapped_entrez"
"3896621","55612","unique_entrez_id"
"3896932","54363","unique_entrez_id"
"3896976","56255","unique_entrez_id"
"3897280","57144","unique_entrez_id"
"3897431","8195","unique_entrez_id"
"3897505","182","unique_entrez_id"
"3898126","55617","unique_entrez_id"
"3898224","51575","unique_entrez_id"
"3898355","23767","unique_entrez_id"
"3898796","55614","unique_entrez_id"
"3898913","","unmapped_entrez"
"3899111","631","unique_entrez_id"
"3899173","6238","unique_entrez_id"
"3899346","27131","unique_entrez_id"
"3899404","58495","unique_entrez_id"
"3899495","55184","unique_entrez_id"
"3899551","10741","unique_entrez_id"
"3899641","29075","unique_entrez_id"
"3899649","","unmapped_entrez"
"3899954","51340","unique_entrez_id"
"3900091","57186","unique_entrez_id"
"3900545","112268271;4821","ambiguous_multiple_entrez"
"3900833","105372564;3170","ambiguous_multiple_entrez"
"3901041","7056","unique_entrez_id"
"3901055","22918","unique_entrez_id"
"3901085","200261","unique_entrez_id"
"3901191","63908","unique_entrez_id"
"3901239","140880","unique_entrez_id"
"3901273","128821","unique_entrez_id"
"3901283","128822","unique_entrez_id"
"3901296","1471","unique_entrez_id"
"3901333","1469;1472","ambiguous_multiple_entrez"
"3901361","1469;1472","ambiguous_multiple_entrez"
"3901387","1470","unique_entrez_id"
"3901401","1473","unique_entrez_id"
"3901450","92086","unique_entrez_id"
"3901665","57136","unique_entrez_id"
"3901696","84532","unique_entrez_id"
"3901757","30813","unique_entrez_id"
"3901851","26090","unique_entrez_id"
"3901955","22981","unique_entrez_id"
"3902051","140838","unique_entrez_id"
"3902081","26152","unique_entrez_id"
"3902372","400841","unique_entrez_id"
"3902426","245932;245934","ambiguous_multiple_entrez"
"3902489","598","unique_entrez_id"
"3902552","2307","unique_entrez_id"
"3902560","128853","unique_entrez_id"
"3902609","81572","unique_entrez_id"
"3902674","128854","unique_entrez_id"
"3902682","5326","unique_entrez_id"
"3902743","140688","unique_entrez_id"
"3902764","140688","unique_entrez_id"
"3902871","284805","unique_entrez_id"
"3902928","140732","unique_entrez_id"
"3902983","51654","unique_entrez_id"
"3903052","6640","unique_entrez_id"
"3903089","63941","unique_entrez_id"
"3903146","1869","unique_entrez_id"
"3903169","11264","unique_entrez_id"
"3903361","191","unique_entrez_id"
"3903461","","unmapped_entrez"
"3903481","128869","unique_entrez_id"
"3903525","105372599;23054","ambiguous_multiple_entrez"
"3903598","2686","unique_entrez_id"
"3903670","2937","unique_entrez_id"
"3903708","26133","unique_entrez_id"
"3903778","55741","unique_entrez_id"
"3903836","3692","unique_entrez_id"
"3903875","128876","unique_entrez_id"
"3903889","55245","unique_entrez_id"
"3903952","8200","unique_entrez_id"
"3903999","140873","unique_entrez_id"
"3904119","10137;8904","ambiguous_multiple_entrez"
"3904189","9054","unique_entrez_id"
"3904226","9584","unique_entrez_id"
"3904333","51282","unique_entrez_id"
"3904508","84174","unique_entrez_id"
"3904527","57446","unique_entrez_id"
"3904566","79980","unique_entrez_id"
"3904594","140710","unique_entrez_id"
"3904691","25939","unique_entrez_id"
"3904747","5933","unique_entrez_id"
"3904797","140699","unique_entrez_id"
"3904858","2691","unique_entrez_id"
"3904928","10904","unique_entrez_id"
"3905073","9675","unique_entrez_id"
"3905145","7052","unique_entrez_id"
"3905875","9935","unique_entrez_id"
"3906007","","unmapped_entrez"
"3906062","23051","unique_entrez_id"
"3906129","90187","unique_entrez_id"
"3906160","84181","unique_entrez_id"
"3906390","11122","unique_entrez_id"
"3906709","149699","unique_entrez_id"
"3906782","57158","unique_entrez_id"
"3906821","51526","unique_entrez_id"
"3906852","128486","unique_entrez_id"
"3906942","10955","unique_entrez_id"
"3907011","100","unique_entrez_id"
"3907040","106144538;79015","ambiguous_multiple_entrez"
"3907072","140730","unique_entrez_id"
"3907111","10953","unique_entrez_id"
"3907151","3787","unique_entrez_id"
"3907161","149708","unique_entrez_id"
"3907173","128488","unique_entrez_id"
"3907190","6590","unique_entrez_id"
"3907210","8785","unique_entrez_id"
"3907234","6385","unique_entrez_id"
"3907259","27296","unique_entrez_id"
"3907311","10816","unique_entrez_id"
"3907320","100526773;140870","ambiguous_multiple_entrez"
"3907335","100526773;57119","ambiguous_multiple_entrez"
"3907348","90199","unique_entrez_id"
"3907373","259240","unique_entrez_id"
"3907390","259239","unique_entrez_id"
"3907400","280664","unique_entrez_id"
"3907420","140686","unique_entrez_id"
"3907456","7125","unique_entrez_id"
"3907473","10005","unique_entrez_id"
"3907507","128497","unique_entrez_id"
"3907514","140825","unique_entrez_id"
"3907524","5360","unique_entrez_id"
"3907561","63925","unique_entrez_id"
"3907652","57727","unique_entrez_id"
"3907711","64405","unique_entrez_id"
"3907786","51006","unique_entrez_id"
"3907830","63916","unique_entrez_id"
"3907889","100130934","unique_entrez_id"
"3907934","55713;7686","ambiguous_multiple_entrez"
"3907987","64849","unique_entrez_id"
"3908052","112858","unique_entrez_id"
"3908149","23613","unique_entrez_id"
"3908358","55959","unique_entrez_id"
"3908631","57580","unique_entrez_id"
"3908786","6780","unique_entrez_id"
"3908831","3745;57169","ambiguous_multiple_entrez"
"3908901","3745","unique_entrez_id"
"3908934","5740","unique_entrez_id"
"3908963","9334","unique_entrez_id"
"3909035","9825","unique_entrez_id"
"3909064","101927559;105372655;387521;387522;7335","ambiguous_multiple_entrez"
"3909247","140876","unique_entrez_id"
"3909354","23394","unique_entrez_id"
"3909395","8813","unique_entrez_id"
"3909442","3755","unique_entrez_id"
"3909553","4773","unique_entrez_id"
"3909768","","unmapped_entrez"
"3909777","57167","unique_entrez_id"
"3909843","55734","unique_entrez_id"
"3910260","7764","unique_entrez_id"
"3910347","391257","unique_entrez_id"
"3910360","8537","unique_entrez_id"
"3910429","1591","unique_entrez_id"
"3910724","140689","unique_entrez_id"
"3910785","6790;6791","ambiguous_multiple_entrez"
"3910980","655","unique_entrez_id"
"3911084","140690","unique_entrez_id"
"3911177","81030","unique_entrez_id"
"3911217","56937","unique_entrez_id"
"3911366","140731","unique_entrez_id"
"3911485","164284","unique_entrez_id"
"3911767","1522","unique_entrez_id"
"3911795","100533975;432369;514","ambiguous_multiple_entrez"
"3911814","100533975;51012","ambiguous_multiple_entrez"
"3912079","10388","unique_entrez_id"
"3912137","5509","unique_entrez_id"
"3912718","100302168;105372704;105372706;6874","ambiguous_multiple_entrez"
"3912857","149986","unique_entrez_id"
"3912861","5688","unique_entrez_id"
"3912936","11255","unique_entrez_id"
"3913018","105372708;3911","ambiguous_multiple_entrez"
"3913220","140893","unique_entrez_id"
"3913272","140628","unique_entrez_id"
"3913335","128826;406904;406923","ambiguous_multiple_entrez"
"3913400","","unmapped_entrez"
"3913420","100127888","unique_entrez_id"
"3913483","10732","unique_entrez_id"
"3913525","11083","unique_entrez_id"
"3913544","11083","unique_entrez_id"
"3913667","100144596","unique_entrez_id"
"3913712","54915","unique_entrez_id"
"3913737","128414","unique_entrez_id"
"3913775","1137","unique_entrez_id"
"3913821","3785","unique_entrez_id"
"3913892","1917","unique_entrez_id"
"3913926","5753","unique_entrez_id"
"3913945","6725","unique_entrez_id"
"3913960","85441","unique_entrez_id"
"3914021","26205","unique_entrez_id"
"3914050","50861","unique_entrez_id"
"3914072","10139","unique_entrez_id"
"3914114","140685","unique_entrez_id"
"3914181","54963","unique_entrez_id"
"3914230","57473","unique_entrez_id"
"3914273","140700","unique_entrez_id"
"3914286","54345","unique_entrez_id"
"3914307","10287","unique_entrez_id"
"3914327","198437","unique_entrez_id"
"3914346","105372727;2832","ambiguous_multiple_entrez"
"3914771","54033","unique_entrez_id"
"3914786","150000","unique_entrez_id"
"3915087","29761","unique_entrez_id"
"3915479","10950;1525;440224;646243","ambiguous_multiple_entrez"
"3915536","","unmapped_entrez"
"3915569","140578","unique_entrez_id"
"3915936","4685","unique_entrez_id"
"3916138","54143","unique_entrez_id"
"3916290","105372751","unique_entrez_id"
"3916527","58494","unique_entrez_id"
"3916576","2551","unique_entrez_id"
"3916686","","unmapped_entrez"
"3916964","246705","unique_entrez_id"
"3917073","118421","unique_entrez_id"
"3917155","10600","unique_entrez_id"
"3917204","56911","unique_entrez_id"
"3917268","193629","unique_entrez_id"
"3917305","571","unique_entrez_id"
"3917431","100379661","unique_entrez_id"
"3917455","642976","unique_entrez_id"
"3917549","140258","unique_entrez_id"
"3917555","284827","unique_entrez_id"
"3917563","254950","unique_entrez_id"
"3917582","337968","unique_entrez_id"
"3917589","337975","unique_entrez_id"
"3917591","100151643;337976","ambiguous_multiple_entrez"
"3917851","6647","unique_entrez_id"
"3917938","30811","unique_entrez_id"
"3918071","56246","unique_entrez_id"
"3918098","84996","unique_entrez_id"
"3918104","59271","unique_entrez_id"
"3918369","10215","unique_entrez_id"
"3918429","116448","unique_entrez_id"
"3918447","3455","unique_entrez_id"
"3918535","3588","unique_entrez_id"
"3918574","3454","unique_entrez_id"
"3918635","3460","unique_entrez_id"
"3918696","6651","unique_entrez_id"
"3918779","6453","unique_entrez_id"
"3918953","100506334","unique_entrez_id"
"3918959","100506334;101928126;105372790;64968;6526","ambiguous_multiple_entrez"
"3919033","6526","unique_entrez_id"
"3919047","114036","unique_entrez_id"
"3919101","9992","unique_entrez_id"
"3919124","102723553;54065","ambiguous_multiple_entrez"
"3919278","54102","unique_entrez_id"
"3919785","873","unique_entrez_id"
"3919834","874;9980","ambiguous_multiple_entrez"
"3919860","9980","unique_entrez_id"
"3919952","23515","unique_entrez_id"
"3920003","8208","unique_entrez_id"
"3920066","","unmapped_entrez"
"3920171","6493","unique_entrez_id"
"3920367","53820","unique_entrez_id"
"3920385","286495;7267","ambiguous_multiple_entrez"
"3920512","257203","unique_entrez_id"
"3920566","1859","unique_entrez_id"
"3920816","84677","unique_entrez_id"
"3920844","259234","unique_entrez_id"
"3920850","3772","unique_entrez_id"
"3921068","2114","unique_entrez_id"
"3921391","7485","unique_entrez_id"
"3921442","6450","unique_entrez_id"
"3921490","10317","unique_entrez_id"
"3921599","5121","unique_entrez_id"
"3921933","25825","unique_entrez_id"
"3921992","54097","unique_entrez_id"
"3922037","4600","unique_entrez_id"
"3922100","4599","unique_entrez_id"
"3922333","150142","unique_entrez_id"
"3922369","89766","unique_entrez_id"
"3922444","9619","unique_entrez_id"
"3922602","53347","unique_entrez_id"
"3922664","54020","unique_entrez_id"
"3922793","5152","unique_entrez_id"
"3922921","105372817;4731","ambiguous_multiple_entrez"
"3922975","5316","unique_entrez_id"
"3923075","102724652;1409","ambiguous_multiple_entrez"
"3923147","","unmapped_entrez"
"3923179","284836","unique_entrez_id"
"3923218","23076","unique_entrez_id"
"3923257","8566","unique_entrez_id"
"3923312","8568","unique_entrez_id"
"3923354","105372829;56894","ambiguous_multiple_entrez"
"3923426","56894","unique_entrez_id"
"3923436","102724200;7109","ambiguous_multiple_entrez"
"3923498","102724159;5822","ambiguous_multiple_entrez"
"3923537","102724023;8209","ambiguous_multiple_entrez"
"3923608","326","unique_entrez_id"
"3923632","5211","unique_entrez_id"
"3923702","7226","unique_entrez_id"
"3923764","81543","unique_entrez_id"
"3923811","114043","unique_entrez_id"
"3923850","386675","unique_entrez_id"
"3923854","386681","unique_entrez_id"
"3923857","386676;386679;386685","ambiguous_multiple_entrez"
"3923865","353333;386674","ambiguous_multiple_entrez"
"3923881","386683","unique_entrez_id"
"3923896","386685","unique_entrez_id"
"3923982","85395","unique_entrez_id"
"3924041","104","unique_entrez_id"
"3924100","114042","unique_entrez_id"
"3924144","80781","unique_entrez_id"
"3924254","54039","unique_entrez_id"
"3924372","1291","unique_entrez_id"
"3924424","1292","unique_entrez_id"
"3924518","114044","unique_entrez_id"
"3924573","5116","unique_entrez_id"
"3924674","23181","unique_entrez_id"
"3924783","3275","unique_entrez_id"
"3924869","102800317;400927;7179;93492","ambiguous_multiple_entrez"
"3924929","574;58508;85316;85317;85318;85319","ambiguous_multiple_entrez"
"3925295","284232;391267;440482;441425;441430;728747;729171;84210","ambiguous_multiple_entrez"
"3925381","149998","unique_entrez_id"
"3925439","6782","unique_entrez_id"
"3925473","64092","unique_entrez_id"
"3925639","8204","unique_entrez_id"
"3926080","10950","unique_entrez_id"
"3926138","246312;54149","ambiguous_multiple_entrez"
"3926271","5651","unique_entrez_id"
"3927081","54072","unique_entrez_id"
"3927105","54148","unique_entrez_id"
"3927175","522","unique_entrez_id"
"3927226","351","unique_entrez_id"
"3927392","116159","unique_entrez_id"
"3927446","9510","unique_entrez_id"
"3927480","11096","unique_entrez_id"
"3927903","29104","unique_entrez_id"
"3927949","26046","unique_entrez_id"
"3928040","10069","unique_entrez_id"
"3928070","10694","unique_entrez_id"
"3928211","2897","unique_entrez_id"
"3928387","26285","unique_entrez_id"
"3928415","9073","unique_entrez_id"
"3928477","388818;643812","ambiguous_multiple_entrez"
"3928483","337963","unique_entrez_id"
"3928487","337959","unique_entrez_id"
"3928506","337960","unique_entrez_id"
"3928522","337882","unique_entrez_id"
"3928529","337969","unique_entrez_id"
"3928531","337970","unique_entrez_id"
"3928534","337971","unique_entrez_id"
"3928538","337972","unique_entrez_id"
"3928545","337973","unique_entrez_id"
"3928549","337974","unique_entrez_id"
"3928551","337967","unique_entrez_id"
"3928559","337966","unique_entrez_id"
"3928587","337978","unique_entrez_id"
"3928590","337977","unique_entrez_id"
"3928601","337879","unique_entrez_id"
"3928605","337878","unique_entrez_id"
"3928620","337880","unique_entrez_id"
"3928668","7074","unique_entrez_id"
"3928866","57466","unique_entrez_id"
"3929038","54069","unique_entrez_id"
"3929237","140290","unique_entrez_id"
"3929272","140290","unique_entrez_id"
"3929291","56683","unique_entrez_id"
"3929325","8867","unique_entrez_id"
"3929395","94104","unique_entrez_id"
"3929450","56245","unique_entrez_id"
"3929458","56245","unique_entrez_id"
"3929664","757","unique_entrez_id"
"3929705","54943","unique_entrez_id"
"3929721","2618","unique_entrez_id"
"3929775","29980","unique_entrez_id"
"3929821","9946","unique_entrez_id"
"3929931","539","unique_entrez_id"
"3930212","102723475;3753","ambiguous_multiple_entrez"
"3930235","1827","unique_entrez_id"
"3930360","861","unique_entrez_id"
"3930525","80215","unique_entrez_id"
"3930781","100133286;54093","ambiguous_multiple_entrez"
"3930942","23562","unique_entrez_id"
"3931112","3141","unique_entrez_id"
"3931250","51227","unique_entrez_id"
"3931329","10311","unique_entrez_id"
"3931495","3763","unique_entrez_id"
"3931625","10281","unique_entrez_id"
"3931765","2078","unique_entrez_id"
"3931946","400866","unique_entrez_id"
"3931995","400867","unique_entrez_id"
"3932131","8624","unique_entrez_id"
"3932148","54014","unique_entrez_id"
"3932261","","unmapped_entrez"
"3932270","3150","unique_entrez_id"
"3932323","150082","unique_entrez_id"
"3932397","114041","unique_entrez_id"
"3932524","1826","unique_entrez_id"
"3932917","191585","unique_entrez_id"
"3933039","7113","unique_entrez_id"
"3933131","105372809;150135","ambiguous_multiple_entrez"
"3933205","54101","unique_entrez_id"
"3933243","63977","unique_entrez_id"
"3933331","25966","unique_entrez_id"
"3933399","49854","unique_entrez_id"
"3933451","150147","unique_entrez_id"
"3933536","7033","unique_entrez_id"
"3933550","7032","unique_entrez_id"
"3933559","7031","unique_entrez_id"
"3933566","64699","unique_entrez_id"
"3933625","89765","unique_entrez_id"
"3933817","10785","unique_entrez_id"
"3933923","102724560;875","ambiguous_multiple_entrez"
"3933999","7307","unique_entrez_id"
"3934111","102724428;150094","ambiguous_multiple_entrez"
"3934162","114038","unique_entrez_id"
"3934187","11077","unique_entrez_id"
"3934245","1476","unique_entrez_id"
"3934263","284837","unique_entrez_id"
"3934344","105372831;105377139","ambiguous_multiple_entrez"
"3934407","102723996;23308","ambiguous_multiple_entrez"
"3934439","29947","unique_entrez_id"
"3934479","755","unique_entrez_id"
"3934529","54084","unique_entrez_id"
"3934573","386677","unique_entrez_id"
"3934591","386680","unique_entrez_id"
"3934614","386684","unique_entrez_id"
"3934623","353323;353332","ambiguous_multiple_entrez"
"3934642","353332","unique_entrez_id"
"3934652","7327","unique_entrez_id"
"3934669","6612","unique_entrez_id"
"3934695","754","unique_entrez_id"
"3934729","3689","unique_entrez_id"
"3934785","84536","unique_entrez_id"
"3934837","105372836;728039","ambiguous_multiple_entrez"
"3934867","23275","unique_entrez_id"
"3934903","","unmapped_entrez"
"3934912","246704","unique_entrez_id"
"3934983","378832","unique_entrez_id"
"3935016","6573","unique_entrez_id"
"3935192","10841","unique_entrez_id"
"3935232","84221","unique_entrez_id"
"3935243","4047","unique_entrez_id"
"3935300","8888","unique_entrez_id"
"3935374","54058","unique_entrez_id"
"3935486","6285","unique_entrez_id"
"3936009","100130418;23765","ambiguous_multiple_entrez"
"3936167","27443","unique_entrez_id"
"3936224","83733","unique_entrez_id"
"3936256","23786","unique_entrez_id"
"3936330","200298","unique_entrez_id"
"3936442","55670","unique_entrez_id"
"3936515","51807","unique_entrez_id"
"3936550","105372935;105372942;105377182;105379548;11274;373856","ambiguous_multiple_entrez"
"3936828","23617","unique_entrez_id"
"3936887","64976","unique_entrez_id"
"3936913","8318","unique_entrez_id"
"3936951","100526833;5413","ambiguous_multiple_entrez"
"3936992","100526833","unique_entrez_id"
"3937092","1312","unique_entrez_id"
"3937130","128989;406961","ambiguous_multiple_entrez"
"3937183","100500860;54487","ambiguous_multiple_entrez"
"3937252","29801","unique_entrez_id"
"3937294","150197","unique_entrez_id"
"3937527","7625","unique_entrez_id"
"3937587","101928824;51586","ambiguous_multiple_entrez"
"3937715","645426;728229;84222","ambiguous_multiple_entrez"
"3937743","3053","unique_entrez_id"
"3937755","9342","unique_entrez_id"
"3937787","1399","unique_entrez_id"
"3937814","150209","unique_entrez_id"
"3937847","8216","unique_entrez_id"
"3937891","439931","unique_entrez_id"
"3937900","9127","unique_entrez_id"
"3937943","400892;613","ambiguous_multiple_entrez"
"3937967","642633;729461","ambiguous_multiple_entrez"
"3938113","23119","unique_entrez_id"
"3938175","7332","unique_entrez_id"
"3938215","164592","unique_entrez_id"
"3938238","23753","unique_entrez_id"
"3938244","23759;406920","ambiguous_multiple_entrez"
"3938384","100290481;100423062;105372957;105379605;28786;28793;28796;28818;28823;28831;3519;3537;3546;723778;96610","ambiguous_multiple_entrez"
"3938750","100423062;28778","ambiguous_multiple_entrez"
"3938792","7441","unique_entrez_id"
"3938817","642311;96610;9790","ambiguous_multiple_entrez"
"3939125","2781","unique_entrez_id"
"3939154","9609","unique_entrez_id"
"3939183","26226;400892;613;644165","ambiguous_multiple_entrez"
"3939277","26226;6468","ambiguous_multiple_entrez"
"3939365","6598","unique_entrez_id"
"3939426","266747","unique_entrez_id"
"3939450","150248","unique_entrez_id"
"3939470","4320","unique_entrez_id"
"3939498","66035","unique_entrez_id"
"3939545","4282","unique_entrez_id"
"3939707","23523","unique_entrez_id"
"3939875","56241","unique_entrez_id"
"3939914","102724197;2678;2679;645367;728441;91227;92086","ambiguous_multiple_entrez"
"3939952","102724728;102725072;25812;266697;29774;29797;646074","ambiguous_multiple_entrez"
"3940001","101730217;23384","ambiguous_multiple_entrez"
"3940099","101730217;135","ambiguous_multiple_entrez"
"3940124","51733","unique_entrez_id"
"3940185","6634","unique_entrez_id"
"3940452","1417","unique_entrez_id"
"3940470","1415;1416;91355","ambiguous_multiple_entrez"
"3940631","157;7525","ambiguous_multiple_entrez"
"3940751","84700","unique_entrez_id"
"3940901","23544","unique_entrez_id"
"3940985","","unmapped_entrez"
"3940992","57168","unique_entrez_id"
"3941010","402055","unique_entrez_id"
"3941076","1413","unique_entrez_id"
"3941623","150274","unique_entrez_id"
"3941643","150275","unique_entrez_id"
"3941793","83999","unique_entrez_id"
"3941848","129080","unique_entrez_id"
"3941907","2130","unique_entrez_id"
"3941958","10634","unique_entrez_id"
"3942007","10738;10739;5988","ambiguous_multiple_entrez"
"3942021","4744","unique_entrez_id"
"3942062","4771","unique_entrez_id"
"3942124","164633","unique_entrez_id"
"3942161","29796","unique_entrez_id"
"3942179","8897","unique_entrez_id"
"3942259","150280","unique_entrez_id"
"3942350","23541","unique_entrez_id"
"3942384","51537","unique_entrez_id"
"3942411","105372990","unique_entrez_id"
"3942472","6948","unique_entrez_id"
"3942502","339665","unique_entrez_id"
"3942531","23762","unique_entrez_id"
"3942634","150291","unique_entrez_id"
"3942648","55000","unique_entrez_id"
"3942681","6525","unique_entrez_id"
"3942766","27124","unique_entrez_id"
"3942805","91445","unique_entrez_id"
"3942838","3985","unique_entrez_id"
"3942916","101929760","unique_entrez_id"
"3942940","54944","unique_entrez_id"
"3942954","4733","unique_entrez_id"
"3942998","9814","unique_entrez_id"
"3943101","9681","unique_entrez_id"
"3943207","7533","unique_entrez_id"
"3943234","6523","unique_entrez_id"
"3943368","10738;10739;5988","ambiguous_multiple_entrez"
"3943414","25793","unique_entrez_id"
"3943504","7078","unique_entrez_id"
"3944046","10042","unique_entrez_id"
"3944084","10043","unique_entrez_id"
"3944129","3162","unique_entrez_id"
"3944147","4174","unique_entrez_id"
"3944210","23551","unique_entrez_id"
"3944243","80830","unique_entrez_id"
"3944273","80831","unique_entrez_id"
"3944404","8542","unique_entrez_id"
"3944543","4689","unique_entrez_id"
"3944564","1439","unique_entrez_id"
"3944620","4357","unique_entrez_id"
"3944637","79734","unique_entrez_id"
"3944690","27128","unique_entrez_id"
"3944758","11135","unique_entrez_id"
"3944778","26088","unique_entrez_id"
"3944826","23616","unique_entrez_id"
"3944873","57026","unique_entrez_id"
"3944882","3956","unique_entrez_id"
"3944902","79159","unique_entrez_id"
"3944922","11078","unique_entrez_id"
"3945006","3005","unique_entrez_id"
"3945014","23464","unique_entrez_id"
"3945040","8484","unique_entrez_id"
"3945056","51386","unique_entrez_id"
"3945084","85377","unique_entrez_id"
"3945133","102465492;5435","ambiguous_multiple_entrez"
"3945180","9463","unique_entrez_id"
"3945225","23764","unique_entrez_id"
"3945314","11015","unique_entrez_id"
"3945349","25776","unique_entrez_id"
"3945376","56993","unique_entrez_id"
"3945396","9567","unique_entrez_id"
"3945515","100913187;200315","ambiguous_multiple_entrez"
"3945545","100913187;140564;200315;9582","ambiguous_multiple_entrez"
"3945572","27350","unique_entrez_id"
"3945585","140564;27350","ambiguous_multiple_entrez"
"3945614","200316;60489","ambiguous_multiple_entrez"
"3945651","200316;60489","ambiguous_multiple_entrez"
"3945684","164668","unique_entrez_id"
"3945781","9145","unique_entrez_id"
"3945815","100506472;10454","ambiguous_multiple_entrez"
"3945863","4248","unique_entrez_id"
"3945877","54471","unique_entrez_id"
"3945914","390251;468","ambiguous_multiple_entrez"
"3945942","8911","unique_entrez_id"
"3946095","9402","unique_entrez_id"
"3946146","113828","unique_entrez_id"
"3946192","23112","unique_entrez_id"
"3946351","158","unique_entrez_id"
"3946380","27352","unique_entrez_id"
"3946495","2847","unique_entrez_id"
"3946510","63929","unique_entrez_id"
"3946563","9978","unique_entrez_id"
"3946615","100302237;2033","ambiguous_multiple_entrez"
"3946705","83746","unique_entrez_id"
"3946762","23264","unique_entrez_id"
"3946817","7008","unique_entrez_id"
"3946889","50","unique_entrez_id"
"3946944","27254","unique_entrez_id"
"3946970","2547","unique_entrez_id"
"3947011","79640","unique_entrez_id"
"3947036","150365","unique_entrez_id"
"3947096","79879","unique_entrez_id"
"3947123","407039;6721","ambiguous_multiple_entrez"
"3947227","164684;55964","ambiguous_multiple_entrez"
"3947258","164684","unique_entrez_id"
"3947310","100132273;102723722;107987464;91689","ambiguous_multiple_entrez"
"3947434","253190;94009","ambiguous_multiple_entrez"
"3947460","253190;94009","ambiguous_multiple_entrez"
"3947604","638","unique_entrez_id"
"3947627","706","unique_entrez_id"
"3947863","29780","unique_entrez_id"
"3947952","80339","unique_entrez_id"
"3947986","25813","unique_entrez_id"
"3948047","64098","unique_entrez_id"
"3948259","23779;553158;55615","ambiguous_multiple_entrez"
"3948461","10762","unique_entrez_id"
"3948528","7380","unique_entrez_id"
"3948543","55007","unique_entrez_id"
"3948590","26150","unique_entrez_id"
"3948640","2192","unique_entrez_id"
"3948754","25814","unique_entrez_id"
"3948898","150381;400931","ambiguous_multiple_entrez"
"3948936","","unmapped_entrez"
"3948953","5465","unique_entrez_id"
"3949017","55020","unique_entrez_id"
"3949055","51512","unique_entrez_id"
"3949097","55687","unique_entrez_id"
"3949162","23151","unique_entrez_id"
"3949229","105369161;25771","ambiguous_multiple_entrez"
"3949722","25817","unique_entrez_id"
"3950172","","unmapped_entrez"
"3950405","9889","unique_entrez_id"
"3950452","79174","unique_entrez_id"
"3950522","54456","unique_entrez_id"
"3950602","56666","unique_entrez_id"
"3950629","80305","unique_entrez_id"
"3950668","83642","unique_entrez_id"
"3950726","9701","unique_entrez_id"
"3950832","55586;79924","ambiguous_multiple_entrez"
"3950846","55586","unique_entrez_id"
"3950872","29781","unique_entrez_id"
"3950932","113730","unique_entrez_id"
"3950974","23542","unique_entrez_id"
"3951117","49","unique_entrez_id"
"3951136","101929828;118433;284593;284942;388574","ambiguous_multiple_entrez"
"3951190","29798;503637;503638;503639","ambiguous_multiple_entrez"
"3951302","100288966;23784;317754;404785;445582;641455;653269;653781;728378","ambiguous_multiple_entrez"
"3951493","150160","unique_entrez_id"
"3951583","150165","unique_entrez_id"
"3951719","27439","unique_entrez_id"
"3951732","27440","unique_entrez_id"
"3951768","51816","unique_entrez_id"
"3951887","529","unique_entrez_id"
"3951927","637","unique_entrez_id"
"3952360","440792;5625","ambiguous_multiple_entrez"
"3952453","25786;9993","ambiguous_multiple_entrez"
"3952508","8220","unique_entrez_id"
"3952512","8220","unique_entrez_id"
"3952535","2928","unique_entrez_id"
"3952543","6576","unique_entrez_id"
"3952566","8218","unique_entrez_id"
"3952637","7290","unique_entrez_id"
"3952703","128977;7290","ambiguous_multiple_entrez"
"3952718","7353","unique_entrez_id"
"3952762","7122","unique_entrez_id"
"3952825","54584;79680","ambiguous_multiple_entrez"
"3952880","10587","unique_entrez_id"
"3952956","421","unique_entrez_id"
"3953033","102465490;27037","ambiguous_multiple_entrez"
"3953153","65078","unique_entrez_id"
"3953196","8214;85359","ambiguous_multiple_entrez"
"3953524","91179","unique_entrez_id"
"3953556","84861","unique_entrez_id"
"3953724","375133;5297;728233","ambiguous_multiple_entrez"
"3953865","80764","unique_entrez_id"
"3953879","113691","unique_entrez_id"
"3953911","6545","unique_entrez_id"
"3954206","29799","unique_entrez_id"
"3954238","5594","unique_entrez_id"
"3954294","9647","unique_entrez_id"
"3954323","","unmapped_entrez"
"3954331","8940","unique_entrez_id"
"3954375","102724653;105372952;23532;649179","ambiguous_multiple_entrez"
"3954525","140883","unique_entrez_id"
"3954545","129025","unique_entrez_id"
"3954596","27156","unique_entrez_id"
"3954623","","unmapped_entrez"
"3954691","150244","unique_entrez_id"
"3954729","105372955;388882","ambiguous_multiple_entrez"
"3954746","3543;51233","ambiguous_multiple_entrez"
"3954764","51233;91316","ambiguous_multiple_entrez"
"3954866","7621","unique_entrez_id"
"3954879","29802","unique_entrez_id"
"3954887","400916","unique_entrez_id"
"3954910","91319","unique_entrez_id"
"3954989","100037417;1652","ambiguous_multiple_entrez"
"3955070","25774;653399","ambiguous_multiple_entrez"
"3955102","2952","unique_entrez_id"
"3955185","2687","unique_entrez_id"
"3955327","83606","unique_entrez_id"
"3955357","388886","unique_entrez_id"
"3955429","440822","unique_entrez_id"
"3955483","255349","unique_entrez_id"
"3955627","91355","unique_entrez_id"
"3955815","89781","unique_entrez_id"
"3955875","24144","unique_entrez_id"
"3955915","8459","unique_entrez_id"
"3955940","1414","unique_entrez_id"
"3956226","4330","unique_entrez_id"
"3956290","23760","unique_entrez_id"
"3956342","23331","unique_entrez_id"
"3956433","101929031;102723841;102723890;11200;646096","ambiguous_multiple_entrez"
"3956589","7494","unique_entrez_id"
"3956670","25770","unique_entrez_id"
"3956714","25807","unique_entrez_id"
"3956768","10633","unique_entrez_id"
"3956781","10740;162","ambiguous_multiple_entrez"
"3956854","8563","unique_entrez_id"
"3956909","8508","unique_entrez_id"
"3956984","55954","unique_entrez_id"
"3957003","84164","unique_entrez_id"
"3957160","3976","unique_entrez_id"
"3957188","5008","unique_entrez_id"
"3957207","652968","unique_entrez_id"
"3957224","83874","unique_entrez_id"
"3957260","10291","unique_entrez_id"
"3957341","266629","unique_entrez_id"
"3957374","284904;730005","ambiguous_multiple_entrez"
"3957429","9514","unique_entrez_id"
"3957445","23481","unique_entrez_id"
"3957486","150290","unique_entrez_id"
"3957589","22880","unique_entrez_id"
"3957666","","unmapped_entrez"
"3957679","105372995;140606","ambiguous_multiple_entrez"
"3957699","50487","unique_entrez_id"
"3957738","100852405","unique_entrez_id"
"3957790","113791","unique_entrez_id"
"3957816","23598","unique_entrez_id"
"3957873","56478","unique_entrez_id"
"3957938","23761","unique_entrez_id"
"3958005","253143","unique_entrez_id"
"3958045","253143","unique_entrez_id"
"3958063","25775","unique_entrez_id"
"3958129","10738;10739;5988","ambiguous_multiple_entrez"
"3958157","6527","unique_entrez_id"
"3958253","51493","unique_entrez_id"
"3958255","","unmapped_entrez"
"3958257","","unmapped_entrez"
"3958258","","unmapped_entrez"
"3958259","","unmapped_entrez"
"3958261","","unmapped_entrez"
"3958262","","unmapped_entrez"
"3958263","","unmapped_entrez"
"3958266","","unmapped_entrez"
"3958267","","unmapped_entrez"
"3958269","","unmapped_entrez"
"3958273","","unmapped_entrez"
"3958276","","unmapped_entrez"
"3958278","","unmapped_entrez"
"3958279","","unmapped_entrez"
"3958281","","unmapped_entrez"
"3958282","","unmapped_entrez"
"3958285","","unmapped_entrez"
"3958287","","unmapped_entrez"
"3958289","","unmapped_entrez"
"3958291","","unmapped_entrez"
"3958293","","unmapped_entrez"
"3958295","","unmapped_entrez"
"3958297","","unmapped_entrez"
"3958299","","unmapped_entrez"
"3958301","","unmapped_entrez"
"3958303","","unmapped_entrez"
"3958305","","unmapped_entrez"
"3958307","","unmapped_entrez"
"3958309","","unmapped_entrez"
"3958311","","unmapped_entrez"
"3958313","","unmapped_entrez"
"3958315","","unmapped_entrez"
"3958317","","unmapped_entrez"
"3958319","","unmapped_entrez"
"3958321","","unmapped_entrez"
"3958323","","unmapped_entrez"
"3958325","","unmapped_entrez"
"3958327","","unmapped_entrez"
"3958329","","unmapped_entrez"
"3958331","","unmapped_entrez"
"3958333","","unmapped_entrez"
"3958335","","unmapped_entrez"
"3958337","","unmapped_entrez"
"3958339","","unmapped_entrez"
"3958341","","unmapped_entrez"
"3958343","","unmapped_entrez"
"3958345","","unmapped_entrez"
"3958347","","unmapped_entrez"
"3958349","","unmapped_entrez"
"3958351","","unmapped_entrez"
"3958353","","unmapped_entrez"
"3958355","","unmapped_entrez"
"3958357","","unmapped_entrez"
"3958359","","unmapped_entrez"
"3958361","","unmapped_entrez"
"3958363","","unmapped_entrez"
"3958365","","unmapped_entrez"
"3958367","","unmapped_entrez"
"3958369","","unmapped_entrez"
"3958371","","unmapped_entrez"
"3958373","","unmapped_entrez"
"3958375","","unmapped_entrez"
"3958377","","unmapped_entrez"
"3958379","","unmapped_entrez"
"3958381","","unmapped_entrez"
"3958383","","unmapped_entrez"
"3958385","","unmapped_entrez"
"3958387","","unmapped_entrez"
"3958389","","unmapped_entrez"
"3958391","","unmapped_entrez"
"3958393","","unmapped_entrez"
"3958395","","unmapped_entrez"
"3958397","","unmapped_entrez"
"3958399","","unmapped_entrez"
"3958401","","unmapped_entrez"
"3958403","","unmapped_entrez"
"3958405","","unmapped_entrez"
"3958407","","unmapped_entrez"
"3958409","","unmapped_entrez"
"3958411","","unmapped_entrez"
"3958413","","unmapped_entrez"
"3958415","","unmapped_entrez"
"3958417","","unmapped_entrez"
"3958419","","unmapped_entrez"
"3958421","","unmapped_entrez"
"3958422","254240","unique_entrez_id"
"3958475","8224","unique_entrez_id"
"3958658","9215","unique_entrez_id"
"3959166","284912;4151","ambiguous_multiple_entrez"
"3959185","284912","unique_entrez_id"
"3959203","23543","unique_entrez_id"
"3959350","80833","unique_entrez_id"
"3959388","80832","unique_entrez_id"
"3959411","23780","unique_entrez_id"
"3959451","4627","unique_entrez_id"
"3959593","25828","unique_entrez_id"
"3959613","80020","unique_entrez_id"
"3959631","8664","unique_entrez_id"
"3959632","","unmapped_entrez"
"3959634","","unmapped_entrez"
"3959635","","unmapped_entrez"
"3959636","","unmapped_entrez"
"3959638","","unmapped_entrez"
"3959643","","unmapped_entrez"
"3959644","","unmapped_entrez"
"3959645","","unmapped_entrez"
"3959647","","unmapped_entrez"
"3959649","","unmapped_entrez"
"3959650","","unmapped_entrez"
"3959651","","unmapped_entrez"
"3959653","","unmapped_entrez"
"3959654","","unmapped_entrez"
"3959656","","unmapped_entrez"
"3959657","","unmapped_entrez"
"3959658","","unmapped_entrez"
"3959666","","unmapped_entrez"
"3959668","","unmapped_entrez"
"3959670","","unmapped_entrez"
"3959672","","unmapped_entrez"
"3959674","","unmapped_entrez"
"3959676","","unmapped_entrez"
"3959678","","unmapped_entrez"
"3959680","","unmapped_entrez"
"3959682","","unmapped_entrez"
"3959684","","unmapped_entrez"
"3959686","","unmapped_entrez"
"3959688","","unmapped_entrez"
"3959690","","unmapped_entrez"
"3959692","","unmapped_entrez"
"3959694","","unmapped_entrez"
"3959696","","unmapped_entrez"
"3959698","","unmapped_entrez"
"3959700","","unmapped_entrez"
"3959702","","unmapped_entrez"
"3959704","","unmapped_entrez"
"3959706","","unmapped_entrez"
"3959708","","unmapped_entrez"
"3959710","","unmapped_entrez"
"3959712","","unmapped_entrez"
"3959714","","unmapped_entrez"
"3959716","","unmapped_entrez"
"3959718","","unmapped_entrez"
"3959720","","unmapped_entrez"
"3959722","","unmapped_entrez"
"3959724","","unmapped_entrez"
"3959726","","unmapped_entrez"
"3959728","","unmapped_entrez"
"3959730","","unmapped_entrez"
"3959732","","unmapped_entrez"
"3959734","","unmapped_entrez"
"3959736","","unmapped_entrez"
"3959738","","unmapped_entrez"
"3959740","","unmapped_entrez"
"3959742","","unmapped_entrez"
"3959744","","unmapped_entrez"
"3959746","","unmapped_entrez"
"3959748","","unmapped_entrez"
"3959750","","unmapped_entrez"
"3959752","","unmapped_entrez"
"3959754","","unmapped_entrez"
"3959756","","unmapped_entrez"
"3959758","","unmapped_entrez"
"3959760","","unmapped_entrez"
"3959762","","unmapped_entrez"
"3959764","","unmapped_entrez"
"3959787","10369","unique_entrez_id"
"3959829","11020","unique_entrez_id"
"3959862","5816","unique_entrez_id"
"3959877","","unmapped_entrez"
"3959905","339669","unique_entrez_id"
"3959918","7263","unique_entrez_id"
"3959953","164656","unique_entrez_id"
"3959986","3560","unique_entrez_id"
"3960005","114904","unique_entrez_id"
"3960042","6753","unique_entrez_id"
"3960061","5880","unique_entrez_id"
"3960110","4242","unique_entrez_id"
"3960133","29775","unique_entrez_id"
"3960174","3957","unique_entrez_id"
"3960246","129138;724028;724029","ambiguous_multiple_entrez"
"3960276","84645","unique_entrez_id"
"3960302","6663","unique_entrez_id"
"3960337","23539","unique_entrez_id"
"3960356","80115","unique_entrez_id"
"3960388","8398","unique_entrez_id"
"3960440","106635525;25829","ambiguous_multiple_entrez"
"3960478","102800317;105373030;1454;400927;7179;93492","ambiguous_multiple_entrez"
"3960605","3761","unique_entrez_id"
"3960629","10521","unique_entrez_id"
"3960685","11144","unique_entrez_id"
"3960782","9929","unique_entrez_id"
"3960827","25777","unique_entrez_id"
"3960875","10126","unique_entrez_id"
"3960902","23467","unique_entrez_id"
"3960930","23466","unique_entrez_id"
"3961023","23492","unique_entrez_id"
"3961042","","unmapped_entrez"
"3961068","5155","unique_entrez_id"
"3961253","91582","unique_entrez_id"
"3961325","150350","unique_entrez_id"
"3961496","57591","unique_entrez_id"
"3961622","10478","unique_entrez_id"
"3961664","144106;145165;6767","ambiguous_multiple_entrez"
"3961699","150353","unique_entrez_id"
"3961842","5905","unique_entrez_id"
"3961932","10766","unique_entrez_id"
"3961955","84844","unique_entrez_id"
"3961981","171568","unique_entrez_id"
"3962000","5372","unique_entrez_id"
"3962054","4809;84298","ambiguous_multiple_entrez"
"3962145","115650","unique_entrez_id"
"3962165","79019","unique_entrez_id"
"3962219","4668","unique_entrez_id"
"3962260","4700","unique_entrez_id"
"3962293","101929829;1564;1565","ambiguous_multiple_entrez"
"3962338","6942","unique_entrez_id"
"3962401","150372","unique_entrez_id"
"3962448","27341;91695","ambiguous_multiple_entrez"
"3962469","27341;91695","ambiguous_multiple_entrez"
"3962494","84271","unique_entrez_id"
"3962530","1727","unique_entrez_id"
"3962560","267020","unique_entrez_id"
"3962578","53947","unique_entrez_id"
"3962587","26286","unique_entrez_id"
"3962678","11252","unique_entrez_id"
"3962734","25809","unique_entrez_id"
"3962781","27349","unique_entrez_id"
"3962799","23170","unique_entrez_id"
"3962839","80274","unique_entrez_id"
"3962935","","unmapped_entrez"
"3962997","64800","unique_entrez_id"
"3963115","25830","unique_entrez_id"
"3963135","150379","unique_entrez_id"
"3963289","84247","unique_entrez_id"
"3963476","112885","unique_entrez_id"
"3963676","23313","unique_entrez_id"
"3963754","27127","unique_entrez_id"
"3963905","55267","unique_entrez_id"
"3963913","","unmapped_entrez"
"3963973","150383","unique_entrez_id"
"3963990","10343","unique_entrez_id"
"3964049","9620","unique_entrez_id"
"3964154","64781","unique_entrez_id"
"3964299","","unmapped_entrez"
"3964399","400932","unique_entrez_id"
"3965102","348645","unique_entrez_id"
"3965314","23774","unique_entrez_id"
"3965393","79087","unique_entrez_id"
"3965447","400935","unique_entrez_id"
"3965536","23209","unique_entrez_id"
"3965631","85378","unique_entrez_id"
"3965697","83933","unique_entrez_id"
"3965751","6300","unique_entrez_id"
"3965784","5600","unique_entrez_id"
"3965833","100133234;6305","ambiguous_multiple_entrez"
"3965936","91289","unique_entrez_id"
"3965984","9997","unique_entrez_id"
"3966000","1890;440836;9997","ambiguous_multiple_entrez"
"3966057","1120;1375;386593","ambiguous_multiple_entrez"
"3966143","410","unique_entrez_id"
"3966225","11158;11159","ambiguous_multiple_entrez"
"3966891","100132596;7499","ambiguous_multiple_entrez"
"3966929","8908","unique_entrez_id"
"3967018","416","unique_entrez_id"
"3967689","412","unique_entrez_id"
"3967817","26609;425054;51480;51481","ambiguous_multiple_entrez"
"3968122","6907;90665","ambiguous_multiple_entrez"
"3968269","","unmapped_entrez"
"3968303","357","unique_entrez_id"
"3968397","55841","unique_entrez_id"
"3968512","1183","unique_entrez_id"
"3968664","3052","unique_entrez_id"
"3968748","265","unique_entrez_id"
"3968833","10943;151507","ambiguous_multiple_entrez"
"3969047","5634","unique_entrez_id"
"3969081","51284","unique_entrez_id"
"3969115","51311","unique_entrez_id"
"3969358","25975","unique_entrez_id"
"3969396","170082","unique_entrez_id"
"3969422","9367","unique_entrez_id"
"3969455","8481","unique_entrez_id"
"3969604","10477;286480","ambiguous_multiple_entrez"
"3969633","2742","unique_entrez_id"
"3969713","158747","unique_entrez_id"
"3969802","660;9987","ambiguous_multiple_entrez"
"3969855","11238;340591","ambiguous_multiple_entrez"
"3969946","6728;7310;8233","ambiguous_multiple_entrez"
"3970024","2925;645864","ambiguous_multiple_entrez"
"3970111","795","unique_entrez_id"
"3970130","94056","unique_entrez_id"
"3970166","55787","unique_entrez_id"
"3970214","9185","unique_entrez_id"
"3970338","4810","unique_entrez_id"
"3970476","6322","unique_entrez_id"
"3970642","6792","unique_entrez_id"
"3970714","5475","unique_entrez_id"
"3970833","101928415;5160","ambiguous_multiple_entrez"
"3971219","22866","unique_entrez_id"
"3971329","404281;51360","ambiguous_multiple_entrez"
"3971367","404281","unique_entrez_id"
"3971451","5251","unique_entrez_id"
"3971518","158506","unique_entrez_id"
"3971612","168400","unique_entrez_id"
"3971666","139411","unique_entrez_id"
"3971768","10549","unique_entrez_id"
"3971806","6303","unique_entrez_id"
"3971845","254158","unique_entrez_id"
"3971877","1968;255308","ambiguous_multiple_entrez"
"3971923","7543;7544","ambiguous_multiple_entrez"
"3972025","5165","unique_entrez_id"
"3972093","5422;677773","ambiguous_multiple_entrez"
"3972339","286514","unique_entrez_id"
"3972361","158809","unique_entrez_id"
"3972512","347442","unique_entrez_id"
"3972551","139422","unique_entrez_id"
"3972657","11141","unique_entrez_id"
"3972827","4113","unique_entrez_id"
"3972849","4114","unique_entrez_id"
"3972862","4112;4115","ambiguous_multiple_entrez"
"3972929","2710;2712;2713","ambiguous_multiple_entrez"
"3973396","170062","unique_entrez_id"
"3973505","286464","unique_entrez_id"
"3973556","286464","unique_entrez_id"
"3973692","5638","unique_entrez_id"
"3973768","347404","unique_entrez_id"
"3973803","7504","unique_entrez_id"
"3973839","1536","unique_entrez_id"
"3973891","25763;94122","ambiguous_multiple_entrez"
"3973970","5009","unique_entrez_id"
"3974019","7102","unique_entrez_id"
"3974098","58526","unique_entrez_id"
"3974556","10159","unique_entrez_id"
"3974618","","unmapped_entrez"
"3974708","8239;8287","ambiguous_multiple_entrez"
"3974838","1654;8653","ambiguous_multiple_entrez"
"3974904","60506","unique_entrez_id"
"3974948","2857","unique_entrez_id"
"3974957","27197","unique_entrez_id"
"3975227","4128","unique_entrez_id"
"3975455","63904","unique_entrez_id"
"3975467","7403;7404","ambiguous_multiple_entrez"
"3975762","55634;641339","ambiguous_multiple_entrez"
"3975815","56548","unique_entrez_id"
"3975869","6102","unique_entrez_id"
"3975893","9767","unique_entrez_id"
"3975935","9104","unique_entrez_id"
"3975987","8241","unique_entrez_id"
"3976062","7317","unique_entrez_id"
"3976120","8552","unique_entrez_id"
"3976124","5127","unique_entrez_id"
"3976163","8237","unique_entrez_id"
"3976240","100124540;7712","ambiguous_multiple_entrez"
"3976299","369","unique_entrez_id"
"3976341","7076","unique_entrez_id"
"3976406","347344","unique_entrez_id"
"3976450","389852;729201","ambiguous_multiple_entrez"
"3976494","280657","unique_entrez_id"
"3976519","5935","unique_entrez_id"
"3976559","280658;280659;548313;6756;6757;6759;727837","ambiguous_multiple_entrez"
"3976609","24140","unique_entrez_id"
"3976639","64840","unique_entrez_id"
"3976670","10682","unique_entrez_id"
"3976716","64743","unique_entrez_id"
"3976766","7454","unique_entrez_id"
"3976797","6839","unique_entrez_id"
"3976831","2623","unique_entrez_id"
"3976848","10013","unique_entrez_id"
"3976911","3266","unique_entrez_id"
"3976930","10084","unique_entrez_id"
"3976982","90060","unique_entrez_id"
"3977038","79917","unique_entrez_id"
"3977067","5355","unique_entrez_id"
"3977083","28952","unique_entrez_id"
"3977205","100008586;100101629;100132399;102724473;2543;2574;2576;2577;2578;2579;26748;26749;645037;645051;645073;729396;729408;729422;729428;729431;729442;729447","ambiguous_multiple_entrez"
"3977250","9506","unique_entrez_id"
"3977299","1184;406964","ambiguous_multiple_entrez"
"3977347","85417","unique_entrez_id"
"3977483","9210","unique_entrez_id"
"3977590","170685","unique_entrez_id"
"3977611","340602","unique_entrez_id"
"3977646","23708","unique_entrez_id"
"3977651","9500","unique_entrez_id"
"3977886","280659","unique_entrez_id"
"3978071","170627","unique_entrez_id"
"3978155","54328","unique_entrez_id"
"3978169","54328;64061","ambiguous_multiple_entrez"
"3978295","158787","unique_entrez_id"
"3978424","90121","unique_entrez_id"
"3978453","1161;54552","ambiguous_multiple_entrez"
"3978518","10916","unique_entrez_id"
"3978579","10916;7216","ambiguous_multiple_entrez"
"3978620","27301","unique_entrez_id"
"3978658","203569;389860","ambiguous_multiple_entrez"
"3978706","90737","unique_entrez_id"
"3978760","28986","unique_entrez_id"
"3978812","139628","unique_entrez_id"
"3978819","10325","unique_entrez_id"
"3978943","11279","unique_entrez_id"
"3978999","29978","unique_entrez_id"
"3979101","158584","unique_entrez_id"
"3979208","158586;7789","ambiguous_multiple_entrez"
"3979659","4478","unique_entrez_id"
"3979762","9843","unique_entrez_id"
"3979912","367","unique_entrez_id"
"3980035","286451","unique_entrez_id"
"3980078","9754","unique_entrez_id"
"3980170","1947","unique_entrez_id"
"3980264","100996279","unique_entrez_id"
"3980329","27112","unique_entrez_id"
"3980380","1896","unique_entrez_id"
"3980444","139562","unique_entrez_id"
"3980455","3476","unique_entrez_id"
"3980482","347516","unique_entrez_id"
"3980522","347517;407","ambiguous_multiple_entrez"
"3980560","24137;285643","ambiguous_multiple_entrez"
"3980614","54857","unique_entrez_id"
"3980643","1741","unique_entrez_id"
"3980745","4303","unique_entrez_id"
"3980758","9968","unique_entrez_id"
"3980835","54413","unique_entrez_id"
"3980867","2705","unique_entrez_id"
"3980887","4841","unique_entrez_id"
"3980889","","unmapped_entrez"
"3980892","","unmapped_entrez"
"3980893","","unmapped_entrez"
"3980895","","unmapped_entrez"
"3980896","","unmapped_entrez"
"3980898","","unmapped_entrez"
"3980899","","unmapped_entrez"
"3980903","","unmapped_entrez"
"3980904","","unmapped_entrez"
"3980905","","unmapped_entrez"
"3980907","","unmapped_entrez"
"3980908","","unmapped_entrez"
"3980910","","unmapped_entrez"
"3980912","","unmapped_entrez"
"3980913","","unmapped_entrez"
"3980914","","unmapped_entrez"
"3980916","","unmapped_entrez"
"3980917","","unmapped_entrez"
"3980920","","unmapped_entrez"
"3980922","","unmapped_entrez"
"3980924","","unmapped_entrez"
"3980926","","unmapped_entrez"
"3980928","","unmapped_entrez"
"3980930","","unmapped_entrez"
"3980932","","unmapped_entrez"
"3980934","","unmapped_entrez"
"3980936","","unmapped_entrez"
"3980938","","unmapped_entrez"
"3980940","","unmapped_entrez"
"3980942","","unmapped_entrez"
"3980944","","unmapped_entrez"
"3980946","","unmapped_entrez"
"3980948","","unmapped_entrez"
"3980950","","unmapped_entrez"
"3980952","","unmapped_entrez"
"3980954","","unmapped_entrez"
"3980956","","unmapped_entrez"
"3980958","","unmapped_entrez"
"3980960","","unmapped_entrez"
"3980962","","unmapped_entrez"
"3980964","","unmapped_entrez"
"3980966","","unmapped_entrez"
"3980968","","unmapped_entrez"
"3980972","","unmapped_entrez"
"3980974","","unmapped_entrez"
"3980976","","unmapped_entrez"
"3980978","","unmapped_entrez"
"3980980","","unmapped_entrez"
"3980981","26548","unique_entrez_id"
"3981027","138474;6872","ambiguous_multiple_entrez"
"3981120","8473","unique_entrez_id"
"3981164","93953","unique_entrez_id"
"3981361","340527","unique_entrez_id"
"3981371","5303;728758","ambiguous_multiple_entrez"
"3981592","1046","unique_entrez_id"
"3981735","554203","unique_entrez_id"
"3981931","389874","unique_entrez_id"
"3981959","6567","unique_entrez_id"
"3982103","139596","unique_entrez_id"
"3982242","51260","unique_entrez_id"
"3982293","57692","unique_entrez_id"
"3982410","1349","unique_entrez_id"
"3982423","538","unique_entrez_id"
"3982462","5230","unique_entrez_id"
"3982534","2846","unique_entrez_id"
"3982560","27334","unique_entrez_id"
"3982612","84636","unique_entrez_id"
"3982689","50945","unique_entrez_id"
"3982721","169966","unique_entrez_id"
"3982811","6451","unique_entrez_id"
"3982975","5456","unique_entrez_id"
"3983080","100131816","unique_entrez_id"
"3983105","139322","unique_entrez_id"
"3983154","7552","unique_entrez_id"
"3983228","117154","unique_entrez_id"
"3983324","56062","unique_entrez_id"
"3983397","53336","unique_entrez_id"
"3983537","140886","unique_entrez_id"
"3983549","27328;3875;83259","ambiguous_multiple_entrez"
"3983717","286499","unique_entrez_id"
"3983962","1730","unique_entrez_id"
"3984125","29935","unique_entrez_id"
"3984136","","unmapped_entrez"
"3984445","64102","unique_entrez_id"
"3984468","27286","unique_entrez_id"
"3984536","1478","unique_entrez_id"
"3984633","59353","unique_entrez_id"
"3984655","2491","unique_entrez_id"
"3984702","1821","unique_entrez_id"
"3984779","100529097;3188","ambiguous_multiple_entrez"
"3984840","100131755","unique_entrez_id"
"3984907","51309","unique_entrez_id"
"3984945","51566","unique_entrez_id"
"3985008","140597","unique_entrez_id"
"3985034","100996648;105373299;55998;56000;56001;728343","ambiguous_multiple_entrez"
"3985169","55999","unique_entrez_id"
"3985218","100528062;64860","ambiguous_multiple_entrez"
"3985260","9737","unique_entrez_id"
"3985305","100528062;114928","ambiguous_multiple_entrez"
"3985320","100287765;80823","ambiguous_multiple_entrez"
"3985511","56849","unique_entrez_id"
"3985523","51186","unique_entrez_id"
"3985534","27018","unique_entrez_id"
"3985615","140597;79921","ambiguous_multiple_entrez"
"3985644","158931;85012","ambiguous_multiple_entrez"
"3985665","9338","unique_entrez_id"
"3985709","203562","unique_entrez_id"
"3985717","5354","unique_entrez_id"
"3985774","100101478;286527;767811","ambiguous_multiple_entrez"
"3985866","139231","unique_entrez_id"
"3985949","26280","unique_entrez_id"
"3986087","203447","unique_entrez_id"
"3986168","139221","unique_entrez_id"
"3986230","55086","unique_entrez_id"
"3986261","79589","unique_entrez_id"
"3986291","54885","unique_entrez_id"
"3986346","9075","unique_entrez_id"
"3986397","139212","unique_entrez_id"
"3986412","","unmapped_entrez"
"3986514","221823;5631","ambiguous_multiple_entrez"
"3986585","11043","unique_entrez_id"
"3986647","340547","unique_entrez_id"
"3986672","115201","unique_entrez_id"
"3986730","1287","unique_entrez_id"
"3986933","55916","unique_entrez_id"
"3987029","84187","unique_entrez_id"
"3987148","57529","unique_entrez_id"
"3987166","6998","unique_entrez_id"
"3987228","5063","unique_entrez_id"
"3987446","79868","unique_entrez_id"
"3987492","79868","unique_entrez_id"
"3987607","340595","unique_entrez_id"
"3987876","100302153;3358;677816","ambiguous_multiple_entrez"
"3987928","139804","unique_entrez_id"
"3987945","51213","unique_entrez_id"
"3987996","5358","unique_entrez_id"
"3988152","186","unique_entrez_id"
"3988165","11254","unique_entrez_id"
"3988365","54521","unique_entrez_id"
"3988435","139818","unique_entrez_id"
"3988538","3597","unique_entrez_id"
"3988596","170261","unique_entrez_id"
"3988638","79836","unique_entrez_id"
"3988740","10857","unique_entrez_id"
"3988772","203427","unique_entrez_id"
"3988874","7319","unique_entrez_id"
"3988987","4694","unique_entrez_id"
"3989006","158798","unique_entrez_id"
"3989062","727940;84528","ambiguous_multiple_entrez"
"3989089","10009","unique_entrez_id"
"3989110","23439","unique_entrez_id"
"3989180","28985","unique_entrez_id"
"3989259","2746;2747","ambiguous_multiple_entrez"
"3989448","2892","unique_entrez_id"
"3989678","331","unique_entrez_id"
"3989721","10735","unique_entrez_id"
"3989826","4068","unique_entrez_id"
"3990374","4952","unique_entrez_id"
"3990460","7512","unique_entrez_id"
"3990512","54440","unique_entrez_id"
"3990566","10813;9724","ambiguous_multiple_entrez"
"3990616","63035","unique_entrez_id"
"3990727","9363","unique_entrez_id"
"3990762","9016","unique_entrez_id"
"3990795","51634","unique_entrez_id"
"3990825","404636;55855","ambiguous_multiple_entrez"
"3990927","158763","unique_entrez_id"
"3991006","347468","unique_entrez_id"
"3991109","51765","unique_entrez_id"
"3991650","84295","unique_entrez_id"
"3991698","3251","unique_entrez_id"
"3991814","159091","unique_entrez_id"
"3991889","26071;441518;8933","ambiguous_multiple_entrez"
"3991992","203523","unique_entrez_id"
"3992041","","unmapped_entrez"
"3992148","203522","unique_entrez_id"
"3992304","55511","unique_entrez_id"
"3992354","10479","unique_entrez_id"
"3992408","2273","unique_entrez_id"
"3992467","139378","unique_entrez_id"
"3992512","680","unique_entrez_id"
"3992521","27336","unique_entrez_id"
"3992546","51442","unique_entrez_id"
"3992575","959","unique_entrez_id"
"3992648","","unmapped_entrez"
"3992747","7547","unique_entrez_id"
"3993075","2158","unique_entrez_id"
"3993360","728695","unique_entrez_id"
"3993487","139081","unique_entrez_id"
"3993515","9947","unique_entrez_id"
"3993853","84631","unique_entrez_id"
"3993877","84631","unique_entrez_id"
"3994100","2332","unique_entrez_id"
"3994158","158521","unique_entrez_id"
"3994231","2334","unique_entrez_id"
"3994451","541578;91966","ambiguous_multiple_entrez"
"3994610","4107","unique_entrez_id"
"3994710","10046","unique_entrez_id"
"3994795","4534","unique_entrez_id"
"3994846","8776","unique_entrez_id"
"3994915","3149","unique_entrez_id"
"3994964","9248","unique_entrez_id"
"3995035","139135","unique_entrez_id"
"3995071","79057","unique_entrez_id"
"3995088","89885","unique_entrez_id"
"3995105","1260","unique_entrez_id"
"3995142","4103","unique_entrez_id"
"3995254","55879","unique_entrez_id"
"3995331","102723547;158511;389903","ambiguous_multiple_entrez"
"3995371","50814","unique_entrez_id"
"3995392","7739","unique_entrez_id"
"3995445","29944","unique_entrez_id"
"3995472","84968","unique_entrez_id"
"3995633","633","unique_entrez_id"
"3995666","492","unique_entrez_id"
"3995765","1852","unique_entrez_id"
"3995804","386757;6535","ambiguous_multiple_entrez"
"3995848","215","unique_entrez_id"
"3995885","5365","unique_entrez_id"
"3995946","26576","unique_entrez_id"
"3995975","6748","unique_entrez_id"
"3996029","100996465","unique_entrez_id"
"3996047","554","unique_entrez_id"
"3996083","8269","unique_entrez_id"
"3996142","2652;5956;728458","ambiguous_multiple_entrez"
"3996227","8277","unique_entrez_id"
"3996289","2010","unique_entrez_id"
"3996306","26778;6134","ambiguous_multiple_entrez"
"3996339","6901","unique_entrez_id"
"3996381","537","unique_entrez_id"
"3996404","2664","unique_entrez_id"
"3996430","9130","unique_entrez_id"
"3996467","55558","unique_entrez_id"
"3996551","8517","unique_entrez_id"
"3996598","100132967;286967","ambiguous_multiple_entrez"
"3996667","100847052;1736;677817;677835","ambiguous_multiple_entrez"
"3996755","79184","unique_entrez_id"
"3996815","7411","unique_entrez_id"
"3997738","414","unique_entrez_id"
"3997780","415","unique_entrez_id"
"3997825","25878","unique_entrez_id"
"3997946","5613;5616","ambiguous_multiple_entrez"
"3998247","22829;57502","ambiguous_multiple_entrez"
"3998444","8226","unique_entrez_id"
"3998632","8228","unique_entrez_id"
"3998766","3730","unique_entrez_id"
"3998839","171482","unique_entrez_id"
"3998907","171483","unique_entrez_id"
"3999148","4935","unique_entrez_id"
"3999395","4281","unique_entrez_id"
"3999568","395","unique_entrez_id"
"3999969","171484","unique_entrez_id"
"4000132","10597;6399","ambiguous_multiple_entrez"
"4000155","2824","unique_entrez_id"
"4000269","54960","unique_entrez_id"
"4000370","2187","unique_entrez_id"
"4000456","140462;728619","ambiguous_multiple_entrez"
"4000485","140456","unique_entrez_id"
"4000512","5277","unique_entrez_id"
"4000538","100532742;2277","ambiguous_multiple_entrez"
"4000560","100532742;8544","ambiguous_multiple_entrez"
"4000605","59272","unique_entrez_id"
"4000641","57393","unique_entrez_id"
"4000704","653653;8905","ambiguous_multiple_entrez"
"4000839","56474","unique_entrez_id"
"4000944","5931","unique_entrez_id"
"4001029","","unmapped_entrez"
"4001223","10742","unique_entrez_id"
"4001336","139105","unique_entrez_id"
"4001369","10389","unique_entrez_id"
"4001476","6247","unique_entrez_id"
"4001556","5256","unique_entrez_id"
"4001654","10149","unique_entrez_id"
"4001785","389840","unique_entrez_id"
"4001850","30011;389840","ambiguous_multiple_entrez"
"4002011","256643;729609","ambiguous_multiple_entrez"
"4002081","256714","unique_entrez_id"
"4002148","100158262;1964","ambiguous_multiple_entrez"
"4002173","6197","unique_entrez_id"
"4002378","257240","unique_entrez_id"
"4002394","23676","unique_entrez_id"
"4002741","105373148;23597","ambiguous_multiple_entrez"
"4002809","644649;79135","ambiguous_multiple_entrez"
"4003017","9468","unique_entrez_id"
"4003155","170302","unique_entrez_id"
"4003500","139420","unique_entrez_id"
"4003857","190","unique_entrez_id"
"4003895","80231","unique_entrez_id"
"4003954","257397","unique_entrez_id"
"4004035","53940","unique_entrez_id"
"4004044","1756","unique_entrez_id"
"4004526","158724","unique_entrez_id"
"4004575","83604","unique_entrez_id"
"4004819","6990","unique_entrez_id"
"4004853","8406","unique_entrez_id"
"4004878","6103","unique_entrez_id"
"4005392","54880","unique_entrez_id"
"4005627","159013","unique_entrez_id"
"4005644","9282","unique_entrez_id"
"4005859","8573","unique_entrez_id"
"4006132","80316","unique_entrez_id"
"4006210","4129","unique_entrez_id"
"4006280","4693","unique_entrez_id"
"4006326","80258","unique_entrez_id"
"4006416","139341","unique_entrez_id"
"4006504","79742","unique_entrez_id"
"4006841","121456;51510;84679","ambiguous_multiple_entrez"
"4007009","54539","unique_entrez_id"
"4007086","7592","unique_entrez_id"
"4007126","6853","unique_entrez_id"
"4007164","5199","unique_entrez_id"
"4007186","2002","unique_entrez_id"
"4007216","8409","unique_entrez_id"
"4007333","6758","unique_entrez_id"
"4007376","10214;6757;727837","ambiguous_multiple_entrez"
"4007437","92745","unique_entrez_id"
"4007550","27344","unique_entrez_id"
"4007569","10245","unique_entrez_id"
"4007588","7355","unique_entrez_id"
"4007617","11040","unique_entrez_id"
"4007643","55593","unique_entrez_id"
"4007689","3750","unique_entrez_id"
"4007734","7030","unique_entrez_id"
"4007765","11230","unique_entrez_id"
"4007774","11152","unique_entrez_id"
"4007815","27238","unique_entrez_id"
"4007865","4007","unique_entrez_id"
"4007899","6855","unique_entrez_id"
"4007919","778","unique_entrez_id"
"4008011","50943","unique_entrez_id"
"4008078","6299;8712","ambiguous_multiple_entrez"
"4008170","8852","unique_entrez_id"
"4008427","55190","unique_entrez_id"
"4008855","280658;548313;6759","ambiguous_multiple_entrez"
"4008915","170626","unique_entrez_id"
"4008972","29057;727866","ambiguous_multiple_entrez"
"4009062","102466759;8242","ambiguous_multiple_entrez"
"4009238","8243","unique_entrez_id"
"4009288","3028","unique_entrez_id"
"4009315","10075;406889;407054","ambiguous_multiple_entrez"
"4009506","23133","unique_entrez_id"
"4009560","54954;65267","ambiguous_multiple_entrez"
"4009604","65267","unique_entrez_id"
"4009667","2245","unique_entrez_id"
"4009751","347365","unique_entrez_id"
"4009811","5207","unique_entrez_id"
"4009849","212","unique_entrez_id"
"4009893","90736","unique_entrez_id"
"4009990","158880","unique_entrez_id"
"4010152","442454","unique_entrez_id"
"4010183","169981","unique_entrez_id"
"4010252","474343;54466","ambiguous_multiple_entrez"
"4010352","158586;7789","ambiguous_multiple_entrez"
"4010602","139285","unique_entrez_id"
"4010646","142689","unique_entrez_id"
"4010681","55613","unique_entrez_id"
"4010768","55906","unique_entrez_id"
"4010860","81887","unique_entrez_id"
"4010913","83786;83957","ambiguous_multiple_entrez"
"4011008","11326","unique_entrez_id"
"4011096","60401","unique_entrez_id"
"4011189","4983","unique_entrez_id"
"4011464","64219","unique_entrez_id"
"4011569","158835","unique_entrez_id"
"4011620","5030","unique_entrez_id"
"4011637","51248","unique_entrez_id"
"4011683","56159","unique_entrez_id"
"4011743","84889","unique_entrez_id"
"4011768","29934","unique_entrez_id"
"4011844","158830;3561","ambiguous_multiple_entrez"
"4011889","9203","unique_entrez_id"
"4011951","27160","unique_entrez_id"
"4011989","2833","unique_entrez_id"
"4012142","54821","unique_entrez_id"
"4012154","6191","unique_entrez_id"
"4012178","4435","unique_entrez_id"
"4012204","55869","unique_entrez_id"
"4012299","5255","unique_entrez_id"
"4012407","203429;63947;653687;728656","ambiguous_multiple_entrez"
"4012511","4674","unique_entrez_id"
"4012868","51132","unique_entrez_id"
"4012949","22","unique_entrez_id"
"4013018","158866","unique_entrez_id"
"4013118","139599","unique_entrez_id"
"4013224","546","unique_entrez_id"
"4013359","84061","unique_entrez_id"
"4013434","51616","unique_entrez_id"
"4013460","10800","unique_entrez_id"
"4013549","9452","unique_entrez_id"
"4013730","254065","unique_entrez_id"
"4013828","79366","unique_entrez_id"
"4014029","27330","unique_entrez_id"
"4014076","139324","unique_entrez_id"
"4014191","79983","unique_entrez_id"
"4014251","1121","unique_entrez_id"
"4014387","220885;388524;3921;653162;730029","ambiguous_multiple_entrez"
"4014759","4675","unique_entrez_id"
"4015397","7105","unique_entrez_id"
"4015440","94121","unique_entrez_id"
"4015481","27035","unique_entrez_id"
"4015548","402415","unique_entrez_id"
"4015602","79979","unique_entrez_id"
"4015661","54457","unique_entrez_id"
"4015693","1678","unique_entrez_id"
"4015709","695","unique_entrez_id"
"4015763","2717","unique_entrez_id"
"4015838","54470","unique_entrez_id"
"4015884","9823","unique_entrez_id"
"4015929","2710;2713;55998;56001;728343","ambiguous_multiple_entrez"
"4016001","84460","unique_entrez_id"
"4016045","158931;85012","ambiguous_multiple_entrez"
"4016193","11013","unique_entrez_id"
"4016308","55859","unique_entrez_id"
"4016319","56000","unique_entrez_id"
"4016396","90843","unique_entrez_id"
"4016428","84707","unique_entrez_id"
"4016485","142684;282808","ambiguous_multiple_entrez"
"4016572","9643","unique_entrez_id"
"4016639","51209","unique_entrez_id"
"4016726","158983","unique_entrez_id"
"4016806","80712","unique_entrez_id"
"4016955","56157","unique_entrez_id"
"4017056","6906","unique_entrez_id"
"4017212","79710","unique_entrez_id"
"4017245","55285","unique_entrez_id"
"4017281","54830","unique_entrez_id"
"4017381","1831","unique_entrez_id"
"4017501","56156","unique_entrez_id"
"4017519","5716","unique_entrez_id"
"4017538","1288;8471","ambiguous_multiple_entrez"
"4017694","8471","unique_entrez_id"
"4017747","2986","unique_entrez_id"
"4017798","23630","unique_entrez_id"
"4017810","2182","unique_entrez_id"
"4017961","692226;9949","ambiguous_multiple_entrez"
"4018080","91851","unique_entrez_id"
"4018194","827","unique_entrez_id"
"4018218","1641","unique_entrez_id"
"4018327","7224","unique_entrez_id"
"4018436","340596","unique_entrez_id"
"4018454","154796","unique_entrez_id"
"4018729","3598","unique_entrez_id"
"4018755","57631","unique_entrez_id"
"4019160","90293","unique_entrez_id"
"4019412","63932;728024","ambiguous_multiple_entrez"
"4019465","55922","unique_entrez_id"
"4019486","23157","unique_entrez_id"
"4019570","65109","unique_entrez_id"
"4019599","7737","unique_entrez_id"
"4019611","79576","unique_entrez_id"
"4019700","158800","unique_entrez_id"
"4019768","158801","unique_entrez_id"
"4019784","55026","unique_entrez_id"
"4019849","3920","unique_entrez_id"
"4019900","8450","unique_entrez_id"
"4019967","29071","unique_entrez_id"
"4020444","57187","unique_entrez_id"
"4020655","10178","unique_entrez_id"
"4020938","139170","unique_entrez_id"
"4020991","139741","unique_entrez_id"
"4021149","6594","unique_entrez_id"
"4021250","8862","unique_entrez_id"
"4021341","51114","unique_entrez_id"
"4021433","2000","unique_entrez_id"
"4021469","9131","unique_entrez_id"
"4021508","55609","unique_entrez_id"
"4021558","139760","unique_entrez_id"
"4021633","10495","unique_entrez_id"
"4021777","102723546;3547","ambiguous_multiple_entrez"
"4022009","90167","unique_entrez_id"
"4022032","57826","unique_entrez_id"
"4022106","55796","unique_entrez_id"
"4022183","90161","unique_entrez_id"
"4022332","83844","unique_entrez_id"
"4022335","51270","unique_entrez_id"
"4022370","2239","unique_entrez_id"
"4022447","2719","unique_entrez_id"
"4022690","574506;84848","ambiguous_multiple_entrez"
"4022714","10761","unique_entrez_id"
"4022781","10761;159090","ambiguous_multiple_entrez"
"4022833","56180","unique_entrez_id"
"4022925","26071;441518;8933","ambiguous_multiple_entrez"
"4022970","54967","unique_entrez_id"
"4023006","100287728;7626","ambiguous_multiple_entrez"
"4023242","101060211;102723631;102723680;102723737;441519;441521;541465;541466;728911","ambiguous_multiple_entrez"
"4023274","93380","unique_entrez_id"
"4023467","9459","unique_entrez_id"
"4023633","83550","unique_entrez_id"
"4023901","2258","unique_entrez_id"
"4023907","2258;574507","ambiguous_multiple_entrez"
"4024092","4168","unique_entrez_id"
"4024160","286410","unique_entrez_id"
"4024310","6658","unique_entrez_id"
"4024373","1038","unique_entrez_id"
"4024420","23641","unique_entrez_id"
"4024493","30014;64648;64663;728712","ambiguous_multiple_entrez"
"4024538","51438","unique_entrez_id"
"4024685","139065","unique_entrez_id"
"4025339","100131434;100272228;3423","ambiguous_multiple_entrez"
"4025500","84548","unique_entrez_id"
"4025559","4110","unique_entrez_id"
"4025771","83692","unique_entrez_id"
"4026010","2564;407009","ambiguous_multiple_entrez"
"4026058","100533997;4104","ambiguous_multiple_entrez"
"4026075","100533997;2556;406897;406898;4109","ambiguous_multiple_entrez"
"4026119","100533997;4109","ambiguous_multiple_entrez"
"4026206","100130935;102723547;4101;4111","ambiguous_multiple_entrez"
"4026263","1069","unique_entrez_id"
"4026346","114824","unique_entrez_id"
"4026399","4100","unique_entrez_id"
"4026487","11219;55559","ambiguous_multiple_entrez"
"4026560","92002","unique_entrez_id"
"4026624","139728","unique_entrez_id"
"4026669","10134","unique_entrez_id"
"4026722","3421","unique_entrez_id"
"4026757","57595","unique_entrez_id"
"4026798","3897","unique_entrez_id"
"4026842","393","unique_entrez_id"
"4026902","8260","unique_entrez_id"
"4026925","5973","unique_entrez_id"
"4026956","3054","unique_entrez_id"
"4027009","3654","unique_entrez_id"
"4027056","3654;4204","ambiguous_multiple_entrez"
"4027135","1527","unique_entrez_id"
"4027176","2316","unique_entrez_id"
"4027302","1774","unique_entrez_id"
"4027345","8270","unique_entrez_id"
"4027355","8266","unique_entrez_id"
"4027370","8273","unique_entrez_id"
"4027387","60343","unique_entrez_id"
"4027416","2539","unique_entrez_id"
"4027532","139716","unique_entrez_id"
"4027577","30848","unique_entrez_id"
"4027585","4354","unique_entrez_id"
"4027639","2157","unique_entrez_id"
"4027708","100272147;4515","ambiguous_multiple_entrez"
"4027749","116442","unique_entrez_id"
"4027769","1193;5756","ambiguous_multiple_entrez"
"4027813","474383;474384;8263","ambiguous_multiple_entrez"
"4027823","474381;474382;83740","ambiguous_multiple_entrez"
"4027828","55217","unique_entrez_id"
"4028512","100132596;6192;7499","ambiguous_multiple_entrez"
"4028568","7543;7544","ambiguous_multiple_entrez"
"4028649","90316;90655","ambiguous_multiple_entrez"
"4028716","27328;3875;83259","ambiguous_multiple_entrez"
"4029079","6907;90665","ambiguous_multiple_entrez"
"4029152","5613;5616","ambiguous_multiple_entrez"
"4029286","83867","unique_entrez_id"
"4030063","64595;8239;8287","ambiguous_multiple_entrez"
"4030162","8653","unique_entrez_id"
"4030259","9087","unique_entrez_id"
"4030371","22829;57502","ambiguous_multiple_entrez"
"4031068","246126","unique_entrez_id"
"4031136","9086","unique_entrez_id"
"4031156","140032","unique_entrez_id"
"4031629","159125;159162;159163;286557;378948;378949;378950;378951;5940","ambiguous_multiple_entrez"
"4031692","442862;9081","ambiguous_multiple_entrez"
"4033459","6736","unique_entrez_id"
"4033748","266","unique_entrez_id"
"4034193","159162;159163;286557;378948;378949;378950;378951;5940;64593;83866","ambiguous_multiple_entrez"
"4035017","7404","unique_entrez_id"
"4035762","83869","unique_entrez_id"
"4035833","100133941","unique_entrez_id"
"4036155","246119","unique_entrez_id"
"4036196","51581","unique_entrez_id"
"4036296","105377236;83868","ambiguous_multiple_entrez"
"4036497","83863","unique_entrez_id"
"4037583","23070;8504","ambiguous_multiple_entrez"
"4037595","100887749;23389","ambiguous_multiple_entrez"
"4037638","106480796","unique_entrez_id"
"4037652","30011","unique_entrez_id"
"4037656","","unmapped_entrez"
"4037669","","unmapped_entrez"
"4037708","2495","unique_entrez_id"
"4037778","1755","unique_entrez_id"
"4038494","387893","unique_entrez_id"
"4039017","100133220;102724093;102724117;374650;440295;642402;643707;647042","ambiguous_multiple_entrez"
"4039752","8447","unique_entrez_id"
"4040452","2642","unique_entrez_id"
"4041113","3838","unique_entrez_id"
"4041300","348262","unique_entrez_id"
"4041923","81669","unique_entrez_id"
"4042278","8510;8511","ambiguous_multiple_entrez"
"4042392","142678","unique_entrez_id"
"4043943","3633","unique_entrez_id"
"4044363","1269","unique_entrez_id"
"4044515","728642;728661;984;9906","ambiguous_multiple_entrez"
"4044637","728661;9906","ambiguous_multiple_entrez"
"4045166","9015","unique_entrez_id"
"4045381","7100","unique_entrez_id"
"4045643","140576","unique_entrez_id"
"4045665","57402","unique_entrez_id"
"4045676","6284","unique_entrez_id"
"4045780","10772","unique_entrez_id"
"4046233","285093","unique_entrez_id"
"4046481","84289","unique_entrez_id"
"4047185","9034","unique_entrez_id"
"4047460","258","unique_entrez_id"
"4047493","54510","unique_entrez_id"
"4047607","79908","unique_entrez_id"
"4048241","3123;3126;3127","ambiguous_multiple_entrez"
"4048265","3123;3125;3126;3127;3128","ambiguous_multiple_entrez"
"4048764","100420477;729515","ambiguous_multiple_entrez"
"4049835","137362;155","ambiguous_multiple_entrez"
"4049862","1978","unique_entrez_id"
"4050485","10383;2902","ambiguous_multiple_entrez"
"4050590","10811","unique_entrez_id"
"4051226","10507","unique_entrez_id"
"4051521","401565","unique_entrez_id"
"4051619","54932","unique_entrez_id"
"4051723","377841","unique_entrez_id"
"4052378","11066","unique_entrez_id"
"4052881","554282;653820;728833;729533","ambiguous_multiple_entrez"
"4052962","3803;3805;3808;3810","ambiguous_multiple_entrez"
"4053030","3804;553128;57292","ambiguous_multiple_entrez"
"4053085","5549","unique_entrez_id"
"4053111","26254","unique_entrez_id"
"4053322","85452","unique_entrez_id"
"4053415","148398","unique_entrez_id"
"4053462","339451","unique_entrez_id"
"4053495","84069","unique_entrez_id"
"4053534","9636","unique_entrez_id"
"4053641","727800","unique_entrez_id"
"4053903","7477","unique_entrez_id"
"4053986","","unmapped_entrez"
"4054117","22911;6884","ambiguous_multiple_entrez"
"4054204","347","unique_entrez_id"
"4054238","3166","unique_entrez_id"
"4054405","2701","unique_entrez_id"
"4054414","2707","unique_entrez_id"
"4054427","127534","unique_entrez_id"
"4054437","2709","unique_entrez_id"
"4054481","2563;5590","ambiguous_multiple_entrez"
"4054612","100130417","unique_entrez_id"
"4054639","26155;401010;643276","ambiguous_multiple_entrez"
"4054681","84808","unique_entrez_id"
"4054690","57801","unique_entrez_id"
"4056650","","unmapped_entrez"
"4058352","","unmapped_entrez"
"4062118","","unmapped_entrez"
"4066723","","unmapped_entrez"
"4067180","","unmapped_entrez"
"4068612","","unmapped_entrez"
"4074465","","unmapped_entrez"
"4074842","","unmapped_entrez"
"4081344","","unmapped_entrez"
"4083032","","unmapped_entrez"
"4084837","","unmapped_entrez"
"4090948","","unmapped_entrez"
"4091084","","unmapped_entrez"
"4094247","","unmapped_entrez"
"4094797","","unmapped_entrez"
"4097642","","unmapped_entrez"
"4100336","","unmapped_entrez"
"4109262","","unmapped_entrez"
"4113312","","unmapped_entrez"
"4114368","","unmapped_entrez"
"4114579","","unmapped_entrez"
"4117552","","unmapped_entrez"
"4118126","","unmapped_entrez"
"4119114","","unmapped_entrez"
"4125242","","unmapped_entrez"
"4128085","","unmapped_entrez"
"4129216","","unmapped_entrez"
"4129546","","unmapped_entrez"
"4133537","","unmapped_entrez"
"4133728","","unmapped_entrez"
"4134740","","unmapped_entrez"
"7385511","10438;6441","ambiguous_multiple_entrez"
"7385515","378938","unique_entrez_id"
"7385547","6347","unique_entrez_id"
"7385552","23729;7442","ambiguous_multiple_entrez"
"7385611","3241","unique_entrez_id"
"7385641","64084","unique_entrez_id"
"7385683","27072","unique_entrez_id"
"7385696","7979","unique_entrez_id"
