population,outcome,tau_suvr,reference_tau,full_mean,full_mean_ci95_lower,full_mean_ci95_upper,full_contrast_to_reference,full_contrast_to_reference_ci95_lower,full_contrast_to_reference_ci95_upper,retained_mean,retained_mean_ci95_lower,retained_mean_ci95_upper,retained_contrast_to_reference,retained_contrast_to_reference_ci95_lower,retained_contrast_to_reference_ci95_upper,retained_minus_full_mean,retained_minus_full_shape
all_eligible,hippocampus_icv,1.1112,1.341,0.005216085624008817,0.005064792486269373,0.005367378761748262,0.00033711596052417525,0.00013902630738802583,0.0005352056136603247,0.005210065102832045,0.005064695112465931,0.005355435093198159,0.0003302142022182905,0.00014180553968632284,0.0005186228647502582,-6.020521176772556e-06,-6.90175830588474e-06
all_eligible,hippocampus_icv,1.121383,1.341,0.005201018686846014,0.0050608590997047575,0.005341178273987271,0.0003220490233613731,0.00013914461848255356,0.0005049534282401926,0.005194126874095401,0.005059604332819896,0.0053286494153709065,0.00031427597348164646,0.00014027222716661304,0.0004882797197966799,-6.8918127506126595e-06,-7.773049879726632e-06
all_eligible,hippocampus_icv,1.1315659999999998,1.341,0.005185956877450417,0.005055766085008001,0.005316147669892833,0.0003069872139657756,0.00013880180967596273,0.0004751726182555885,0.00517825897134829,0.005053522167508535,0.005302995775188044,0.00029840807073453586,0.00013836338486223544,0.00045845275660683625,-7.697906102127443e-06,-8.579143231239735e-06
all_eligible,hippocampus_icv,1.141749,1.341,0.0051709007672199134,0.005049366505403381,0.005292435029036446,0.0002919311037352723,0.0001379500137687924,0.00044591219370175225,0.005162469231163723,0.005046318668587106,0.00527861979374034,0.00028261833054996825,0.00013604077294865455,0.00042919588815128196,-8.431536056190472e-06,-9.312773185304066e-06
all_eligible,hippocampus_icv,1.151932,1.341,0.005155850927552396,0.005041528845509243,0.005270173009595549,0.00027688126406775457,0.00013654182724459827,0.0004172207008909109,0.0051467654901147086,0.005037874366933735,0.0052556566132956825,0.0002669145895009548,0.00013326666946277804,0.0004005625095391316,-9.085437437687457e-06,-9.96667456679975e-06
all_eligible,hippocampus_icv,1.162115,1.341,0.005140807929845755,0.005032157601761498,0.005249458257930012,0.0002618382663611127,0.00013453070899508074,0.0003891458237271447,0.0051311555847742595,0.005028098051178411,0.005234213118370108,0.0002513046841605056,0.0001300042857922691,0.00037260508252874206,-9.652345071495434e-06,-1.053358220060713e-05
all_eligible,hippocampus_icv,1.172298,1.341,0.005125772345497879,0.005021216728384926,0.005230327962610832,0.0002468026820132375,0.00013187160115940685,0.00036173376286706817,0.005115647351715387,0.005016948398414178,0.005214346305016596,0.0002357964511016314,0.00012621840732830617,0.0003453744948749566,-1.0124993782492306e-05,-1.1006230911606116e-05
all_eligible,hippocampus_icv,1.182481,1.341,0.0051107447459066615,0.005008748848317955,0.005212740643495368,0.00023177508242201993,0.00012852188353263267,0.0003350282813114072,0.005100248627511097,0.005004453756806697,0.005196043498215497,0.00022039772689734274,0.0001218763686212048,0.00031891908517348065,-1.049611839556465e-05,-1.1377355524677186e-05
all_eligible,hippocampus_icv,1.192664,1.341,0.005095725702469992,0.004994881832189587,0.005196569572750396,0.00021675603898534988,0.0001244428181963768,0.00030906925977432296,0.005084967248734404,0.004990722156241852,0.005179212341226955,0.00020511634812064953,0.00011694951390080656,0.0002932831823404925,-1.0758453735587765e-05,-1.1639690864700356e-05
all_eligible,hippocampus_icv,1.202847,1.341,0.00508071578658576,0.0049798182918129605,0.005181613281358559,0.00020174612310111843,0.00011960169122292049,0.0002838905549793164,0.005069811051958316,0.004975935847595809,0.005163686256320822,0.00018996015134456262,0.00011141533707734575,0.0002685049656117795,-1.0904734627443895e-05,-1.1785971756555808e-05
all_eligible,hippocampus_icv,1.2130299999999998,1.341,0.005065715569651858,0.004963811149743595,0.0051676199895601205,0.0001867459061672163,0.00011397489588711049,0.0002595169164473221,0.005054787873755847,0.004960331254766203,0.005149244492745491,0.00017493697314209262,0.00010526052129580289,0.00024461342498838235,-1.092769589601094e-05,-1.1808933025123693e-05
all_eligible,hippocampus_icv,1.2232129999999999,1.341,0.005050725623066176,0.004947134170014563,0.0051543170761177886,0.0001717559595815338,0.00010755218582180729,0.00023595973334126033,0.005039905550700004,0.004944171624905849,0.005135639476494158,0.0001600546500862496,9.84850657685405e-05,0.00022162423440395872,-1.082007236617201e-05,-1.1701309495284193e-05
all_eligible,hippocampus_icv,1.233396,1.341,0.005035746518226603,0.004930056324966783,0.005141436711486423,0.0001567768547419616,0.0001003421829775967,0.0002132115265063265,0.005025171919363798,0.004927721243906786,0.00512262259482081,0.00014532101875004412,9.11075277993219e-05,0.00019953450970076634,-1.0574598862805006e-05,-1.1455835991917488e-05
all_eligible,hippocampus_icv,1.243579,1.341,0.005020778826531032,0.004912824606940333,0.005128733046121731,0.00014180916304639055,9.237885617698904e-05,0.00019123946991579207,0.005010594816320241,0.004911226846333801,0.00510996278630668,0.00013074391570648677,8.317103777834536e-05,0.00017831679363462818,-1.0184010210791301e-05,-1.1065247339903784e-05
all_eligible,hippocampus_icv,1.253762,1.341,0.005005823119377353,0.004895655364088218,0.005115990874666488,0.00012685345589271113,8.372803035712456e-05,0.0001699788814282977,0.0049961820781423425,0.004894907329368959,0.005097456826915726,0.00011633117752858792,7.4749130622492e-05,0.00015791322443468384,-9.641041235010535e-06,-1.0522278364123207e-05
all_eligible,hippocampus_icv,1.2639449999999999,1.341,0.004990880003025704,0.004878731558555858,0.005103028447495551,0.00011191033954106267,7.449221246246363e-05,0.0001493284666196617,0.004981941505292745,0.004878949657274733,0.005084933353310757,0.00010209060467899188,6.59496899181749e-05,0.00013823151943980885,-8.938497732959017e-06,-9.819734862070794e-06
all_eligible,hippocampus_icv,1.274128,1.341,0.004975953032414562,0.004862182534749586,0.005089723530079538,9.698336892992044e-05,6.481304491484034e-05,0.00012915369294500055,0.0049678778439888735,0.004863483061242598,0.005072272626735149,8.802694337511877e-05,5.691005954771816e-05,0.0001191438272025194,-8.075188425688863e-06,-8.95642555480167e-06
all_eligible,hippocampus_icv,1.284311,1.341,0.004961050908637573,0.00484606772718254,0.005076034090092606,8.208124515293065e-05,5.484939240135762e-05,0.00010931309790450367,0.004953990510053285,0.004848558740902561,0.00505942227920401,7.413960943953074e-05,4.777092951253871e-05,0.00010050828936652279,-7.060398584287676e-06,-7.941635713399901e-06
all_eligible,hippocampus_icv,1.2944939999999998,1.341,0.004946182850341859,0.004830413523586431,0.005061952177097287,6.721318685721752e-05,4.474932988868882e-05,8.967704382574622e-05,0.004940278383225915,0.004834194048709137,0.005046362717742692,6.042748261216078e-05,3.8660405809834405e-05,8.219455941448715e-05,-5.9044671159441675e-06,-6.785704245056738e-06
all_eligible,hippocampus_icv,1.3046769999999999,1.341,0.004931358076174546,0.004815223616312068,0.0050474925360370244,5.238841268990394e-05,3.4643406262846484e-05,7.013341911696139e-05,0.004926740343246696,0.004820383627925512,0.005033097058567879,4.6889442632940423e-05,2.968922426712029e-05,6.408966099876056e-05,-4.617732927850518e-06,-5.498970056963515e-06
all_eligible,hippocampus_icv,1.31486,1.341,0.004916585804782756,0.004800484059578053,0.005032687549987459,3.761614129811411e-05,2.4641488873844642e-05,5.059079372238358e-05,0.004913375269855557,0.00480710446646143,0.005019646073249685,3.3524369241802606e-05,2.0948199129771476e-05,4.610053935383374e-05,-3.210534927198909e-06,-4.091772056311506e-06
all_eligible,hippocampus_icv,1.325043,1.341,0.004901875254813613,0.004786166970186328,0.005017583539440898,2.2905591328971488e-05,1.4831725764839549e-05,3.0979456893103425e-05,0.004900182042792434,0.0047943196177996205,0.0050060444677852475,2.0331142178679446e-05,1.2507588241263465e-05,2.8154696116095426e-05,-1.6932120211789192e-06,-2.5744491502920418e-06
all_eligible,hippocampus_icv,1.335226,1.341,0.004887235644914242,0.004772233279129702,0.005002238010698782,8.265981429599983e-06,5.2812326884215305e-06,1.1250730170778435e-05,0.0048871595417972575,0.0047819809904604965,0.0049923380931340185,7.3086411835035795e-06,4.417964822949562e-06,1.0199317544057597e-05,-7.610311698446476e-08,-9.573402460964032e-07
all_eligible,hippocampus_icv,1.3454089999999999,1.341,0.004872676193731766,0.00475863486308406,0.004986717524379472,-6.29346975287649e-06,-8.624861534478704e-06,-3.962077971274276e-06,0.004874306646609962,0.004770031537552579,0.004978581755667345,-5.544254003792437e-06,-7.800561295345667e-06,-3.287946712239208e-06,1.6304528781957428e-06,7.492157490840526e-07
all_eligible,hippocampus_icv,1.355592,1.341,0.004858206119913307,0.004745316323908296,0.004971095915918318,-2.0763543571334975e-05,-2.865999872879724e-05,-1.286708841387271e-05,0.0048616222369704774,0.004758407120824987,0.004964837353115968,-1.8228663643276877e-05,-2.5864356618501224e-05,-1.059297066805253e-05,3.4161170571703897e-06,2.5348799280580973e-06
all_eligible,hippocampus_icv,1.365775,1.341,0.004843834642105991,0.004732216641232476,0.0049554526429795055,-3.513502137865123e-05,-4.885312616145857e-05,-2.1416916595843896e-05,0.004849105192618738,0.00474703828111415,0.0049511721041233265,-3.074570799501683e-05,-4.3998328508374056e-05,-1.749308748165961e-05,5.270550512747295e-06,4.389313383634399e-06
all_eligible,hippocampus_icv,1.3759579999999998,1.341,0.004829570978956941,0.004719270891039485,0.004939871066874397,-4.93986845277015e-05,-6.919088804007567e-05,-2.9606481015327325e-05,0.004836754393294675,0.004735852112030165,0.004937656674559185,-4.30965073190799e-05,-6.219783445498649e-05,-2.3995180183173313e-05,7.183414337734277e-06,6.302177208621598e-06
all_eligible,hippocampus_icv,1.3861409999999998,1.341,0.0048154243491132795,0.00470641219128083,0.004924436506945729,-6.354531437136245e-05,-8.965029729923114e-05,-3.744033144349377e-05,0.0048245687187382195,0.004724774394607938,0.0049243630428685015,-5.5282181875533965e-05,-8.044932668108033e-05,-3.0115037069987598e-05,9.144369624940023e-06,8.26313249582849e-06
all_eligible,hippocampus_icv,1.396324,1.341,0.004801403971222131,0.004693573991686888,0.004909233950757373,-7.756569226251036e-05,-0.00011020058778474599,-4.4930796740274726e-05,0.004812547048689307,0.004713732094342162,0.004911362003036453,-6.730385192444663e-05,-9.873205413577865e-05,-3.58756497131146e-05,1.1143077467176687e-05,1.0261840338063731e-05
all_eligible,hippocampus_icv,1.406507,1.341,0.00478751906393062,0.004680692757531978,0.004894345370329262,-9.14505995540213e-05,-0.0001308047526575166,-5.209644645052599e-05,0.0048006882628878695,0.0047026562378856464,0.0048987202878900925,-7.916263772588525e-05,-0.00011701947604743097,-4.130579940433955e-05,1.3169198957249488e-05,1.2287961828136044e-05
all_eligible,hippocampus_icv,1.41669,1.341,0.004773778845885869,0.00466771100024887,0.004879846691522869,-0.0001051908175987717,-0.00015142079988424856,-5.896083531329485e-05,0.004788991241073837,0.004691485072840213,0.004886497409307462,-9.085965953991765e-05,-0.00013528041688182994,-4.643890219800537e-05,1.5212395187967978e-05,1.4331158058854046e-05
all_eligible,hippocampus_icv,1.4268729999999998,1.341,0.004760192535735004,0.004654580487545571,0.004865804583924437,-0.0001187771277496375,-0.0001720027662235878,-6.555148927568722e-05,0.004777454862987143,0.004680167284473112,0.004874742441501175,-0.00010239603762661107,-0.0001534800010340143,-5.131207421920785e-05,1.726232725213911e-05,1.6381090123026437e-05
all_eligible,hippocampus_icv,1.437056,1.341,0.004746769352125146,0.0046412653452588245,0.004852273358991468,-0.00013220031135949566,-0.0001925015321187978,-7.189909060019352e-05,0.004766078008367721,0.004668664930652833,0.00486349108608261,-0.0001137728922460336,-0.00017158040600279,-5.596537848927721e-05,1.9308656242575037e-05,1.8427419113462053e-05
all_eligible,hippocampus_icv,1.447239,1.341,0.004733518513703419,0.004627744681037548,0.00483929234636929,-0.0001454511497812222,-0.0002128654762777023,-7.803682328474212e-05,0.004754859556955501,0.004656955705102201,0.004852763408808801,-0.00012499134365825276,-0.0001895414693330984,-6.044121798340712e-05,2.1341043252081845e-05,2.0459806122969445e-05
all_eligible,hippocampus_icv,1.4574219999999998,1.341,0.004720449239116948,0.004614014356659081,0.004826884121574815,-0.00015852042436769305,-0.00023304100334997087,-8.399984538541522e-05,0.004743798388490419,0.004645034185276163,0.004842562591704676,-0.00013605251212333571,-0.00020732117972039403,-6.47838445262774e-05,2.3349149373470823e-05,2.2467912244357338e-05
all_eligible,hippocampus_icv,1.4676049999999998,1.341,0.004707570747012856,0.004600087632334746,0.0048150538616909665,-0.00017139891647178525,-0.0002529729725486245,-8.982486039494602e-05,0.004732893382712404,0.004632911868837981,0.0048328748965868265,-0.00014695751790135073,-0.00022487607766883127,-6.903895813387022e-05,2.5322635699547187e-05,2.4441398570434515e-05
all_eligible,hippocampus_icv,1.4777879999999999,1.341,0.004694892256038267,0.004585994586201999,0.004803789925874535,-0.0001840774074463746,-0.0002726050500424254,-9.554976485032384e-05,0.004722143419361389,0.004620616012769951,0.004823670825952827,-0.00015770748125236498,-0.00024216158660802015,-7.325337589670981e-05,2.7251163323122225e-05,2.6369926194009608e-05
all_eligible,hippocampus_icv,1.487971,1.341,0.004682422984840304,0.0045717804218883855,0.004793065547792223,-0.00019654667864433758,-0.000291880003753784,-0.00010121335353489115,0.004711547378177309,0.0046081874932906355,0.004814907263063982,-0.0001683035224364463,-0.00025913229164628717,-7.747475322660545e-05,2.9124393337004624e-05,2.8243156207891274e-05
all_eligible,hippocampus_icv,1.498154,1.341,0.004670171745247791,0.004557502318286438,0.004782841172209145,-0.00020879791823685026,-0.00031074216912358024,-0.00010685366735012026,0.004701104133671833,0.004595677708486154,0.004806530558857513,-0.00017874676694192137,-0.00027574395155384213,-8.174958233000063e-05,3.093238842404207e-05,3.0051151294928884e-05
all_eligible,hippocampus_icv,1.5083369999999998,1.341,0.004658141365306498,0.004543215844174416,0.00477306688643858,-0.00022082829817814405,-0.0003291681882876357,-0.0001124884080686524,0.004690812483455551,0.00458313919645819,0.0047984857704529114,-0.00018903841715820334,-0.00029197816026773287,-8.60986740486738e-05,3.267111814905278e-05,3.178988101994071e-05
all_eligible,hippocampus_icv,1.5185199999999999,1.341,0.004646330119063721,0.0045289678791225136,0.004763692359004929,-0.00023263954442092065,-0.00034715992850087784,-0.00011811916034096343,0.004680671166612957,0.004570618051711599,0.004790724281514315,-0.00019917973400079692,-0.00030783677852578244,-9.052268947581142e-05,3.4341047549235615e-05,3.345981042012373e-05
all_eligible,hippocampus_icv,1.528703,1.341,0.004634736166405224,0.004514800379439592,0.0047546719533708565,-0.0002442334970794174,-0.0003647203919147021,-0.0001237466022441327,0.004670678920761392,0.004558154819735365,0.004783203021787419,-0.0002091719798523621,-0.0003233226633646299,-9.502129634009433e-05,3.5942754356167554e-05,3.506151722705529e-05
all_eligible,hippocampus_icv,1.5388859999999998,1.341,0.0046233576672167695,0.004500750461524252,0.004745964872909287,-0.0002556119962678719,-0.0003818529531305647,-0.00012937103940517905,0.004660834483518195,0.0045457847555722165,0.004775884211464174,-0.00021901641709555936,-0.00033843903934832717,-9.959379484279157e-05,3.747681630142559e-05,3.659557917231254e-05
all_eligible,hippocampus_icv,1.5490689999999998,1.341,0.004612192781384119,0.0044868505641436855,0.004737534998624553,-0.0002667768821005224,-0.00039856126387670084,-0.00013499250032434392,0.004651136592500705,0.004533538189751485,0.004768734995249925,-0.00022871430811304954,-0.000353189410305013,-0.0001042392059210861,3.894381111658584e-05,3.806257398747284e-05
all_eligible,hippocampus_icv,1.5592519999999999,1.341,0.004601239668793035,0.0044731287503863995,0.00472935058719967,-0.00027772999469160686,-0.000414849188662987,-0.00014061080072022672,0.004641583985326261,0.004521440980664456,0.004761726989988066,-0.0002382669152874932,-0.00036757750030121003,-0.00010895633027377638,4.034431653322616e-05,3.9463079404113653e-05
all_eligible,hippocampus_icv,1.569435,1.341,0.00459049648932928,0.004459609084151423,0.004721383894507137,-0.0002884731741553627,-0.0004307207605212562,-0.00014622558778946913,0.004632175399612203,0.004509514995389102,0.0047548358038353045,-0.0002476755010015506,-0.00038160721360617274,-0.0001137437883969285,4.1678910282923545e-05,4.0797673153812066e-05
all_eligible,hippocampus_icv,1.579618,1.341,0.004579961402878613,0.004446312034731992,0.004713610771025234,-0.0002990082606060281,-0.0004461801501173695,-0.0001518363710946867,0.004622909572975871,0.004497778581672891,0.004748040564278851,-0.00025694132763788254,-0.00039528260733740677,-0.00011860004793835829,4.2948170097258445e-05,4.2066932968145556e-05
all_eligible,hippocampus_icv,1.5898009999999998,1.341,0.0045696325693268015,0.004433254878727332,0.004706010259926271,-0.0003093370941578404,-0.00046123164398222246,-0.00015744254433345834,0.004613785243034605,0.004486247009275639,0.004741323476793571,-0.0002660656575791491,-0.00040860787279648294,-0.0001235234423618153,4.4152673707803514e-05,4.3271436578691275e-05
all_eligible,hippocampus_icv,1.5999839999999999,1.341,0.004559508148559604,0.0044204520805236494,0.004698564216595559,-0.00031946151492503793,-0.00047587962910147796,-0.00016304340074859794,0.0046048011474057425,0.004474932869658184,0.004734669425153301,-0.00027504975320801134,-0.00042158732290958033,-0.00012851218350644233,4.529299884613834e-05,4.441176171702659e-05
all_eligible,hippocampus_icv,1.610167,1.341,0.004549586300462783,0.004407915641180542,0.0046912569597450235,-0.0003293833630218586,-0.0004901285820333657,-0.00016863814401035153,0.004595956023706624,0.004463846430045498,0.004728065617367751,-0.0002838948769071296,-0.0004342253840620997,-0.00013356436975215952,4.636972324384165e-05,4.548848611472898e-05
all_eligible,hippocampus_icv,1.6203499999999997,1.341,0.0045398651849221025,0.004395655411363033,0.004684074958481172,-0.0003391044785625397,-0.000503983061316778,-0.00017422589580830147,0.00458724860955459,0.004452995942197374,0.004721501276911806,-0.0002926022910591642,-0.0004465265911745884,-0.0001386779909437401,4.7383424632487826e-05,4.650218750337548e-05
all_eligible,hippocampus_icv,1.6305329999999998,1.341,0.004530342961823321,0.00438367936765783,0.004677006555988812,-0.00034862670166131986,-0.000517447702318244,-0.00017980570100439565,0.0045786776425669785,0.004442387908637474,0.004714967376496483,-0.0003011732580467763,-0.00045849558523073167,-0.00014385093086282093,4.833468074365733e-05,4.745344361454357e-05
all_eligible,hippocampus_icv,1.6407159999999998,1.341,0.004521017791052205,0.004371993853811839,0.004670041728292571,-0.0003579518724324362,-0.0005305272139231304,-0.00018537653094174197,0.004570241860361129,0.004432027310273109,0.004708456410449148,-0.00030960904025262575,-0.0004701371127097053,-0.00014908096779554618,4.9224069308923674e-05,4.834283217981046e-05
all_eligible,hippocampus_icv,1.650899,1.341,0.004511887832494515,0.004360603789613022,0.0046631718753760085,-0.000367081830990127,-0.0005432263766501445,-0.0001909372853301094,0.00456194000055438,0.00442191779974942,0.004701962201359339,-0.00031791090005937346,-0.00048145602653854936,-0.00015436577358019757,5.005216805986472e-05,4.917093093075351e-05
all_eligible,hippocampus_icv,1.661082,1.341,0.004502951246036012,0.004349512850655381,0.004656389641416642,-0.00037601841744863,-0.0005555500418876655,-0.0001964867930095946,0.0045537708007640735,0.004412061864839694,0.004695479736688453,-0.0003260800998496798,-0.0004924572882924361,-0.00015970291140692352,5.081955472806179e-05,4.99383175989502e-05
all_eligible,hippocampus_icv,1.6712649999999998,1.341,0.004494206191562459,0.004338723622342531,0.0046496887607823875,-0.00038476347192218264,-0.0005675031320338257,-0.0002020238118105395,0.004545732998607549,0.004402460965885624,0.004689005031329475,-0.0003341179020062053,-0.0005031459714488694,-0.00016508983256354118,5.1526807045090134e-05,5.0645569915977354e-05
all_eligible,hippocampus_icv,1.6814479999999998,1.341,0.004485650828959619,0.004328237731358812,0.004643063926560426,-0.00039331883452502334,-0.0005790906413812554,-0.00020754702766879123,0.004537825331702144,0.004393115650897918,0.004682535012506369,-0.00034202556891161056,-0.0005135272655568499,-0.0001705238722663712,5.217450274252501e-05,5.129326561341277e-05
all_eligible,hippocampus_icv,1.6916309999999999,1.341,0.004477283318113251,0.00431805595758494,0.004636510678641563,-0.00040168634537138996,-0.0005903176376296231,-0.0002130550531131569,0.004530046537665198,0.004384025651487409,0.0046760674238429875,-0.0003498043629485564,-0.0005236064812210323,-0.00017600224467608048,5.276321955194688e-05,5.1881982422833555e-05
all_eligible,hippocampus_icv,1.7018139999999997,1.341,0.0044691018189091224,0.0043081783291272005,0.004630025308691044,-0.0004098678445755196,-0.0006011892639396781,-0.0002185464252113611,0.0045223953541140526,0.004375189962364648,0.004669600745863457,-0.00035745554649970265,-0.0005333890558285581,-0.00018152203717084712,5.329353520493012e-05,5.241229807581696e-05
all_eligible,hippocampus_icv,1.7119969999999998,1.341,0.0044611044912329905,0.004298604202808193,0.004623604779657788,-0.00041786517225165094,-0.0006117107414647567,-0.00022401960303854526,0.004514870518666044,0.004366606906746033,0.004663134130586055,-0.00036498038194771043,-0.0005428805599656969,-0.00018708020392972397,5.3766027433053455e-05,5.288479030394051e-05
all_eligible,hippocampus_icv,1.7221799999999998,1.341,0.00445328949497062,0.00428933233215763,0.00461724665778361,-0.00042568016851402164,-0.0006218873723120174,-0.00022947296471602586,0.004507470768938514,0.004358274189647213,0.0046566673482298145,-0.00037238013167524044,-0.0005520867044847312,-0.0001926735588657496,5.418127396789388e-05,5.3300036838781206e-05
all_eligible,hippocampus_icv,1.7323629999999999,1.341,0.004445654990007772,0.004280360924656453,0.004610949055359091,-0.0004333146734768692,-0.0006317245428976509,-0.0002349048040560874,0.0045001948425488015,0.004350188940733372,0.004650200744364231,-0.0003796560580649526,-0.0005610133481901037,-0.0001982987679398015,5.453985254102924e-05,5.365861541191657e-05
all_eligible,hippocampus_icv,1.742546,1.341,0.00443819913623021,0.004271687689732519,0.0046047105827279,-0.0004407705272544317,-0.0006412277276689776,-0.00024031332683988578,0.004493041477114246,0.004342347748130145,0.004643735206098347,-0.00038680942349950776,-0.0005696665061175558,-0.0002039523408814597,5.4842340884036535e-05,5.396110375492392e-05
all_eligible,hippocampus_icv,1.7527289999999998,1.341,0.004430920093523695,0.004263309878782399,0.004598530308264992,-0.00044804956996094677,-0.0006504024931725626,-0.00024569664674933096,0.004486009410252189,0.0043347466843752175,0.0046372721361291605,-0.0003938414903615663,-0.0005780523583814291,-0.00020963062234170352,5.508931672849361e-05,5.420807959938045e-05
all_eligible,hippocampus_icv,1.7629119999999998,1.341,0.004423816021773989,0.004255224318300718,0.00459240772524726,-0.0004551536417106526,-0.0006592545024517231,-0.00025105278096958206,0.004479097379579965,0.004327381325505453,0.004630813433654477,-0.0004007535210337891,-0.0005861772595637906,-0.00021532978250378757,5.528135780597573e-05,5.440012067686349e-05
all_eligible,hippocampus_icv,1.7730949999999999,1.341,0.004416885080866855,0.004247427437033382,0.004586342724700327,-0.0004620845826177867,-0.0006677895197594419,-0.00025637964547613147,0.004472304122714918,0.004320246764124047,0.004624361481305789,-0.00040754677789883633,-0.0005940477486147165,-0.00022104580718295614,5.541904184806334e-05,5.453780471895034e-05
all_eligible,hippocampus_icv,1.7832779999999997,1.341,0.004410125430688054,0.004239915287931462,0.0045803355734446455,-0.0004688442327965871,-0.0006760134155740182,-0.000261675050019156,0.0044656283772743855,0.0043133376171729425,0.0046179191373758284,-0.0004142225233393687,-0.0006016705592259651,-0.00022677448745277233,5.5502946586331696e-05,5.4621709457218373e-05
all_eligible,hippocampus_icv,1.7934609999999997,1.341,0.00440353523112335,0.004232683565565456,0.004574386896681244,-0.0004754344323612917,-0.000683932171904876,-0.00026693669281770735,0.0044590688808757075,0.004306648029045167,0.004611489732706248,-0.0004207820197380468,-0.0006090526306302656,-0.00023251140884582804,5.553364975235779e-05,5.46524126232449e-05
all_eligible,hippocampus_icv,1.8036439999999998,1.341,0.0043971126420585035,0.004225727619562482,0.004568497664554525,-0.00048185702142613813,-0.0006915518878749694,-0.00027216215497730687,0.004452624371136224,0.004300171670607238,0.004605077071665209,-0.000427226529477531,-0.0006162011187654331,-0.00023825194018962896,5.551172907772035e-05,5.463049194860713e-05
all_eligible,hippocampus_icv,1.8138269999999999,1.341,0.004390855823379277,0.004219042464549246,0.004562669182209308,-0.0004881138401053647,-0.0006988787855641658,-0.0002773488946465636,0.0044462935856732725,0.004293901734662109,0.004598685436684436,-0.0004335573149404822,-0.0006231234077262407,-0.00024399122215472367,5.543776229399548e-05,5.4556525164882485e-05
all_eligible,hippocampus_icv,1.82401,1.341,0.004384762934971432,0.004212622787019358,0.004556903082923507,-0.0004942067285132087,-0.0007059192160948678,-0.00028249424093154966,0.004440075262104194,0.00428783092836714,0.004592319595841248,-0.00043977563850956054,-0.0006298271214072085,-0.00024972415561191257,5.531232713276192e-05,5.4431090003648165e-05
all_eligible,hippocampus_icv,1.8341929999999997,1.341,0.004378832136720733,0.004206462949492961,0.004551201323948505,-0.0005001375267639081,-0.0007126796659369475,-0.00028759538759086866,0.004433968138046328,0.004281951463128941,0.004585984812963714,-0.0004458827625674265,-0.000636320135215971,-0.000255445389918882,5.5136001325594916e-05,5.4254764196481594e-05
all_eligible,hippocampus_icv,1.8443759999999998,1.341,0.004373061588512941,0.004200556992298362,0.00454556618472752,-0.0005059080749717007,-0.0007191667634037205,-0.00029264938653968093,0.004427970951117013,0.0042762550425275376,0.004579686859706489,-0.0004518799494967408,-0.0006426105877094205,-0.00026114931128406115,5.490936260407232e-05,5.402812547495992e-05
all_eligible,hippocampus_icv,1.8545589999999998,1.341,0.004367449450233816,0.004194898633278286,0.004540000267189347,-0.0005115202132508247,-0.0007253872853041489,-0.00029765314119750046,0.00442208243893359,0.00427073284887628,0.0045734320289909,-0.00045776846168016404,-0.0006487068919732246,-0.00026683003138710344,5.463298869977373e-05,5.375175157066063e-05
all_eligible,hippocampus_icv,1.8647419999999997,1.341,0.0043619938817691245,0.0041894812657067544,0.0045345064978314946,-0.0005169757817155175,-0.000731348163708646,-0.00030260339972238917,0.004416301339113398,0.004265375529101306,0.00456722714912549,-0.0004635495615003567,-0.0006546177465295563,-0.0002724813764711571,5.430745734427353e-05,5.342622021516086e-05
all_eligible,hippocampus_icv,1.8749249999999997,1.341,0.004356693043004624,0.004184297954695721,0.0045290881313135275,-0.0005222766204800174,-0.0007370564927766624,-0.00030749674818337245,0.004410626389273775,0.004260173180724835,0.004561079597822714,-0.0004692245113399793,-0.0006603521455179932,-0.00027809687716196543,5.393334626915044e-05,5.3052109140038146e-05
all_eligible,hippocampus_icv,1.8851079999999998,1.341,0.004351545093826081,0.004179341432373258,0.004523748755278903,-0.0005274245696585619,-0.0007425195355836014,-0.00031232960373352246,0.004405056327032062,0.004255115338859036,0.0045549973152050885,-0.0004747945735816924,-0.0006659193878509129,-0.0002836697593124719,5.3511233205981446e-05,5.262999607686953e-05
all_eligible,hippocampus_icv,1.8952909999999998,1.341,0.004346548194119252,0.004174604092126736,0.004518492296111769,-0.0005324214693653888,-0.000747744730872464,-0.00031709820785831376,0.004399589890005598,0.00425019096525912,0.004548988814752075,-0.00048026101060815644,-0.0006713290849979014,-0.00028919293621841146,5.3041695886345275e-05,5.2160458757232386e-05
all_eligible,hippocampus_icv,1.905474,1.341,0.004341700503769905,0.004170077982225071,0.004513323025314739,-0.0005372691597147365,-0.0007527396996419107,-0.00032179861978756224,0.004394225815811722,0.00424538844064146,0.004543063190981984,-0.00048562508480203226,-0.0006765911670047252,-0.00029465900259933927,5.252531204181718e-05,5.1644074912704236e-05
all_eligible,hippocampus_icv,1.9156569999999997,1.341,0.0043370001826638005,0.004165754799163251,0.00450824556616435,-0.000541969480820842,-0.0007575122514671325,-0.00032642671017455154,0.004388962842067775,0.004240695561637699,0.00453723012249785,-0.0004908880585459798,-0.0006817158863027291,-0.0003000602307892305,5.196265940397415e-05,5.1081422274862234e-05
all_eligible,hippocampus_icv,1.9258399999999998,1.341,0.004332445390686698,0.004161625881109827,0.004503264900263569,-0.0005465242727979438,-0.000762070390433087,-0.0003309781551628006,0.004383799706391094,0.004236099543918808,0.00453149986886338,-0.0004960511942226603,-0.0006867138188161717,-0.00030538856962914883,5.135431570439577e-05,5.047307857528353e-05
all_eligible,hippocampus_icv,1.9360229999999998,1.341,0.004328034287724361,0.004157682201883056,0.004498386373565667,-0.0005509353757602795,-0.0007664223205413577,-0.0003354484309792013,0.004378735146399021,0.004231587033169337,0.004525883259628705,-0.0005011157542147337,-0.0006915958618306118,-0.00031063564659885575,5.07008586746599e-05,4.981962154554571e-05
all_eligible,hippocampus_icv,1.9462059999999997,1.341,0.004323765033662556,0.004153914365933043,0.004493615701392068,-0.0005552046298220865,-0.0007705764504323365,-0.0003398328092118365,0.004373767899708893,0.00422714412570281,0.0045203916737149765,-0.0005060830009048607,-0.0006963732280484357,-0.0003157927737612856,5.0002866046337455e-05,4.912162891722587e-05
all_eligible,hippocampus_icv,1.9563889999999997,1.341,0.004319635788387038,0.004150312604864166,0.0044889589719099105,-0.0005593338750976036,-0.0007745413972438878,-0.0003441263529513195,0.0043688967039380525,0.004222756400560885,0.00451503700731522,-0.0005109541966757023,-0.0007010574352319944,-0.0003208509581194102,4.92609155510141e-05,4.837967842190132e-05
all_eligible,hippocampus_icv,1.9665719999999998,1.341,0.0043156447117835735,0.004146866776091999,0.004484422647475148,-0.000563324951701068,-0.0007783259894065312,-0.0003483239139956049,0.004364120296703836,0.004218408964904046,0.004509831628503626,-0.0005157306039099184,-0.0007056602908253789,-0.0003258009169944581,4.847558492026248e-05,4.759434779114959e-05
all_eligible,hippocampus_icv,1.9767549999999998,1.341,0.0043117899637379236,0.0041435663642890135,0.004480013563186834,-0.0005671796997467177,-0.0007819392681541009,-0.0003524201313393346,0.004359437415623584,0.0042140865143505775,0.004504788316896591,-0.0005204134849901698,-0.000710193870957916,-0.0003306330990224236,4.7647451885660455e-05,4.676621475654789e-05
all_eligible,hippocampus_icv,1.9869379999999999,1.341,0.0043080697041358515,0.004140400486329689,0.004475738921942014,-0.0005708999593487904,-0.0007853904875084797,-0.0003564094311891012,0.004354846798314637,0.004209773409623793,0.0044999201870054815,-0.0005250041022991171,-0.000714670493271544,-0.00033533771132669026,4.677709417878588e-05,4.589585704967332e-05
all_eligible,hippocampus_icv,1.9971209999999997,1.341,0.0043044820928631175,0.004137357900493145,0.00447160628523309,-0.0005744875706215241,-0.0007886891124783914,-0.0003602860287646569,0.004350347182394333,0.004205453770400441,0.0044952405943882254,-0.0005295037182194207,-0.0007191026830859278,-0.0003399047533529137,4.586508953121574e-05,4.4983852402103396e-05
all_eligible,hippocampus_icv,2.0073039999999995,1.341,0.004301025289805485,0.004134427020713975,0.004467623558896995,-0.0005779443736791569,-0.0007918448151964773,-0.00036404393216183653,0.004345937305480012,0.004201111586600911,0.004490763024359114,-0.0005339135951337413,-0.0007235031325243666,-0.0003443240577431161,4.491201567452703e-05,4.403077854541555e-05
all_eligible,hippocampus_icv,2.017487,1.341,0.004297697454848716,0.004131595936682267,0.004463798973015164,-0.0005812722086359261,-0.0007948674687073929,-0.00036767694856445934,0.004341615905189015,0.004196730846525813,0.004486500963852217,-0.0005382349954247394,-0.0007278846523739324,-0.0003485853384755465,4.3918450340299335e-05,4.303721321118666e-05
all_eligible,hippocampus_icv,2.0276699999999996,1.341,0.004294496747878572,0.004128852440573737,0.004460141055183406,-0.0005844729156060697,-0.0007977671381140194,-0.00037117869309812013,0.004337381719138679,0.004192295680247712,0.0044824677580296455,-0.0005424691814750753,-0.0007322601166465383,-0.0003526782463036122,4.288497126010704e-05,4.200373413099448e-05
all_eligible,hippocampus_icv,2.0378529999999997,1.341,0.004291421328780816,0.004126184061131747,0.004456658596429885,-0.0005875483347038257,-0.0008005540687908516,-0.00037454260061679974,0.004333233484946344,0.004187790515561993,0.0044786764543306955,-0.0005466174156674097,-0.0007366424000426136,-0.00035659243129220565,4.1812156165528004e-05,4.093091903641598e-05
all_eligible,hippocampus_icv,2.0480359999999997,1.341,0.00428846935744121,0.004123578105716277,0.004453360609166143,-0.0005905003060434322,-0.0008032386713851132,-0.0003777619407017513,0.004329169940229351,0.004183200242666532,0.00447513963779217,-0.0005506809603844034,-0.0007410443087910211,-0.0003603176119777857,4.070058278814095e-05,3.981934565902882e-05
all_eligible,hippocampus_icv,2.058219,1.341,0.004285638993745515,0.004121021710773116,0.004450256276717915,-0.0005933306697391263,-0.0008058315033490436,-0.0003808298361292091,0.004325189822605038,0.004178510382680647,0.0044718692625294295,-0.0005546610780087165,-0.0007454785056389328,-0.0003638436503785002,3.955082885952286e-05,3.866959173040986e-05
all_eligible,hippocampus_icv,2.068402,1.341,0.0042829283975794954,0.004118501900954499,0.004447354894204492,-0.0005960412659051465,-0.0008083432467829892,-0.00038373928502730375,0.004321291869690745,0.004173707254250095,0.004468876485131395,-0.0005585590309230097,-0.0007499574300802233,-0.00036716063176579625,3.836347211124986e-05,3.7482234982136754e-05
all_eligible,hippocampus_icv,2.0785849999999995,1.341,0.004280335728828912,0.004116005656838358,0.004444665800819466,-0.0005986339346557301,-0.0008107846824199417,-0.00038648318689151845,0.004317474819103811,0.00416877813193776,0.004466171506269862,-0.0005623760815099433,-0.0007544932152230272,-0.0003702589477968594,3.7139090274898937e-05,3.625785314578681e-05
all_eligible,hippocampus_icv,2.088768,1.341,0.004277859147379526,0.004113519990850702,0.00444219830390835,-0.0006011105161051159,-0.0008131666596492443,-0.0003890543725609874,0.004313737408461575,0.004163711389972135,0.004463763426951015,-0.0005661134921521787,-0.0007590976029855028,-0.0003731293813188547,3.5878261082048814e-05,3.499702395293712e-05
all_eligible,hippocampus_icv,2.0989509999999996,1.341,0.004275496813117102,0.004111032030603824,0.004439961595630379,-0.0006034728503675405,-0.0008155000625607831,-0.00039144563817429783,0.004310078375381379,0.004158496625281806,0.004461660125480952,-0.0005697725252323755,-0.0007637818595505757,-0.0003757631909141752,3.4581562264277346e-05,3.3700325135165e-05
all_eligible,hippocampus_icv,2.1091339999999996,1.341,0.0042732468859274,0.004108529108438826,0.004437964663415973,-0.0006057227775572425,-0.0008177957720908242,-0.0003936497830236608,0.0043064964574805594,0.004153124754594008,0.004459868160367111,-0.0005733544431331945,-0.0007685566931826997,-0.0003781521930836893,3.324957155315979e-05,3.236833442404798e-05
all_eligible,hippocampus_icv,2.1193169999999997,1.341,0.004271107525696182,0.0041059988555282164,0.004436216195864147,-0.0006078621377884597,-0.0008200646244652711,-0.00039565965111164835,0.004302990392376458,0.004147588081665985,0.004458392703086931,-0.0005768605082372963,-0.0007734321765919851,-0.00038028883988260753,3.1882866680276595e-05,3.100162955116338e-05
all_eligible,hippocampus_icv,2.1294999999999997,1.341,0.004269076892309212,0.004103429298483262,0.004434724486135162,-0.0006098927711754295,-0.0008223173662629084,-0.00039746817608795064,0.004299558917686413,0.004141880332336982,0.004457237503035844,-0.0005802919829273414,-0.0007784176760082316,-0.00038216628984645134,3.0482025377201287e-05,2.9600788248088073e-05
all_eligible,cdrsb,1.10525,1.358,0.48421476397283136,0.15334230092019213,0.8150872270254705,-0.9740652152406319,-1.4511977996468093,-0.49693263083445455,0.4631667233541803,0.18750103633221982,0.7388324103761408,-0.8622603282204575,-1.2490893686418223,-0.4754312877990927,-0.021048040618651065,0.11180488702017444
all_eligible,cdrsb,1.1154095000000002,1.358,0.5168808911943756,0.2117345566682668,0.8220272257204845,-0.9413990880190878,-1.3850140407727014,-0.4977841352654741,0.4988647079993229,0.24388378021856788,0.753845635780078,-0.8265623435753149,-1.1847290724183468,-0.46839561473228286,-0.018016183195052715,0.1148367444437729
all_eligible,cdrsb,1.125569,1.358,0.5499043510037085,0.26797179859139153,0.8318369034160255,-0.9083756282097545,-1.3195021717011206,-0.4972490847183884,0.5345080940233644,0.2974436588348146,0.7715725292119142,-0.7909189575512732,-1.1216351985890014,-0.460202716513545,-0.01539625698034408,0.11745667065848131
all_eligible,cdrsb,1.1357285000000001,1.358,0.5833143238125036,0.3217395927180518,0.8448890549069554,-0.8749656554009598,-1.2547114772593877,-0.495219833542532,0.5700924228062583,0.3478796500364296,0.7923051955760869,-0.7553346287683798,-1.0599054523927653,-0.4507638051439942,-0.013221901006245318,0.11963102663258007
all_eligible,cdrsb,1.145888,1.358,0.6171399900324266,0.37272924482077363,0.8615507352440795,-0.8411399891810363,-1.1906900321983358,-0.4915899461637368,0.6056132357279513,0.3949596842628939,0.8162667871930087,-0.7198138158466865,-0.9996346132530238,-0.43999301844034905,-0.01152675430447525,0.12132617333434981
all_eligible,cdrsb,1.1560475000000001,1.358,0.651410530075152,0.4206808938973646,0.8821401662529395,-0.8068694491383114,-1.1274840027002642,-0.48625489557635865,0.6410660741683971,0.43857659858520687,0.8435555497515874,-0.6843609774062409,-0.9409119792776655,-0.4278099755348164,-0.010344455906754924,0.12250847173207047
all_eligible,cdrsb,1.166207,1.358,0.6861551243523465,0.46544175455776693,0.906868494146926,-0.7721248548611173,-1.0651366372674587,-0.47911307245477597,0.6764464795075438,0.47879657682170573,0.8740963821933818,-0.6489805720670944,-0.8838176115668926,-0.4141435325672961,-0.009708644844802716,0.1231442827940229
all_eligible,cdrsb,1.1763665,1.358,0.7214029532756809,0.5070256089102977,0.9357802976410642,-0.7368770259377827,-1.003686822835773,-0.4700672290397925,0.7117499931253426,0.5158779428149188,0.9076220434357664,-0.6136770584492954,-0.828417042751962,-0.3989370741466288,-0.009652960150338341,0.12319996748848727
all_eligible,cdrsb,1.186526,1.358,0.7571831972568246,0.5456499503131097,0.9687164442005395,-0.7010967819566385,-0.9431670440320409,-0.4590265198812361,0.7469721564017435,0.5502475704478409,0.9436967423556462,-0.5784548951728943,-0.774754193912647,-0.3821555964331415,-0.010211040855081066,0.12264188678374421
all_eligible,cdrsb,1.1966855,1.358,0.7935250367074502,0.5817302874625848,1.0053197859523155,-0.6647549425060137,-0.8836005459971612,-0.4459093390148663,0.7821085107166983,0.5824426064602783,0.9817744149731182,-0.5433185408579396,-0.7228425005831574,-0.3637945811327219,-0.011416525990751936,0.12143640164807412
all_eligible,cdrsb,1.206845,1.358,0.8304576520392235,0.6158302554280795,1.0450850486503676,-0.62782232717424,-0.8249974783830196,-0.43064717596546037,0.8171545974501551,0.6130406938777084,1.0212685010226017,-0.508272454124483,-0.6726547554039123,-0.34389015284505364,-0.013303054589068442,0.11954987304975706
all_eligible,cdrsb,1.2170045,1.358,0.8680102236638181,0.6485878178177893,1.0874326295098469,-0.5902697555496453,-0.7673498178738114,-0.41318969322547927,0.8521059579820665,0.64260125418626,1.0616106617778729,-0.4733210935925716,-0.6241129256891332,-0.3225292614960099,-0.015904265681751628,0.11694866195707376
all_eligible,cdrsb,1.2271640000000001,1.358,0.9062119319929032,0.6806447200988612,1.1317791438869451,-0.5520680472205608,-0.7106249744577771,-0.39351111998334454,0.8869581336923815,0.6716284313597899,1.1022878360249733,-0.4384689178822563,-0.5770800094840683,-0.2998578262804442,-0.019253798300521652,0.11359912933830452
all_eligible,cdrsb,1.2373235,1.358,0.9450919574381453,0.7125967198265396,1.177587195049751,-0.5131880217753176,-0.6547582422493865,-0.3716178013012488,0.9217066659610498,0.7005545982006647,1.1428587337214349,-0.4037203856135877,-0.531356436155617,-0.2760843350715584,-0.02338529147709556,0.10946763616172994
all_eligible,cdrsb,1.2474830000000001,1.358,0.98467948041122,0.7449678535298536,1.2243911072925864,-0.4736004988022434,-0.5996447093726847,-0.34755628823180224,0.9563470961680243,0.7297378281474669,1.1829563641885816,-0.36907995540661337,-0.4866831063466325,-0.25147680446659426,-0.02833238424319573,0.10452054339563005
all_eligible,cdrsb,1.2576425,1.358,1.0250036813237928,0.7782030840976245,1.271804278549961,-0.4332762978896707,-0.5451318825764082,-0.3214207132029332,0.9908749656932523,0.7594664861211043,1.2222834452654003,-0.3345520858813851,-0.4427517246526366,-0.22635244711013353,-0.03412871563054054,0.09872421200828563
all_eligible,cdrsb,1.267802,1.358,1.0660882697559195,0.8126576421838339,1.3195188973280052,-0.3921917094575427,-0.4910188356962321,-0.29336458321885334,1.0252860557667365,0.7899560714923193,1.2606160400411537,-0.30014099580790154,-0.3992261657474336,-0.2010558258683695,-0.040802213989183045,0.09205071364964118
all_eligible,cdrsb,1.2779615,1.358,1.1079120867623535,0.848502039481166,1.367322134043541,-0.3503678924511101,-0.4370961336949968,-0.26363965120722344,1.0595781147267176,0.8212831929937094,1.2978730364597257,-0.2658489368479205,-0.35581035445713505,-0.17588751923870594,-0.04833397203563594,0.08451895560318962
all_eligible,cdrsb,1.288121,1.358,1.1504319860965557,0.885785450308326,1.4150785218847854,-0.3078479931169076,-0.383167031884417,-0.2325289543493982,1.0937498548700595,0.8534336897410877,1.3340660199990313,-0.23167719670457865,-0.31227206282635045,-0.15108233058280685,-0.056682131226496235,0.07617079641232893
all_eligible,cdrsb,1.2982805,1.358,1.1936046705767644,0.9245047335429544,1.4627046076105745,-0.2646753086366992,-0.32904741086201866,-0.20030320641137972,1.1277999951108666,0.8863528027273553,1.369247187494378,-0.19762705646377154,-0.2684311173664679,-0.12682299556107518,-0.06580467546589785,0.06704825217292765
all_eligible,cdrsb,1.30844,1.358,1.2373868430212163,0.9646170407754755,1.510156645266957,-0.22089313619224732,-0.27457238245929694,-0.1672138899251977,1.1617272543632446,0.9199539334927286,1.4035005752337606,-0.16369979721139302,-0.22415516094257792,-0.10324443348020812,-0.07565958865797162,0.0571933389808543
all_eligible,cdrsb,1.3185995,1.358,1.2817352062481469,1.0060488403161298,1.5574215721801639,-0.17654477296531745,-0.21960135431144076,-0.13348819161919415,1.195530351541298,0.9541247398512777,1.4369359632313186,-0.12989670003333967,-0.17935389977551117,-0.08043950029116817,-0.0862048547068488,0.046648072931977785
all_eligible,cdrsb,1.328759,1.358,1.3266064630757937,1.0487025916993225,1.6045103344522649,-0.13167351613767064,-0.1640211177960269,-0.09932591447931437,1.2292080055591335,0.9887317177290584,1.4696842933892085,-0.09621904601550432,-0.13397288285771394,-0.058465209173294695,-0.09739845751666021,0.03545447012216632
all_eligible,cdrsb,1.3389185000000001,1.358,1.3719573163223924,1.092461760403966,1.6514528722408188,-0.08632266289107154,-0.10774698563193075,-0.06489834015021234,1.2627589353308548,1.0236239633653903,1.5018939072963193,-0.06266811624378284,-0.08798753583867246,-0.03734869664889322,-0.10919838099153756,0.023654546647288707
all_eligible,cdrsb,1.349078,1.358,1.4177444688061795,1.1371947051843918,1.6982942324279673,-0.04053551040728495,-0.05072228694305563,-0.030348733871514273,1.296181859770567,1.05863668914377,1.533727030397364,-0.029245191804071098,-0.04139782167405007,-0.01709256193409213,-0.12156260903561256,0.011290318603213854
all_eligible,cdrsb,1.3592375,1.358,1.4639246233453918,1.1827578454291112,1.7450914012616723,0.005644644131928179,0.004205954885078825,0.0070833333787775335,1.3294754977923757,1.0935949815285044,1.565356014056247,0.004048446217737996,0.002320556902078765,0.005776335533397226,-0.13444912555301602,-0.0015961979141901833
all_eligible,cdrsb,1.369397,1.358,1.5104544827582655,1.228998421913819,1.791910543602712,0.05217450354480185,0.03867265589028154,0.06567635119932215,1.3626385683103854,1.128318207491413,1.5969589291293578,0.03721151673574765,0.020924168277282097,0.05349886519421321,-0.14781591444788011,-0.014962986809054196
all_eligible,cdrsb,1.3795565,1.358,1.5572907498630384,1.275757092703517,1.83882440702256,0.09901077064957514,0.07297939809360086,0.1250421432055494,1.3956697902387027,1.162625360318546,1.6287142201588596,0.07024273866406494,0.038764802992929316,0.10172067433520057,-0.16162095962433565,-0.0287680319855102
all_eligible,cdrsb,1.389716,1.358,1.604390127477946,1.322870546892736,1.885909708063156,0.14611014826448232,0.10707247739796452,0.18514781913100012,1.4285678824914307,1.1963414551502896,1.660794309832572,0.10314083091679337,0.05589948311991582,0.1503821787136709,-0.17582224498651522,-0.042969317347688954
all_eligible,cdrsb,1.3998755,1.358,1.6517093184212257,1.3701742632771265,1.9332443735653249,0.19342933920776142,0.14091376264077712,0.24594491577474573,1.461331563982677,1.2293048255954053,1.6933583023699486,0.13590451240803902,0.07239368325052177,0.1994153415655563,-0.19037775443854876,-0.0575248267997224
all_eligible,cdrsb,1.4100350000000001,1.358,1.6992050255111124,1.4175054819201784,1.9809045691020464,0.2409250462976488,0.17447824656069819,0.30737184603459944,1.4939595536265449,1.2613748580504534,1.7265442492026364,0.16853250205190706,0.08831969186357759,0.24874531224023655,-0.20524547188456754,-0.07239254424574174
all_eligible,cdrsb,1.4201945,1.358,1.7468339515658426,1.464706390233073,2.0289615128986123,0.28855397235237956,0.20775188762666594,0.36935605707809316,1.5264505703371394,1.2924394004935396,1.7604617401807392,0.20102351876250163,0.1037552932985052,0.29829174422649807,-0.22038338122870327,-0.08753045358987793
all_eligible,cdrsb,1.430354,1.358,1.7945527994036548,1.5116274526065299,2.0774781462007796,0.33627282019019084,0.24072974870261046,0.43181589167777124,1.5588033330285658,1.3224209045971305,1.795185761460001,0.23337628145392816,0.11878270423194269,0.3479698586759136,-0.23574946637508898,-0.10289653873626267
all_eligible,cdrsb,1.4405135,1.358,1.8423182718427844,1.558130740377845,2.1265058033077238,0.3840382926293209,0.2734144151069344,0.4946621701517073,1.5910165606149302,1.351280404527724,1.8307527167021365,0.2655895090402931,0.1334877108403682,0.397691307240218,-0.25130171122785416,-0.11844878358902777
all_eligible,cdrsb,1.450673,1.358,1.8900870717014682,1.6040930586841242,2.1760810847188123,0.4318070924880048,0.3058146628210998,0.5577995221549098,1.623088972010338,1.3790187362621749,1.8671592077585013,0.2976619204357007,0.14795896334443823,0.4473648775269632,-0.2669980996911301,-0.13414517205230408
all_eligible,cdrsb,1.4608325,1.358,1.9378159017979417,1.6494086328396054,2.226223170756278,0.47953592258447797,0.3379443432787185,0.6211275018902375,1.6550192861288924,1.405674885956706,1.9043636863010787,0.329592234554255,0.16228739325207572,0.4968970758564343,-0.28279661566904934,-0.14994368803022295
all_eligible,cdrsb,1.470992,1.358,1.9854614649504425,1.6939911215381716,2.2769318083627135,0.5271814857369792,0.36982145125805965,0.6845415202158988,1.6868062218847006,1.43132186845653,1.9422905753128712,0.3613791703100631,0.17656572548688856,0.5461926151332377,-0.29865524306574187,-0.1658023154269161
all_eligible,cdrsb,1.4811515,1.358,2.032980463977206,1.737774772279033,2.3281861556753793,0.5747004847637429,0.4014673448191397,0.7479336247083461,1.718448498191865,1.4560609111988292,1.980836085184901,0.3930214466172282,0.1908880629362052,0.5951548302982512,-0.31453196578534115,-0.1816790381465147
all_eligible,cdrsb,1.491311,1.358,2.080329601696471,1.7807146197383916,2.379944583654551,0.6220496224830078,0.432906089647362,0.8111931553186535,1.749944833964495,1.480014858594853,2.0198748093341368,0.4245177823898574,0.20534952501784434,0.6436860397618704,-0.3303847677319762,-0.1975318400931504
all_eligible,cdrsb,1.5014705,1.358,2.1274655809264713,1.8227857333950612,2.4321454284578814,0.6691856017130082,0.4641639038036297,0.8742072996223867,1.7812939481166925,1.5033216244125602,2.0592662718208246,0.45586689654205426,0.2200459248567588,0.6916878682273497,-0.3461716328097788,-0.21331870517095397
all_eligible,cdrsb,1.51163,1.358,2.174345104485446,1.863981623637191,2.4847085853337005,0.7160651252719822,0.49526868230503424,0.9368615682389301,1.8124945595625617,1.5261282875717963,2.098860831553327,0.48706750798792464,0.2350734717484692,0.73906154422738,-0.36185054492288415,-0.22899761728405754
all_eligible,cdrsb,1.5217895000000001,1.358,2.220925655975975,1.904312727553895,2.5375385843980554,0.7626456767625112,0.5262491303511375,0.9990422231738848,1.8435454211124611,1.548585345688372,2.13850549653655,0.518118369537824,0.25052672169778073,0.7857100173778673,-0.377380234863514,-0.24452730722468718
all_eligible,cdrsb,1.531949,1.358,2.2671853367529415,1.9438204202451028,2.5905502532607803,0.8089053575394791,0.5571226269329499,1.0606880881460083,1.8744461806567934,1.5708202839563592,2.1780720773572275,0.5490191290821564,0.26645337927872625,0.8315848788855866,-0.3927391560961482,-0.2598862284573227
all_eligible,cdrsb,1.5421084999999999,1.358,2.31312446163753,1.9825675328237733,2.643681390451287,0.854844482424067,0.5878930428936244,1.1217959219545095,1.9051974504408662,1.5929250982679055,2.217469802613827,0.5797703988662289,0.28285021622858064,0.8766905815038772,-0.40792701119666397,-0.275074083557838
all_eligible,cdrsb,1.552268,1.358,2.358744445934133,2.0206137690046426,2.696875122863623,0.9004644667206698,0.61856273748361,1.1823661959577296,1.9357998904853488,1.6149755332374298,2.256624247733268,0.6103728389107113,0.29971074981948,0.9210349280019425,-0.42294455544878407,-0.29009162780995856
all_eligible,cdrsb,1.5624275,1.358,2.4040467049471443,2.0580143319318625,2.7500790779624262,0.9457667257336806,0.6491334284485573,1.242400023018804,1.9662541608109088,1.6370342966493374,2.29547402497248,0.6408271092362717,0.3170278344646518,0.9646263840078917,-0.4377925441362356,-0.30493961649740886
all_eligible,cdrsb,1.572587,1.358,2.449032653980952,2.0948198720612883,2.8032454359006156,0.9907526747674891,0.6796063584910275,1.3018989910439507,1.9965609214382143,1.6591530001940673,2.3339688426823613,0.6711338698635771,0.33479372600090723,1.007474013726247,-0.45247173254273765,-0.3196188049039119
all_eligible,cdrsb,1.5827465,1.358,2.4937037083399547,2.131076576977781,2.8563308397021285,1.0354237291264907,0.709982411359066,1.3608650468939154,2.0267208323879347,1.6813738364175963,2.372067828358273,0.7012937808132977,0.35300011708048945,1.049587444546106,-0.46698287595202004,-0.334129948313193
all_eligible,cdrsb,1.592906,1.358,2.538061283328542,2.1668263597674633,2.9092962068896204,1.079781304115079,0.7402621944348311,1.419300413795327,2.056734553680739,1.7037310002281076,2.4097381071333706,0.7313075021061018,0.37163815278286527,1.0909768514293385,-0.48132672964780276,-0.34847380200897715
all_eligible,cdrsb,1.6030655,1.358,2.582106794251109,2.202107110512014,2.9621064779902038,1.123826815037645,0.7704460985405877,1.4772075315347022,2.086602745337294,1.7262518779850413,2.446953612689547,0.7611756937626577,0.39069843213372996,1.1316529553915855,-0.4955040489138147,-0.3626511212749872
all_eligible,cdrsb,1.613225,1.358,2.625841656412045,2.2369529833383064,3.0147303294857837,1.1675616771985817,0.8005343419366128,1.5345890124605508,2.116326067378271,1.7489580327672987,2.483694101989243,0.7908990158036333,0.41017099916037725,1.1716270324468894,-0.5095155890337741,-0.3766626613949484
all_eligible,cdrsb,1.6233845,1.358,2.6692672851157475,2.2713946985041082,3.067139871727387,1.2109873059022842,0.8305270031500891,1.5914476086544793,2.145905179824336,1.7718660149244647,2.519944344724207,0.8204781282496985,0.43004532584268707,1.2109109306567098,-0.5233621052914117,-0.39050917765258575
all_eligible,cdrsb,1.633544,1.358,2.7123850956666056,2.3054598449086705,3.1193103464245406,1.2541051164531423,0.8604240457820702,1.6477861871242143,2.1753407426961573,1.7949880249614276,2.555693460430887,0.8499136911215204,0.4503102885177662,1.2495170937252746,-0.5370443529704483,-0.4041914253316219
all_eligible,cdrsb,1.6437035,1.358,2.7551965033690147,2.339173173131966,3.1712198336060635,1.2969165241555511,0.8902253374661013,1.703607710845001,2.2046334160144063,1.8183324526648006,2.590934379364012,0.8792063644397684,0.47095413878286246,1.2874585900966744,-0.5505630873546083,-0.41771015971578274
all_eligible,cdrsb,1.6538629999999999,1.358,2.797702923527366,2.3725568727216757,3.222848974333056,1.3394229443139032,0.919930664504416,1.7589152241233905,2.2337838597997477,1.8419043129676553,2.62566340663184,0.908356808225111,0.49196446960940027,1.3247491468408217,-0.5639190637276181,-0.4310661360887922
all_eligible,cdrsb,1.6640225,1.358,2.8399057714460536,2.4056308301236466,3.2741807127684606,1.3816257922325907,0.9495397432691447,1.813711841196037,2.2627927340728533,1.865705595789677,2.6598798723560293,0.9373656824982164,0.5133281771676487,1.3614031878287842,-0.5771130373732003,-0.44426010973437435
all_eligible,cdrsb,1.674182,1.358,2.8818064624294726,2.438412865567511,3.325200059291434,1.4235264832160088,0.9790522291542176,1.8680007372778,2.2916606988543915,1.8897355441765336,2.6935858535322494,0.9662336472797544,0.5350314187286492,1.3974358758308596,-0.5901457635750811,-0.45729283593625447
all_eligible,cdrsb,1.6843415,1.358,2.92340641178201,2.4709189485427485,3.375893875021272,1.4651264325685465,1.0084677236528745,1.9217851414842184,2.320388414165028,1.9139908725611465,2.7267859557689094,0.9949613625903908,0.5570595669340839,1.4328631582466977,-0.6030179976169823,-0.47016506997815566
all_eligible,cdrsb,1.6945009999999998,1.358,2.964707034808063,2.503163392376582,3.4262506772395436,1.5064270555946,1.0377857799864973,1.9750683312027026,2.3489765400254345,1.9384659348804114,2.7594871451704575,1.0235494884507965,0.5793971606916857,1.4677018162099074,-0.6157304947826283,-0.4828775671438035
all_eligible,cdrsb,1.7046605000000001,1.358,3.005709746812026,2.535159028973026,3.476260464651026,1.5474297675985622,1.0670059076033855,2.027853627593739,2.377425736456278,1.9631528505729219,2.791698622339634,1.0519986848816405,0.602027852955028,1.501969516808253,-0.6282840103557481,-0.4954310827169217
all_eligible,cdrsb,1.71482,1.358,3.046415963098288,2.566917365085372,3.525914561111204,1.5881359838848237,1.096127575788489,2.0801443919811584,2.4057366634782262,1.9880415951142196,2.823431731842233,1.080309611903589,0.624934355677535,1.535684868129643,-0.6406792996200616,-0.5078263719812346
all_eligible,cdrsb,1.7249794999999999,1.358,3.086827098971243,2.5984487216440293,3.575205476298457,1.628547119757779,1.1251502165680858,2.131944022947472,2.433909981111949,2.013120060672185,2.854699901551713,1.1084829295373118,0.6480983822887252,1.5688674767858983,-0.6529171178592943,-0.5200641902204672
all_eligible,cdrsb,1.735139,1.358,3.126944569735283,2.6297623577005083,3.6241267817700575,1.6686645905218203,1.154073227051144,2.1832559539924965,2.461946349378114,2.0383740916473085,2.88551860710892,1.1365192978034773,0.6715005881254434,1.601538007481511,-0.6649982203571687,-0.532145292718343
all_eligible,cdrsb,1.7452985,1.358,3.166769790694805,2.6608665805157576,3.6726730008738526,1.7084898114813414,1.182895971317521,2.234083651645162,2.4898464282973922,2.0637874992666783,2.915905357328106,1.1644193767227544,0.6951205093622754,1.6337182440832334,-0.6769233623974129,-0.544070434758587
all_eligible,cdrsb,1.755458,1.358,3.2063041771541974,2.6917688432440534,3.7208395110643413,1.748024197940734,1.2116177819392426,2.2844306139422255,2.517610877890448,2.089342058998978,2.9458796967819176,1.1921838263158107,0.7189365011241085,1.6654311515075129,-0.6886932992637496,-0.5558403716249234
all_eligible,cdrsb,1.7656174999999998,1.358,3.245549144417856,2.7224758315618725,3.7686224572738394,1.7872691652043915,1.2402379612029653,2.3343003692058177,2.545240358177953,2.1150174943282676,2.975463222027638,1.2198133066033157,0.7429256756306652,1.696700937575966,-0.7003087862399031,-0.5674558586010758
all_eligible,cdrsb,1.775777,1.358,3.284506107790171,2.7529935404774113,3.8160186751029306,1.8262261285767074,1.2687557820877338,2.383696475065681,2.5727355291805747,2.1407914503484164,3.004679608012733,1.2473084776059373,0.7670638414181826,1.7275531137936921,-0.7117705786095962,-0.5789176509707701
all_eligible,cdrsb,1.7859365,1.358,3.3231764825755397,2.783327342439967,3.8630256227111124,1.864896503362076,1.2971704890413926,2.432622517682759,2.6000970509189827,2.16663946070258,3.0335546411353853,1.2746699993443458,0.7913254449067231,1.7580145537819685,-0.723079431656557,-0.5902265040177301
all_eligible,cdrsb,1.796096,1.358,3.3615616840783487,2.813482047754105,3.909641320402592,1.9032817048648858,1.3254812985905893,2.481082111139182,2.6273255834138434,2.192534911577447,3.0621162552502397,1.3018985318392062,0.8156835158311035,1.788113547847309,-0.7342361006645053,-0.6013831730256796
all_eligible,cdrsb,1.8062554999999998,1.358,3.399663127602998,2.8434619581956833,3.9558642970103124,1.9413831483895336,1.3536873998127568,2.5290788969663103,2.6544217866858277,2.21844900675438,3.0903945666172756,1.3289947351111902,0.8401096183252938,1.8178798518970865,-0.7452413409171701,-0.6123884132783435
all_eligible,cdrsb,1.8164150000000001,1.358,3.4374822284538755,2.8732709146262825,4.001693542281469,1.9792022492404122,1.3817879546932361,2.5766165437875883,2.681386320755604,2.2443507380985586,3.1184219034126497,1.3559592691809654,0.8645738097378307,1.8473447286241003,-0.7560959076982714,-0.6232429800594468
all_eligible,cdrsb,1.8265745,1.358,3.4750204019353763,2.9029123393113005,4.047128464559452,2.0167404227219126,1.4097820983866347,2.6236987470571904,2.7082198456438373,2.2702068663063772,3.1462328249812974,1.3827927940692004,0.8890446095495566,1.8765409785888443,-0.766800556291539,-0.6339476286527121
all_eligible,cdrsb,1.8367339999999999,1.358,3.5122790633518903,2.932389273564139,4.092168853139642,2.053999084138428,1.437668939398219,2.6703292288786367,2.7349230213712,2.2959819171953226,3.1738641255470776,1.4094959697965626,0.9134889810507816,1.9055029585423435,-0.7773560419806902,-0.6445031143418654
all_eligible,cdrsb,1.8468935,1.358,3.5492596280078157,2.961704411265031,4.1368148447506,2.0909796487943524,1.4654475596985175,2.7165117378901873,2.761496507958359,2.3216381992624227,3.2013548166542956,1.436069456383722,0.9378723286941228,1.934266584073321,-0.7877631200494566,-0.6549101924106304
all_eligible,cdrsb,1.857053,1.358,3.5859635112075416,2.990860128737193,4.18106689367789,2.1276835319940774,1.493117014782213,2.762250049205942,2.7879409654259835,2.347135848597407,3.2287460822545597,1.462513913851346,0.9621585142481199,1.9628693134545723,-0.7980225457815582,-0.6651696181427313
all_eligible,cdrsb,1.8672125,1.358,3.622392128255461,3.01985851140483,4.224925745106091,2.1641121490419972,1.520676333680702,2.8075479644032924,2.8142570537947416,2.3724329074413575,3.2560812001481256,1.4888300022201042,0.9863098950063676,1.9913501094338408,-0.8081350744607194,-0.675282146821893
all_eligible,cdrsb,1.8773719999999998,1.358,3.6585468944559674,3.0487013776060943,4.2683924113058405,2.200266915242504,1.5481245189363158,2.8524093115486924,2.8404454330853017,2.397485442644889,3.2834054235257146,1.5150183815106644,1.0102873873241944,2.0197493756971343,-0.8181014613706656,-0.6852485337318397
all_eligible,cdrsb,1.8875315,1.358,3.6944292251134545,3.077390299888971,4.311468150337938,2.2361492458999916,1.575460546545093,2.89683794525489,2.866506763318333,2.422247709908169,3.3107658167284972,1.5410797117436958,1.0340505586235993,2.048108864863792,-0.8279224617951213,-0.6950695341562958
all_eligible,cdrsb,1.897691,1.358,3.730040535532315,3.105926624078462,4.354154446986168,2.2717605563188528,1.602683365874066,2.9408377467636395,2.8924417045145034,2.4466723688842333,3.3382110401447735,1.567014652939867,1.057557750690576,2.076471555189158,-0.8375988310178117,-0.7047459033789858
all_eligible,cdrsb,1.9078505,1.358,3.7653822410169404,3.1343114863686665,4.396452995665214,2.307102261803478,1.6297918995582985,2.9844126240486575,2.9182509166944817,2.470710752914552,3.3657910804744113,1.5928238651198443,1.0807662365535249,2.1048814936861637,-0.8471313243224587,-0.7142783966836337
all_eligible,cdrsb,1.91801,1.358,3.8004557568717274,3.1625458286630215,4.438365685080433,2.342175777658264,1.6567850433823128,3.027566511934215,2.9439350598789362,2.494313195287079,3.3935569244707935,1.6185080083043,1.1036324124515209,2.1333836041570793,-0.8565206969927912,-0.7236677693539642
all_eligible,cdrsb,1.9281695,1.358,3.8352624984010646,3.1906304123592792,4.4798945844428495,2.376982519187601,1.683661666150003,3.0703033722251987,2.9694947940885363,2.517429411452559,3.4215601767245136,1.6440677425138996,1.1261120253644543,2.162023459663345,-0.8657677043125283,-0.7329147766737012
all_eligible,cdrsb,1.938329,1.358,3.8698038809093465,3.2185658307526808,4.521041931066012,2.4115239016958823,1.7104206095468157,3.112627193844949,2.9949307793439504,2.5400089336601566,3.449852625027744,1.6695037277693128,1.1481604352910253,2.1908470202476003,-0.8748731015653961,-0.7420201739265695
all_eligible,cdrsb,1.9484884999999998,1.358,3.904081319700965,3.246352520210296,4.561810119191634,2.4458013404875008,1.7370606879975545,3.154541992977447,3.020243675665845,2.562001591112725,3.4784857602189647,1.6948166240912077,1.1697329099572786,2.2199003382251368,-0.8838376440351201,-0.750984716396293
all_eligible,cdrsb,1.958648,1.358,3.9380962300803146,3.273990770251816,4.602201689908813,2.479816250866851,1.7635806885229748,3.196051813210727,3.045434143074891,2.583358025214615,3.5075102609351667,1.7200070915002534,1.190784947979286,2.249229235021221,-0.8926620870054238,-0.7598091593665974
all_eligible,cdrsb,1.9688075,1.358,3.9718500273517883,3.301480732656499,4.642219322047078,2.5135700481383245,1.789979370598074,3.2371607256785753,3.0705028415917557,2.604030226088443,3.5369754570950684,1.7450757900171183,1.211272624779805,2.2788789552544317,-0.9013471857600326,-0.7684942581212062
all_eligible,cdrsb,1.978967,1.358,4.005344126819777,3.3288224297023152,4.681865823937239,2.5470641476063136,1.8162554660148342,3.277872829197793,3.095450431237108,2.623972073623115,3.5669287888511008,1.7700233796624707,1.2311529538884414,2.3088938054365,-0.9098936955826691,-0.7770407679438429
all_eligible,cdrsb,1.9891264999999998,1.358,4.038579943788676,3.3560157616314585,4.7211441259458935,2.5802999645752127,1.842407678752028,3.3181922503983974,3.1202775720316156,2.643139864247845,3.5974152798153862,1.7948505204569791,1.2503842547754223,2.3393167861385358,-0.9183023717570604,-0.7854494441182336
all_eligible,cdrsb,1.999286,1.358,4.0715588935628775,3.3830605134258964,4.760057273699858,2.613278914349414,1.8684346848545794,3.358123143844249,3.14498492399595,2.661492803729909,3.628477044261991,1.8195578724213124,1.2689265172243633,2.3701892276182615,-0.9265739695669275,-0.7937210419281018
all_eligible,cdrsb,2.0094455,1.358,4.104282391446775,3.4099563609675148,4.798608421926035,2.646002412233311,1.894335132324915,3.3976696921417067,3.1695731471507766,2.678993446792311,3.6601528475092424,1.8441460955761395,1.2867417515733108,2.401550439578968,-0.9347092442959983,-0.8018563166571713
all_eligible,cdrsb,2.019605,1.358,4.136751852744758,3.436702876649288,4.836800828840227,2.6784718735312945,1.9201076410286444,3.4368361060339447,3.194042901516765,2.695608066318248,3.692477736715282,1.868615849942127,1.3037943140515713,2.4334373858326828,-0.9427089512279929,-0.8098560235891674
all_eligible,cdrsb,2.0297644999999997,1.358,4.168968692761223,3.4632995344969606,4.8746378510254855,2.710688713547759,1.9457508026168888,3.475626624478629,3.218394847114583,2.7113069382524495,3.7254827559767163,1.8929677955399453,1.3200511969727051,2.4658843941071855,-0.9505738456466402,-0.8177209180078135
all_eligible,cdrsb,2.039924,1.358,4.200934326800563,3.489745714854364,4.912122938746762,2.7426543475870995,1.9712631804675191,3.51404551470668,3.242629643964901,2.726064532748389,3.759194755181413,1.9172025923902636,1.3354822747138764,2.498922910066651,-0.9583046828356618,-0.8254517551968359
all_eligible,cdrsb,2.0500835,1.358,4.232650170167169,3.5160407086801793,4.949259631654159,2.7743701909537055,1.9966433096475584,3.5520970722598526,3.2667479520883855,2.739859607226796,3.793636296949975,1.9413209005137484,1.3500604981574036,2.532581302870093,-0.9659022180787833,-0.8330492904399571
all_eligible,cdrsb,2.060243,1.358,4.264117638165434,3.54218372149903,4.986051554831838,2.8058376589519707,2.021889696898996,3.5897856210049452,3.290750431505706,2.7526752023047116,3.8288256607067,1.9653233799310688,1.3637620324708828,2.5668847273912547,-0.9733672066597281,-0.8405142790209019
all_eligible,cdrsb,2.0704025,1.358,4.295338146099755,3.5681738770455818,5.0225024151539275,2.8370581668862904,2.0470008206502217,3.627115513122359,3.314637742237532,2.76449854651954,3.8647769379555243,1.989210690662895,1.376566335589617,2.601855045736173,-0.9807004038622225,-0.8478474762233954
all_eligible,cdrsb,2.080562,1.358,4.326313109274517,3.594010220636589,5.058615997912446,2.868033130061053,2.071975131055319,3.664091129066787,3.338410544304529,2.7753208799714444,3.901500208637614,2.012983492729892,1.3884561773441266,2.6375108081156577,-0.9879025649699882,-0.8550496373311609
all_eligible,cdrsb,2.0907215,1.358,4.357043942994118,3.619691722302505,5.094396163685731,2.898763963780655,2.0968110500634567,3.7007168774978534,3.3620694977273686,2.7851372101275254,3.939001785327212,2.0366424461527313,1.3994176016476199,2.6738672906578427,-0.9949744452667497,-0.8621215176279238
all_eligible,cdrsb,2.1008809999999998,1.358,4.387532062562952,3.645217279707324,5.12984684541858,2.929252083349488,2.121506971520581,3.7369971951783953,3.385615262526718,2.793946014915922,3.9772845101375145,2.060188210952081,1.4094398363449365,2.7109365855592253,-1.0019168000362342,-0.8690638723974073
all_eligible,cdrsb,2.1110404999999997,1.358,4.41777888328541,3.670585720882731,5.164972045688089,2.9594989040719466,2.146061261305682,3.7729365468382112,3.409048498723247,2.8017489088871326,4.016348088559361,2.083621447148609,1.4185151570867602,2.748727737210458,-1.0087303845621634,-0.8758774569233374
all_eligible,cdrsb,2.1212,1.358,4.447785820465887,3.6957958068003554,5.199775834131418,2.9895058412524227,2.170472257503844,3.808539425001001,3.4323698663376234,2.8085502877658004,4.056189444909447,2.106942814762985,1.4266387128433966,2.787246916682574,-1.0154159541282635,-0.8825630264894375
age_ge_65,hippocampus_icv,1.1092,1.337,0.0051450212662350935,0.004996108002561261,0.005293934529908926,0.0003056835650153555,0.00010536148136465251,0.0005060056486660585,0.005167917255445463,0.005025313736738882,0.005310520774152044,0.00033849534496231,0.00015072373880601023,0.0005262669511186097,2.2895989210369207e-05,3.281177994695451e-05
age_ge_65,hippocampus_icv,1.118929,1.337,0.005133664301671385,0.0049955042868266835,0.005271824316516087,0.0002943266004516487,0.00010902758695615161,0.00047962561394714585,0.005152436928684265,0.005020095305704824,0.0052847785516637056,0.00032301501820111375,0.00014930533827123494,0.0004967246981309925,1.877262701287935e-05,2.8688417749465032e-05
age_ge_65,hippocampus_icv,1.128658,1.337,0.005122216038648747,0.004993587237056765,0.00525084484024073,0.0002828783374290092,0.00011212575583293983,0.00045363091902507854,0.005137008568133539,0.005013829760682033,0.005260187375585044,0.0003075866576503866,0.00014748974771202516,0.00046768356758874807,1.4792529484791532e-05,2.470832022137743e-05
age_ge_65,hippocampus_icv,1.138387,1.337,0.005110666488943907,0.004990197981029564,0.00523113499685825,0.000271328787724169,0.00011459750373224469,0.00042806007171609326,0.0051216378589945275,0.0050063896241131665,0.0052368860938758885,0.00029221594851137444,0.0001452371175777088,0.0004391947794450401,1.0971370050620599e-05,2.0887160787205468e-05
age_ge_65,hippocampus_icv,1.148116,1.337,0.005099005664333599,0.004985198680558851,0.005212812648108346,0.0002596679631138609,0.00011638476782563912,0.0004029511584020827,0.005106330486468476,0.004997663793019966,0.005214997179916986,0.0002769085759853244,0.0001425080505188674,0.00041130910145178144,7.3248221348770626e-06,1.7240612871463504e-05
age_ge_65,hippocampus_icv,1.157845,1.337,0.005087223576594554,0.004978495034273859,0.005195952118915249,0.00024788587537481695,0.00011743037570503503,0.00037834137504459887,0.005091092135756635,0.004987576294075939,0.005194607977437332,0.00026167022527348225,0.00013926406961428984,0.00038407638093267463,3.868559162080974e-06,1.3784349898665301e-05
age_ge_65,hippocampus_icv,1.167574,1.337,0.005075310237503508,0.004970059807949879,0.005180560667057137,0.00023597253628377025,0.00011767878214543366,0.00035426629042210683,0.005075928492060249,0.004976106837162267,0.005175750146958231,0.00024650658157709536,0.00013546834856160766,0.00035754481459258306,6.182545567411102e-07,1.0534045293325112e-05
age_ge_65,hippocampus_icv,1.177303,1.337,0.0050632556588371905,0.004959949248188201,0.00516656206948618,0.00022391795761745253,0.00011707720229846097,0.0003307587129364441,0.005060845240580561,0.0049633067853029275,0.005158383695858195,0.00023142333009740934,0.00013108682670397647,0.0003317598334908422,-2.4104182566294166e-06,7.5053724799568075e-06
age_ge_65,hippocampus_icv,1.1870319999999999,1.337,0.005051049852372334,0.004948304480274588,0.005153795224470081,0.00021171215115259686,0.00011557731413002183,0.00030784698817517186,0.005045848066518824,0.004949303521271853,0.005142392611765794,0.00021642615603567145,0.0001260898715912175,0.0003067624404801254,-5.201785853510554e-06,4.714004883074586e-06
age_ge_65,hippocampus_icv,1.196761,1.337,0.005038682829885673,0.004935335691567997,0.005142029968203349,0.00019934512866593513,0.00011313774256186081,0.00028555251477000945,0.005030942655076281,0.004934289980309838,0.005127595329842723,0.00020152074459312756,0.00012045468484474905,0.0002825868043415061,-7.74017480939266e-06,2.1756159271924262e-06
age_ge_65,hippocampus_icv,1.2064899999999998,1.337,0.005026144603153938,0.004921294714853564,0.005130994491454312,0.00018680690193420042,0.00010972754630533374,0.0002638862575630671,0.005016134691454177,0.004918502588316841,0.005113766794591513,0.00018671278097102484,0.00011416864700932903,0.00025925691493272065,-1.0009911699760884e-05,-9.412096317558188e-08
age_ge_65,hippocampus_icv,1.216219,1.337,0.005013425183953862,0.004906445712626726,0.005120404655280998,0.0001740874827341246,0.00010533085538469565,0.00024284411008355358,0.0050014298608537615,0.004902195347667185,0.005100664374040338,0.00017200795037060915,0.00010723371592159236,0.00023678218481962594,-1.1995323100100382e-05,-2.0795323635154584e-06
age_ge_65,hippocampus_icv,1.2259479999999998,1.337,0.005000514584062178,0.004891041834740815,0.005109987333383541,0.00016117688284244066,9.995257986824123e-05,0.0002224011858166401,0.00498683384847628,0.004885617505390293,0.005088050191562267,0.00015741193799312755,9.967176514255399e-05,0.0002151521108437011,-1.3680735585898038e-05,-3.7649448493131147e-06
age_ge_65,hippocampus_icv,1.235677,1.337,0.0049874028152556175,0.00487531087781371,0.005099494752697525,0.0001480651140358806,9.36246642042953e-05,0.00020250556386746592,0.0049723523395229785,0.004868998571528445,0.005075706107517512,0.00014293042903982603,9.153032341775751e-05,0.00019433053466189456,-1.5050475732639006e-05,-5.1346849960545705e-06
age_ge_65,hippocampus_icv,1.2454059999999998,1.337,0.004974079889310915,0.004859448961119013,0.005088710817502817,0.00013474218809117738,8.641172403316786e-05,0.0001830726521491869,0.004957991019195104,0.004852540690269672,0.005063441348120536,0.00012856910871195175,8.288759490111263e-05,0.00017425062252279086,-1.608887011581104e-05,-6.1730793792256285e-06
age_ge_65,hippocampus_icv,1.255135,1.337,0.0049605358180048005,0.004843619538924987,0.005077452097084614,0.00012119811678506285,7.841430069741473e-05,0.00016398193287271096,0.004943755572693904,0.004836416351826321,0.005051094793561486,0.00011433366221075046,7.385512905603496e-05,0.00015481219536546596,-1.678024531089669e-05,-6.86445457431239e-06
age_ge_65,hippocampus_icv,1.2648639999999998,1.337,0.004946761846123179,0.004827953636703732,0.005065570055542627,0.00010742414490344201,6.976862936216411e-05,0.0001450796604447199,0.0049296515507145046,0.004820766417009236,0.005038536684419773,0.00010022964023135242,6.457583969156615e-05,0.0001358834407711387,-1.711029540867482e-05,-7.194504672089586e-06
age_ge_65,hippocampus_icv,1.2745929999999999,1.337,0.004932767469619383,0.004812531199927997,0.005053003739310768,9.342976839964577e-05,6.0644859636983054e-05,0.00012621467716230847,0.004915682512974425,0.004805664278870063,0.005025700747078788,8.626060249127251e-05,5.520323031705377e-05,0.00011731797466549125,-1.708495664495737e-05,-7.169165908373261e-06
age_ge_65,hippocampus_icv,1.2843219999999997,1.337,0.004918576133495507,0.004797387455489548,0.005039764811501466,7.92384322757705e-05,5.121291636430838e-05,0.00010726394818723263,0.004901850497521734,0.004791125893369234,0.005012575101674234,7.242858703858058e-05,4.5874234869450374e-05,9.898293920771079e-05,-1.6725635973773197e-05,-6.809845237189927e-06
age_ge_65,hippocampus_icv,1.2940509999999998,1.337,0.004904211635800968,0.004782534412939224,0.005025888858662711,6.48739345812298e-05,4.1620564473184216e-05,8.812730468927539e-05,0.004888157503891382,0.004777144156621848,0.004999170851160917,5.873559340823056e-05,3.6704075428623315e-05,8.07671113878378e-05,-1.6054131909585406e-05,-6.138341172999243e-06
age_ge_65,hippocampus_icv,1.3037799999999997,1.337,0.004889697774585176,0.004767966425334815,0.005011429123835536,5.036007336543848e-05,3.199106743950983e-05,6.872907929136713e-05,0.00487460553161833,0.0047636946605470135,0.004985516402689646,4.518362113517753e-05,2.7784816055073685e-05,6.258242621528138e-05,-1.5092242966845831e-05,-5.176452230260949e-06
age_ge_65,hippocampus_icv,1.3135089999999998,1.337,0.004875058347897547,0.00475366390919359,0.004996452786601505,3.572064667781e-05,2.2423446919131225e-05,4.901784643648877e-05,0.004861196580237528,0.004750739336715284,0.0049716538237597726,3.1774669754375316e-05,1.918586346241542e-05,4.4363476046335214e-05,-1.3861767660019314e-05,-3.945976923434682e-06
age_ge_65,hippocampus_icv,1.323238,1.337,0.004860317153787496,0.004739596084256524,0.004981038223318468,2.097945256775885e-05,1.2994306488830786e-05,2.8964598646686912e-05,0.004847932649283931,0.004738229161097754,0.004957636137470109,1.85107388007787e-05,1.0955824730341741e-05,2.606565287121566e-05,-1.2384504503564625e-05,-2.468713766980149e-06
age_ge_65,hippocampus_icv,1.3329669999999998,1.337,0.004845497990304436,0.0047257230904908885,0.004965272890117984,6.1602890846996085e-06,3.7604977092477617e-06,8.560080460151455e-06,0.004834815738292495,0.0047261062623442434,0.0049435252142407465,5.39382780934253e-06,3.1250669678621526e-06,7.662588650822909e-06,-1.0682252011941402e-05,-7.664612753570782e-07
age_ge_65,hippocampus_icv,1.3426959999999997,1.337,0.004830624655497784,0.0047119977683929256,0.0049492515426026425,-8.713045721954e-06,-1.2188152409291812e-05,-5.237939034616188e-06,0.004821847846798174,0.004714305712907086,0.004929389980689262,-7.57406368497916e-06,-1.0856604712214455e-05,-4.291522657743865e-06,-8.776808699610152e-06,1.1389820369748401e-06
age_ge_65,hippocampus_icv,1.3524249999999998,1.337,0.0048157209474169495,0.0046983673406428275,0.0049330745541910715,-2.361675380278814e-05,-3.325858018163308e-05,-1.3974927423943196e-05,0.00480903097433592,0.004702757238396145,0.004915304710275695,-2.0390936147232148e-05,-2.9489977029326545e-05,-1.1291895265137752e-05,-6.689973081029643e-06,3.2258176555559915e-06
age_ge_65,hippocampus_icv,1.3621539999999999,1.337,0.004800810664111349,0.00468477519815711,0.004916846130065588,-3.8527037108388294e-05,-5.4618275765451e-05,-2.2435798451325586e-05,0.0047963671204406914,0.004691387046724567,0.004901347194156816,-3.305479004246167e-05,-4.822509739999739e-05,-1.788448268492594e-05,-4.4435436706577805e-06,5.472247065926628e-06
age_ge_65,hippocampus_icv,1.3718829999999997,1.337,0.004785917603630398,0.004671162958632724,0.004900672248628072,-5.3420097589339984e-05,-7.622509518850429e-05,-3.0615099990175676e-05,0.00478385828464744,0.004680119942016458,0.004887596627278423,-4.556362583571297e-05,-6.704106742574708e-05,-2.4086184245678856e-05,-2.059318982957671e-06,7.856471753627015e-06
age_ge_65,hippocampus_icv,1.3816119999999998,1.337,0.004771065564023508,0.004657472916679809,0.004884658211367208,-6.827213719622969e-05,-9.802949820765184e-05,-3.851477618480754e-05,0.00477150646649112,0.004668881834518583,0.004874131098463657,-5.791544399203211e-05,-8.591019217281342e-05,-2.992069581125079e-05,4.4090246761191443e-07,1.0356693204197583e-05
age_ge_65,hippocampus_icv,1.3913409999999997,1.337,0.004756278343340095,0.004643650929070811,0.0048689057576093795,-8.305935787964262e-05,-0.00011997603263086392,-4.614268312842132e-05,0.004759313665506689,0.0046576026745753195,0.004861024656438059,-7.010824497646414e-05,-0.00010479934230166039,-3.541714765126789e-05,3.03532216659394e-06,1.2951112903178484e-05
age_ge_65,hippocampus_icv,1.4010699999999998,1.337,0.004741579739629572,0.00462964967085206,0.004853509808407084,-9.775796159016523e-05,-0.00014200453047392986,-5.3511392706400604e-05,0.004747281881229097,0.004646219722187921,0.004848344040270274,-8.214002925405504e-05,-0.00012367105264869517,-4.060900585941492e-05,5.702141599525298e-06,1.5617932336110194e-05
age_ge_65,hippocampus_icv,1.4107989999999997,1.337,0.0047269935509413556,0.004615432066418937,0.004838555035463774,-0.00011234415027838268,-0.0001640510661090541,-6.0637234447711274e-05,0.004735413113193303,0.0046346809261228325,0.004836145300263773,-9.400879728984978e-05,-0.0001424844036465974,-4.553319093310216e-05,8.419562251947219e-06,1.83353529885329e-05
age_ge_65,hippocampus_icv,1.4205279999999998,1.337,0.004712543575324857,0.004600974571530818,0.004824112579118895,-0.00012679412589488155,-0.00018604872248792226,-6.753952930184083e-05,0.004723709360934259,0.004622948060945504,0.004824470660923013,-0.00010571254954889456,-0.0001611957279052363,-5.022937119255281e-05,1.1165785609401797e-05,2.108157634598699e-05
age_ge_65,hippocampus_icv,1.4302569999999997,1.337,0.004698253610829491,0.004586269900796541,0.00481023732086244,-0.00014108409039024702,-0.00020792820511116798,-7.423997566932607e-05,0.004712172623986917,0.00461099920429618,0.004813346043677655,-0.00011724928649623434,-0.00017975917830199463,-5.473939469047406e-05,1.3919013157426795e-05,2.383480389401268e-05
age_ge_65,hippocampus_icv,1.4399859999999998,1.337,0.004684147455504672,0.004571328803501286,0.004796966107508058,-0.00015519024571506552,-0.00022961833667118378,-8.076215475894726e-05,0.004700804901886237,0.004598830172331859,0.004802779631440615,-0.00012861700859691515,-0.00019812718776640874,-5.9106829427421574e-05,1.6657446381565175e-05,2.657323711815037e-05
age_ge_65,hippocampus_icv,1.4497149999999996,1.337,0.004670248907399815,0.004556180607637932,0.004784317207161698,-0.00016908879381992236,-0.00025104645915694597,-8.713112848289875e-05,0.0046896081941671715,0.004586454678722855,0.004792761709611488,-0.00013981371631598203,-0.00021625084539148956,-6.337658724047451e-05,1.9359286767356432e-05,2.9275077503940325e-05
age_ge_65,hippocampus_icv,1.4594439999999997,1.337,0.004656581764564334,0.004540872454255736,0.004772291074872931,-0.0001827559366554039,-0.0002721387650356422,-9.33731082751656e-05,0.004678584500364671,0.004573903205028372,0.0047832657957009705,-0.000150837410118481,-0.00023408020886411752,-6.759461137284446e-05,2.200273580033746e-05,3.1918526536922897e-05
age_ge_65,hippocampus_icv,1.4691729999999996,1.337,0.004643169825047642,0.004525467369992749,0.004760872280102535,-0.00019616787617209535,-0.000292820574980659,-9.951517736353168e-05,0.004667735820013695,0.004561220795364658,0.004774250844662732,-0.00016168609046945706,-0.00025156456953122634,-7.180761140768778e-05,2.4565994966052954e-05,3.448178570263828e-05
age_ge_65,hippocampus_icv,1.4789019999999997,1.337,0.004630034840647999,0.004510038944084795,0.004750030737211203,-0.000209302860571739,-0.00031302271816230777,-0.00010558300298117024,0.004657063884120497,0.0045484632019231015,0.004765664566317892,-0.000172358026362656,-0.00026865691954886277,-7.605913317644921e-05,2.7029043472497766e-05,3.6944834209083014e-05
age_ge_65,hippocampus_icv,1.4886309999999998,1.337,0.004617182321548478,0.004494647590872167,0.004739717052224789,-0.00022215537967125933,-0.00033272456557386385,-0.00011158619376865483,0.004646568292310832,0.004535684503578036,0.004757452081043628,-0.0001828536181723207,-0.00028534373526904673,-8.036350107559466e-05,2.938597076235401e-05,3.9301761498938636e-05
age_ge_65,hippocampus_icv,1.4983599999999997,1.337,0.004604610036440681,0.004479341528255081,0.0047298785446262806,-0.00023472766477905716,-0.0003519291334617118,-0.00011752619609640254,0.004636247628297709,0.004522931881841735,0.004749563374753682,-0.0001931742821854446,-0.00030162793415035397,-8.472063022053524e-05,3.1637591857027955e-05,4.155338259361255e-05
age_ge_65,hippocampus_icv,1.5080889999999996,1.337,0.004592315706431968,0.004464163998725834,0.004720467414138102,-0.00024702199478776973,-0.00037063998728192925,-0.00012340400229361018,0.004626100469549671,0.00451024706235626,0.004741953876743082,-0.00020332144093348153,-0.0003175129395378217,-8.91299423291413e-05,3.3784763117702954e-05,4.37005538542882e-05
age_ge_65,hippocampus_icv,1.5178179999999997,1.337,0.004580297052629702,0.004449153264105894,0.0047114408411535105,-0.00025904064859003496,-0.0003888609821667432,-0.00012922031501332672,0.004616125393535267,0.004497666460612155,0.0047345843264583794,-0.00021329651694788535,-0.0003330024747444894,-9.35905591512813e-05,3.5828340905564963e-05,4.5744131642149616e-05
age_ge_65,hippocampus_icv,1.5275469999999998,1.337,0.004568551796141249,0.004434342776185321,0.004702760816097177,-0.0002707859050784893,-0.00040659618652367406,-0.0001349756236333046,0.004606320977723044,0.004485221502137025,0.004727420453309063,-0.00022310093276010922,-0.00034810049358668254,-9.810137193353593e-05,3.7769181581794736e-05,4.768497231838009e-05
age_ge_65,hippocampus_icv,1.5372759999999996,1.337,0.004557077658073968,0.004419761489955009,0.004694393826192927,-0.00028226004314576994,-0.000423849830965777,-0.00014067025532576289,0.0045966857995815465,0.004472939046645081,0.004720432552518012,-0.00023273611090160652,-0.00036281113477470875,-0.00010266108702850432,3.960814150757823e-05,4.952393224416342e-05
age_ge_65,hippocampus_icv,1.5470049999999995,1.337,0.004545872359535224,0.004405434252684596,0.004686310466385852,-0.00029346534168451393,-0.0004406262734629146,-0.00014630440990611327,0.004587218436579322,0.004460841853984383,0.00471359501917426,-0.0002422034739038308,-0.0003771386916173151,-0.00010726825619034654,4.134607704409793e-05,5.126186778068312e-05
age_ge_65,hippocampus_icv,1.5567339999999996,1.337,0.004534933621632378,0.0043913822213776516,0.0046784850218871046,-0.00030440407958735947,-0.00045692997517369404,-0.0001518781840010249,0.004577917466184916,0.0044489490507424335,0.004706885881627399,-0.0002515044442982363,-0.00039108759185537887,-0.00011192129674109368,4.298384455253806e-05,5.28996352891232e-05
age_ge_65,hippocampus_icv,1.5664629999999997,1.337,0.004524259165472794,0.004377623277218598,0.004670895053726991,-0.00031507853574694273,-0.000472765483489166,-0.00015739158800471943,0.004568781465866876,0.004437276572548297,0.004700286359185455,-0.00026064044461627584,-0.00040466238438579877,-0.00011661850484675292,4.452230039408197e-05,5.443809113066689e-05
age_ge_65,hippocampus_icv,1.5761919999999996,1.337,0.004513846712163837,0.0043641724179071814,0.004663521006420492,-0.00032549098905590104,-0.00048813742005979427,-0.0001628445580520078,0.00455980901309375,0.004425837568646884,0.0046937804575406155,-0.00026961289738940293,-0.0004178677308001483,-0.00012135806397865759,4.596230092991302e-05,5.5878091666498105e-05
age_ge_65,hippocampus_icv,1.5859209999999997,1.337,0.004503693982812865,0.00435104211755001,0.004656345848075721,-0.00033564371840687235,-0.0005030504723409668,-0.0001682369644727779,0.004550998685334082,0.004414642763041115,0.004687354607627048,-0.0002784232251490719,-0.0004307084003783519,-0.00012613804991979183,4.7304702521216296e-05,5.722049325780046e-05
age_ge_65,hippocampus_icv,1.5956499999999996,1.337,0.004493798698527245,0.0043382426496961475,0.004649354747358342,-0.0003455390026924926,-0.0005175093876746031,-0.00017356861771038217,0.0045423490600564175,0.004403700771350259,0.004680997348762576,-0.00028707285042673525,-0.00044318926762906705,-0.00013095643322440345,4.855036152917255e-05,5.846615226575737e-05
age_ge_65,hippocampus_icv,1.6053789999999997,1.337,0.0044841585804143375,0.004325782372871457,0.004642534787957218,-0.00035517912080540025,-0.0005315189692358958,-0.00017883927237490475,0.004533858714729305,0.004393018375364484,0.004674699054094127,-0.00029556319575384737,-0.00045531531175963913,-0.0001358110797480556,4.9700134314967746e-05,5.9615925051552886e-05
age_ge_65,hippocampus_icv,1.6151079999999995,1.337,0.004474771349581505,0.0043136679802061985,0.0046358747189568115,-0.0003645663516382317,-0.0005450840733795342,-0.00018404862989692924,0.004525526226821291,0.004382600758755866,0.004668451694886716,-0.00030389568366186127,-0.000467091617650069,-0.00014069974967365355,5.07548772397861e-05,6.0670667976370424e-05
age_ge_65,hippocampus_icv,1.6248369999999994,1.337,0.004465634727136114,0.004301904715953842,0.004629364738318386,-0.00037370297408362437,-0.0005582096080577531,-0.0001891963401094957,0.004517350173800921,0.004372451708024285,0.0046622486395775575,-0.0003120717366822308,-0.0004785233780337996,-0.00014562009533066207,5.171544666480749e-05,6.163123740139355e-05
age_ge_65,hippocampus_icv,1.6345659999999995,1.337,0.004456746434185522,0.004290496562230008,0.004622996306141036,-0.00038259126703421554,-0.0005709005320767819,-0.0001942820019916492,0.004509329133136743,0.004362573782853431,0.004656084483420055,-0.0003200927773464095,-0.0004896158966753346,-0.00015056965801748433,5.2582698951221356e-05,6.249848968780606e-05
age_ge_65,hippocampus_icv,1.6442949999999996,1.337,0.004448104191837096,0.0042794463994150055,0.004616761984259187,-0.00039123350938264246,-0.0005831618550237541,-0.00019930516374153088,0.004501461682297302,0.004352968459854136,0.004649954904740468,-0.0003279602281858508,-0.0005003745923947293,-0.00015554586397697223,5.335749046020584e-05,6.327328119679168e-05
age_ge_65,hippocampus_icv,1.6540239999999997,1.337,0.004439705721198195,0.004268756143535056,0.004610655298861335,-0.0003996319800215422,-0.0005949986377422512,-0.00020426532230083332,0.004493746398751144,0.0043436362533250845,0.004643856544177203,-0.00033567551173200834,-0.0005108050038305703,-0.00016054601963344633,5.4040677552948634e-05,6.395646828953388e-05
age_ge_65,hippocampus_icv,1.6637529999999996,1.337,0.0044315487433761866,0.004258426863680115,0.004604670623072258,-0.00040778895784355135,-0.0006064159932675976,-0.00020916192241950503,0.004486181859966818,0.004334576816254302,0.004637786903679334,-0.000343240050516335,-0.0005209127948618953,-0.00016556730617077478,5.463311659063136e-05,6.454890732721634e-05
age_ge_65,hippocampus_icv,1.6734819999999995,1.337,0.00442363097947843,0.004248458882201522,0.0045988030767553385,-0.0004157067217413081,-0.000617419088156843,-0.00021399435532577324,0.004478766643412868,0.004325789024371753,0.004631744262453982,-0.0003506552670702852,-0.0005307037606293079,-0.00017060677351126257,5.513566393443737e-05,6.505145467102289e-05
age_ge_65,hippocampus_icv,1.6832109999999996,1.337,0.004415950150612288,0.004238851860104666,0.00459304844111991,-0.00042338755060744923,-0.0006280131441657654,-0.00021876195704913302,0.00447149932655784,0.004317271045673096,0.0046257276074425846,-0.0003579225839253123,-0.0005401838341087339,-0.00017566133374189073,5.5549175945551754e-05,6.546496668213695e-05
age_ge_65,hippocampus_icv,1.6929399999999997,1.337,0.004408503977885126,0.004229604869734968,0.004587403086035285,-0.00043083372333461203,-0.0006382034402381224,-0.00022346400643110162,0.004464378486870283,0.0043090203974816945,0.004619736576258872,-0.0003650434236128697,-0.0005493590931995092,-0.00018072775402623028,5.5874508985157e-05,6.57902997217423e-05
age_ge_65,hippocampus_icv,1.7026689999999995,1.337,0.004401290182404304,0.004220716456563273,0.004581863908245335,-0.0004380475188154333,-0.0006479953147819037,-0.00022809972284896295,0.004457402701818742,0.004301033992806177,0.004613771410831307,-0.0003720192086644109,-0.0005582357682927662,-0.00018580264903605555,5.61125194144382e-05,6.602831015102242e-05
age_ge_65,hippocampus_icv,1.7123979999999994,1.337,0.004394306485277187,0.004212184691614808,0.004576428278939566,-0.0004450312159425507,-0.0006573941682145255,-0.00023266826367057594,0.004450570548871762,0.004293308177484705,0.00460783292025882,-0.00037885136161138947,-0.0005668202502871571,-0.0001908824729356218,5.626406359457523e-05,6.617985433116124e-05
age_ge_65,hippocampus_icv,1.7221269999999995,1.337,0.0043875506076111355,0.0042040072158555045,0.0045710939993667665,-0.0004517870936086014,-0.000666405465764242,-0.00023716872145296077,0.004443880605497894,0.00428583875938279,0.0046019224516129975,-0.0003855413049852591,-0.0005751190990171717,-0.0001959635109533465,5.6329997886758396e-05,6.624578862334229e-05
age_ge_65,hippocampus_icv,1.7318559999999996,1.337,0.0043810202705135155,0.004196181277649833,0.004565859263377198,-0.00045831743070622234,-0.0006750347405190531,-0.0002416001208933916,0.0044373314491656796,0.004278621030725638,0.004596041867605721,-0.00039209046131747315,-0.0005831390520549699,-0.0002010418705799764,5.6311178652164104e-05,6.622696938874919e-05
age_ge_65,hippocampus_icv,1.7415849999999995,1.337,0.004374713195091686,0.004188703764232662,0.004560722625950711,-0.0004646245061280508,-0.0006832875967173014,-0.00024596141553880015,0.004430921657343667,0.0042716497844952385,0.004590193530192096,-0.00039850025313948527,-0.0005908870338398125,-0.0002061134724391581,5.6208462251980916e-05,6.612425298856551e-05
age_ge_65,hippocampus_icv,1.7513139999999994,1.337,0.004368627102453013,0.0041815712279914055,0.0045556829769146205,-0.00047071059876672375,-0.0006911697132762208,-0.00025025148425722677,0.004424649807500404,0.004264919325703063,0.004584380289297745,-0.0004047721029827487,-0.0005983701650798904,-0.00021117404088560706,5.602270504739132e-05,6.593849578397505e-05
age_ge_65,hippocampus_icv,1.7610429999999995,1.337,0.004362759713704859,0.004174779908230507,0.004550739519179211,-0.0004765779875148788,-0.0006986868475560578,-0.0002544691274736998,0.004418514477104436,0.004258423478258512,0.00457860547595036,-0.0004109074333787174,-0.0006055957723595747,-0.00021621909439786005,5.575476339957693e-05,6.567055413616137e-05
age_ge_65,hippocampus_icv,1.7707719999999996,1.337,0.004357108749954585,0.004168325748985477,0.004545891750923693,-0.00048222895126515326,-0.0007058448393581255,-0.000258613063172181,0.0044125142436243076,0.004252155588088369,0.004572872899160246,-0.00041690766685884505,-0.0006125713978707337,-0.00022124393584695642,5.540549366972285e-05,6.53212844063082e-05
age_ge_65,hippocampus_icv,1.7805009999999994,1.337,0.004351671932309554,0.004162204413365482,0.004541139451253626,-0.00048766576891018365,-0.0007126496151553329,-0.0002626819226650344,0.004406647684528569,0.004246108523121499,0.004567186845935638,-0.00042277422595458447,-0.00061930480916973,-0.00022624364273943892,5.497575221901502e-05,6.489154295559918e-05
age_ge_65,hippocampus_icv,1.7902299999999993,1.337,0.00434644698187713,0.004156411294829521,0.00453648266892474,-0.0004928907193426078,-0.0007191071925533947,-0.0002666742461318208,0.004400913377285762,0.004240274670734092,0.004561552083837432,-0.00042850853319738986,-0.0006258040088419189,-0.00023121305755286072,5.4466395408631595e-05,6.438218614521793e-05
age_ge_65,hippocampus_icv,1.7999589999999994,1.337,0.004341431619764675,0.004150941525739587,0.004531921713789763,-0.0004979060814550625,-0.0007252236849800453,-0.0002705884779300797,0.004395309899364438,0.004234645933252653,0.004555973865476223,-0.0004341120111187145,-0.0006320772439328488,-0.0002361467783045802,5.387827959976287e-05,6.379407033634801e-05
age_ge_65,hippocampus_icv,1.8096879999999995,1.337,0.004336623567079553,0.004145789983483261,0.0045274571506758446,-0.0005027141341401851,-0.0007310053065981944,-0.0002744229616821758,0.00438983582823314,0.0042292137221331865,0.0045504579343330935,-0.000439586082250012,-0.0006381330149799924,-0.00024103914952003152,5.3212261153587e-05,6.312805189017312e-05
age_ge_65,hippocampus_icv,1.8194169999999994,1.337,0.004332020544929125,0.004140951294416275,0.004523089795441975,-0.0005073171562906128,-0.0007364583774369895,-0.0002781759351442361,0.004384489741360416,0.004223968951474741,0.004545010531246091,-0.0004449321691227357,-0.000643980084450758,-0.00024588425379471347,5.2469196431290804e-05,6.238498716787708e-05
age_ge_65,hippocampus_icv,1.8291459999999993,1.337,0.004327620274420755,0.004136419835842038,0.004518820712999473,-0.0005117174267989825,-0.0007415893287321803,-0.0002818455248657847,0.004379270216214813,0.0042189020315817035,0.004539638400847922,-0.00045015169426833914,-0.0006496274843620373,-0.000250675904174641,5.164994179405764e-05,6.156573253064337e-05
age_ge_65,hippocampus_icv,1.8388749999999994,1.337,0.004323420476661805,0.0041321897362185354,0.004514651217105075,-0.0005159172245579323,-0.0007464047084639603,-0.0002854297406519043,0.004374175830264877,0.004214002863360294,0.0045343487971694595,-0.00045524608021827655,-0.0006550845228240619,-0.00025540763761249116,5.075535360307172e-05,6.0671144339655776e-05
age_ge_65,hippocampus_icv,1.8486039999999995,1.337,0.004319418872759639,0.004128254873763164,0.004510582871756114,-0.0005199188284600983,-0.0007509111870764941,-0.0002889264698437026,0.004369205160979151,0.004209260834417525,0.004529149487540777,-0.0004602167495040007,-0.0006603607892174949,-0.0002600727097905065,4.978628821951207e-05,5.970207895609765e-05
age_ge_65,hippocampus_icv,1.8583329999999996,1.337,0.004315613183821619,0.0041246088736122,0.0045066174940310375,-0.0005237245173981183,-0.000755115563358622,-0.0002923334714376146,0.004364356785826187,0.004204664817821377,0.004524048753830997,-0.00046506512465696527,-0.0006654661576784689,-0.00026466409163546166,4.874360200456812e-05,5.8659392741153044e-05
age_ge_65,hippocampus_icv,1.8680619999999994,1.337,0.004312001130955108,0.004121245103683537,0.004502757158226679,-0.0005273365702646296,-0.0007590247704595792,-0.0002956483700696799,0.004359629282274529,0.004200203174573584,0.004519055389975473,-0.00046979262820862414,-0.0006704107885328628,-0.0002691744678843855,4.7628151319420615e-05,5.754394205600543e-05
age_ge_65,hippocampus_icv,1.8777909999999993,1.337,0.004308580435267469,0.004118156669388775,0.004499004201146163,-0.0005307572659522688,-0.0007626458820070223,-0.00029886864989751524,0.004355021227792721,0.00419586376093376,0.004514178694651682,-0.0004744006826904305,-0.0006752051272902138,-0.0002735962380906472,4.6440792525252045e-05,5.635658326183827e-05
age_ge_65,hippocampus_icv,1.8875199999999994,1.337,0.0043053488178660644,0.004115336407343805,0.004495361228388324,-0.0005339888833536734,-0.0007659861182870266,-0.0003019916484203202,0.004350531199849315,0.004191633941805848,0.004509428457892783,-0.00047889071063383806,-0.0006798599007812457,-0.0002779215204864304,4.518238198325097e-05,5.509817271983535e-05
age_ge_65,hippocampus_icv,1.8972489999999995,1.337,0.0043023039998582565,0.004112776878235606,0.004491831121480907,-0.0005370337013614807,-0.000769052852436982,-0.0003050145502859795,0.004346157775912852,0.004187500611443463,0.004504814940382241,-0.0004832641345703003,-0.0006843861100035169,-0.0002821421591370837,4.3853776054595534e-05,5.376956679118046e-05
age_ge_65,hippocampus_icv,1.9069779999999994,1.337,0.00429944370235141,0.004110470359017198,0.004488417045685622,-0.000539893998868328,-0.0007718536165923909,-0.000307934381144265,0.004341899533451881,0.0041834502227356,0.004500348844168163,-0.0004875223770312708,-0.000688795019229994,-0.0002862497348325476,4.24558311004717e-05,5.2371621837057165e-05
age_ge_65,hippocampus_icv,1.9167069999999993,1.337,0.004296765646452885,0.0041084088346228275,0.004485122458282943,-0.0005425720547668521,-0.0007743961079173891,-0.0003107480016163151,0.00433775504993495,0.00417946882628274,0.00449604127358716,-0.000491666860548203,-0.0006930981409385839,-0.0002902355801578221,4.0989403482064556e-05,5.0905194218649153e-05
age_ge_65,hippocampus_icv,1.9264359999999994,1.337,0.004294267553270047,0.004106583989421525,0.004481951117118569,-0.0005450701479496906,-0.0007766881944363474,-0.0003134521014630338,0.004333722902830602,0.004175542120349875,0.004491903685311329,-0.0004956990076525506,-0.0006973072161401822,-0.000294090799164919,3.945534956055485e-05,4.937114029713999e-05
age_ge_65,hippocampus_icv,1.9361649999999995,1.337,0.004291947143910257,0.004104987198659233,0.004478907089161281,-0.0005473905573094804,-0.0007787379205701521,-0.00031604319404880877,0.0043298016696073855,0.004171655512571791,0.00448794782664298,-0.000499620240875767,-0.0007014341897220287,-0.00029780629202950536,3.785452569712855e-05,4.7770316433713364e-05
age_ge_65,hippocampus_icv,1.9458939999999993,1.337,0.004289802139480879,0.00410360952017796,0.004475994758783798,-0.0005495355617388589,-0.000780553512265775,-0.0003185176112119428,0.004325989927733847,0.004167794193975126,0.004484185661492568,-0.0005034319827493059,-0.000705491180485284,-0.00030137278501332783,3.618778825296813e-05,4.6103578989552946e-05
age_ge_65,hippocampus_icv,1.9556229999999992,1.337,0.004287830261089275,0.004102441686744296,0.004473218835434253,-0.000551507440130463,-0.0007821433815915866,-0.0003208714986693394,0.004322286254678532,0.004163943225464769,0.004480629283892294,-0.0005071356558046208,-0.000709490445643382,-0.0003047808659658596,3.445599358925695e-05,4.43717843258422e-05
age_ge_65,hippocampus_icv,1.9653519999999993,1.337,0.004286029229842807,0.004101474099368994,0.004470584360316621,-0.0005533084713769303,-0.0007835161306537702,-0.0003231008121000904,0.0043186892279099874,0.0041600876364008554,0.0044772908194191195,-0.0005107326825731652,-0.0007134443396625978,-0.00030802102548373254,3.2659998067180104e-05,4.2575788803765136e-05
age_ge_65,hippocampus_icv,1.9750809999999994,1.337,0.00428439676684884,0.004100696822052945,0.004468096711644735,-0.0005549409343708976,-0.0007846805546713716,-0.00032520131407042354,0.00431519742489676,0.004156212534280365,0.004474182315513155,-0.0005142244855863925,-0.0007173652674687222,-0.00031108370370406277,3.080065804792007e-05,4.0716448784505104e-05
age_ge_65,hippocampus_icv,1.9848099999999993,1.337,0.004282930593214735,0.004100099578451559,0.0044657616079779115,-0.0005564071080050022,-0.000785645644029404,-0.00032716857198060033,0.004311809423107396,0.004152303223860702,0.00447131562235409,-0.0005176124873757564,-0.000721265632212311,-0.0003139593425392017,2.887882989266108e-05,3.8794620629245785e-05
age_ge_65,hippocampus_icv,1.9945389999999992,1.337,0.004281628430047856,0.004099671751007091,0.004463585109088621,-0.0005577092711718815,-0.0007864205851114782,-0.0003289979572322848,0.004308523800010442,0.004148345333362155,0.0044687022666587296,-0.0005208981104727103,-0.0007251577779760657,-0.0003166384429693549,2.6895369962586478e-05,3.6811160699171184e-05
age_ge_65,hippocampus_icv,2.0042679999999993,1.337,0.004280487998455565,0.004099402383153978,0.004461573613757152,-0.0005588497027641726,-0.0007870147596963503,-0.000330684645831995,0.004305339133074445,0.004144324944715339,0.00446635332143355,-0.0005240827774087081,-0.0007290539280154194,-0.0003191116268019967,2.4851134618879625e-05,3.476692535546455e-05
age_ge_65,hippocampus_icv,2.0139969999999994,1.337,0.004279507019545225,0.004099280185252039,0.004459733853838411,-0.0005598306816745125,-0.0007874377426873654,-0.0003322236206616596,0.00430225399976795,0.004140228724240709,0.00446427927529519,-0.000527167910715203,-0.0007329661193387817,-0.00032136970209162416,2.274698022272474e-05,3.2662770959309556e-05
age_ge_65,hippocampus_icv,2.023725999999999,1.337,0.004278683214424199,0.004099293544941532,0.004458072883906866,-0.0005606544867955386,-0.0007876992979310383,-0.0003336096756600389,0.004299266977559503,0.004136044049724974,0.004462489905394032,-0.0005301549329236486,-0.0007369061346462002,-0.00032340373120109706,2.0583763135304314e-05,3.0499553871889996e-05
age_ge_65,hippocampus_icv,2.033454999999999,1.337,0.0042780143041998495,0.004099430542637023,0.004456598065762676,-0.0005613233970198881,-0.0007878093718721106,-0.00033483742216766556,0.004296376643917655,0.004131759129652962,0.004460994158182348,-0.0005330452665654986,-0.0007408854328416326,-0.00032520510028936466,1.8362339717805168e-05,2.827813045438944e-05
age_ge_65,hippocampus_icv,2.0431839999999992,1.337,0.00427749800997954,0.004099678972876842,0.004455317047082238,-0.0005618396912401981,-0.0007877780847887223,-0.0003359012976916739,0.0042935815763109455,0.004127363110407329,0.004459800042214562,-0.0005358403341722065,-0.0007449150795007505,-0.00032676558884366254,1.6083566331405452e-05,2.5999357067991568e-05
age_ge_65,hippocampus_icv,2.0529129999999993,1.337,0.004277132052870632,0.004100026372214507,0.0044542377335267565,-0.0005622056483491058,-0.0007876157193542668,-0.00033679557734394487,0.004290880352207926,0.004122846167583831,0.004458914536832022,-0.0005385415582752258,-0.0007490056787993907,-0.00032807743775106085,1.3748299337294594e-05,2.366409007388006e-05
age_ge_65,hippocampus_icv,2.0626419999999994,1.337,0.0042769141539804895,0.004100460054270102,0.004453368253690877,-0.0005624235472392485,-0.0007873327062836674,-0.0003375143881948297,0.004288271549077143,0.00411819957817827,0.004458343519976015,-0.0005411503614060099,-0.0007531673084749663,-0.0003291334143370536,1.1357395096653344e-05,2.1273185833238593e-05
age_ge_65,hippocampus_icv,2.0723709999999995,1.337,0.004276842034416474,0.004100967152446077,0.0044527169163868716,-0.0005624956668032631,-0.0007869396068427728,-0.00033805172676375336,0.00428575374438714,0.0041134157712446,0.004458091717529681,-0.0005436681660960125,-0.0007574094593945979,-0.000329926872797427,8.911709970665926e-06,1.8827500707250633e-05
age_ge_65,hippocampus_icv,2.082099999999999,1.337,0.00427691341528595,0.004101534670647305,0.004452292159924595,-0.0005624242859337872,-0.0007864470920318421,-0.00033840147983573235,0.004283325515606466,0.004108488355635229,0.004458162675577702,-0.000546096394876687,-0.0007617409812336726,-0.0003304518085197015,6.412100320515694e-06,1.6327891057100184e-05
age_ge_65,cdrsb,1.10775,1.3455,0.4199267688760413,0.09316621791636287,0.7466873198357198,-1.063985254647202,-1.5470346178659953,-0.5809358914284086,0.39271407004725223,0.12958851622924789,0.6558396238652566,-0.9866250264532341,-1.3613726438383358,-0.6118774090681325,-0.027212698828789073,0.07736022819396782
age_ge_65,cdrsb,1.117851,1.3455,0.4611864794331302,0.161195138285455,0.7611778205808053,-1.022725544090113,-1.468750902545697,-0.5767001856345291,0.4416659825770468,0.19756841313960238,0.6857635520144912,-0.9376731139234387,-1.283210465996769,-0.5921357618501084,-0.01952049685608337,0.08505243016667441
age_ge_65,cdrsb,1.127952,1.3455,0.5026829679709488,0.225879180268922,0.7794867556729757,-0.9812290555522952,-1.3916462282534763,-0.5708118828511142,0.4902035833058891,0.2618562858247845,0.7185508807869937,-0.8891355131945967,-1.2067934571138885,-0.5714775692753049,-0.012479384665059712,0.09209354235769851
age_ge_65,cdrsb,1.138053,1.3455,0.5444350888492009,0.2867770671172051,0.8020931105811967,-0.9394769346740418,-1.3158090905903088,-0.5631447787577749,0.5382938810590794,0.3221445760476217,0.7544431860705371,-0.8410452154414061,-1.1322551704247095,-0.5498352604581027,-0.006141207790121506,0.09843171923263572
age_ge_65,cdrsb,1.148154,1.3455,0.586461696427599,0.34352554348577913,0.829397849369419,-0.8974503270956434,-1.2413259388142945,-0.5535747153769923,0.5859038846619242,0.37826233467216,0.7935454346516884,-0.7934352118385619,-1.0597253235547472,-0.5271451001223766,-0.0005578117656748205,0.10401511525708151
age_ge_65,cdrsb,1.158255,1.3455,0.6287816450658505,0.3959340711922079,0.8616292189394932,-0.855130378457392,-1.1682793642720242,-0.5419813926427599,0.6330006029397257,0.4302349470066688,0.8357662588727826,-0.746338493560761,-0.9893264429364919,-0.5033505441850301,0.004218957873875162,0.10879188489663105
age_ge_65,cdrsb,1.168356,1.3455,0.6714137891236627,0.4440748668683574,0.898752711378968,-0.8124982343995804,-1.0967453373305727,-0.528251131468588,0.679551044717785,0.4783093290007989,0.8807927604347712,-0.6997880517827011,-0.9211688950005028,-0.4784072085648993,0.008137255594122372,0.11271018261687926
age_ge_65,cdrsb,1.178457,1.3455,0.7143769829607445,0.48832369142403764,0.9404302744974513,-0.7695350405624986,-1.0267891071545456,-0.5122809739704516,0.7255222188214097,0.522927547146732,0.9281168904960874,-0.6538168776790766,-0.8553438756978606,-0.45228987966029255,0.011145235860665181,0.11571816288342196
age_ge_65,cdrsb,1.188558,1.3455,0.7576900809368015,0.5293223903384467,0.9860577715351562,-0.7262219425864409,-0.9584593119988486,-0.4939845731740332,0.770881134075899,0.5646579232980278,0.9771043448537702,-0.6084579624245867,-0.7919140982571853,-0.42500182659198815,0.01319105313909752,0.11776398016185419
age_ge_65,cdrsb,1.198659,1.3455,0.8013719374115453,0.5678774618838665,1.0348664129392242,-0.6825400861116981,-0.89177986445696,-0.4733003077664363,0.8155947993065586,0.6041127131046087,1.0270768855085086,-0.5637442971939268,-0.7309023770833748,-0.39658621730447885,0.014222861895013317,0.11879578891777132
age_ge_65,cdrsb,1.20876,1.3455,0.8454414067446834,0.6048417308131083,1.0860410826762585,-0.6384706167785604,-0.8267393817558634,-0.4502018518012575,0.8596302233386943,0.6418802336669122,1.0773802130104766,-0.5197088731617918,-0.6722791358158996,-0.36713861050768404,0.014188816594010945,0.11876174361676861
age_ge_65,cdrsb,1.218861,1.3455,0.8899173432959202,0.6410218202527307,1.1388128663391097,-0.5939946802273226,-0.7632784614571957,-0.4247108989974495,0.9029544149976054,0.6784836778787282,1.1274251521164826,-0.4763846815028813,-0.615950971045611,-0.3368183919601516,0.013037071701685221,0.11760999872444128
age_ge_65,cdrsb,1.2289619999999999,1.3455,0.9348186014249684,0.6771270012214812,1.1925102016284557,-0.549093422098275,-0.7012760494679822,-0.39691079472856794,0.9455343831085958,0.7143643072623946,1.176704458954797,-0.4338047133918904,-0.5617533497975509,-0.30585607698622996,0.010715781683627412,0.11528870870638463
age_ge_65,cdrsb,1.239063,1.3455,0.9801640354915353,0.7137526983879577,1.246575372595113,-0.5037479880317085,-0.6405373987318198,-0.3669585773315972,0.9873371364969712,0.7498805104505298,1.2247937625434124,-0.39200196000351434,-0.509450590406838,-0.27455332960019063,0.007173101005435889,0.11174602802819417
age_ge_65,cdrsb,1.249164,1.3455,1.0259724998553263,0.751384478871844,1.3005605208388087,-0.45793952366791724,-0.580787185710361,-0.3350918616254735,1.0283296839880336,0.7853144869091724,1.2713448810668948,-0.3510094125124523,-0.4587449078525317,-0.24327391717237296,0.0023571841327072462,0.10693011115546491
age_ge_65,cdrsb,1.259265,1.3455,1.0722628488760524,0.7904105221718185,1.3541151755802863,-0.41164917464719064,-0.5216714226489554,-0.3016269266454259,1.0684790344070878,0.8208809447204221,1.3160771240937534,-0.31086006209339834,-0.40929374345202707,-0.2124263807347696,-0.003783814468964586,0.1007891125537923
age_ge_65,cdrsb,1.269366,1.3455,1.11904623604278,0.831104771620033,1.406987700465527,-0.3648657874804628,-0.46278423361282794,-0.2669473413480976,1.107761581096839,0.8567231707508529,1.3587999914428253,-0.27157751540364716,-0.3607354647969935,-0.18241956601030085,-0.011284654945940886,0.09328827207681561
age_ge_65,cdrsb,1.279467,1.3455,1.166295471150124,0.873515913325509,1.4590750289747392,-0.3176165523731196,-0.40376866542631984,-0.23146443931991934,1.146200444203342,0.8928729013003889,1.3995279871062951,-0.233138652297144,-0.3127425200433501,-0.15353478455093786,-0.020095026946782113,0.08447790007597558
age_ge_65,cdrsb,1.289568,1.3455,1.2139714531663373,0.9175828962861965,1.510360010046478,-0.26994057035690566,-0.3443336292394098,-0.19554751147440155,1.1838332587713545,0.9292980849689655,1.4383684325737436,-0.19550583772913122,-0.26505427831988987,-0.12595739713837256,-0.030138194394982776,0.07443473262777445
age_ge_65,cdrsb,1.299669,1.3455,1.2620350773379903,0.963196356617416,1.5608737980585645,-0.2218769461852521,-0.28424724783069777,-0.15950664453980645,1.2206976643809888,0.9659303944588636,1.475464934303114,-0.1586414321194974,-0.21747289538264913,-0.09980996885634569,-0.04133741295700144,0.0632355140657547
age_ge_65,cdrsb,1.3097699999999999,1.3455,1.3104472389116566,1.010209423915714,1.6106850539075992,-0.17346478461158643,-0.2233373176134125,-0.12359225160976037,1.2568313006123581,1.002672399299898,1.5109902019248183,-0.12250779588812755,-0.16985491176108505,-0.07516068001517004,-0.05361593829929845,0.050956988723458885
age_ge_65,cdrsb,1.319871,1.3455,1.3591688331339071,1.0584453526984914,1.6598923135693229,-0.12474319038933614,-0.1614876001486143,-0.08799878063005798,1.2922718070455792,1.0394028113867666,1.5451408027043918,-0.08706728945490674,-0.12210233371657493,-0.052032245193238555,-0.06689702608832793,0.03767590093442939
age_ge_65,cdrsb,1.329972,1.3455,1.408160755251311,1.1077031775558879,1.708618332946734,-0.07575126827193236,-0.09863172767575694,-0.052870808868107785,1.3270568232607625,1.0759807169502824,1.5781329295712425,-0.052282273239723495,-0.07415428986793055,-0.030410256611516452,-0.08110393199054844,0.023468995032208867
age_ge_65,cdrsb,1.3400729999999998,1.3455,1.4573839005104405,1.1577622789714146,1.7570055220494665,-0.026528123012802794,-0.03474618103568248,-0.01831006498992311,1.3612239888380229,1.1122495335952371,1.6101984440808086,-0.018115107662462916,-0.025979763899922414,-0.010250451425003419,-0.09615991167241766,0.008413015350339878
age_ge_65,cdrsb,1.350174,1.3455,1.5067991641578686,1.2083865549227364,1.8052117733930009,0.022887140634625436,0.015617602966640332,0.03015667830261054,1.3948109433574754,1.1480413235229876,1.641580563191963,0.015471846856989973,0.008515226925837217,0.02242846678814273,-0.11198822080039328,-0.007415293777635463
age_ge_65,cdrsb,1.360275,1.3455,1.5563674414401643,1.2593287628538758,1.8534061200264527,0.07245541791692083,0.048875864693188435,0.09603497114065321,1.4278553263992322,1.1831819962825125,1.6725286565159518,0.048516229898746696,0.025973706979132906,0.0710587528183605,-0.12851211504093207,-0.02393918801817413
age_ge_65,cdrsb,1.3703759999999998,1.3455,1.6060496276038991,1.3103354841192973,1.901763771088501,0.12213760408065592,0.08145238789196502,0.16282282026934683,1.4603947775434074,1.2174977912338711,1.7032917638529437,0.08105568104292209,0.042226857018590705,0.11988450506725347,-0.14565485006049173,-0.041081923037733836
age_ge_65,cdrsb,1.380477,1.3455,1.6558066178956468,1.361153027845998,1.9504602079452955,0.17189459437240356,0.11335420516118427,0.23043498358362285,1.4924669363701168,1.2508231915900012,1.7341106811502325,0.11312783986963112,0.057388371448391505,0.16886730829087074,-0.1633396815255299,-0.05876675450277244
age_ge_65,cdrsb,1.3905779999999999,1.3455,1.7055993075619753,1.411534400266617,1.9996642148573336,0.22168728403873217,0.14460390649532573,0.2987706615821386,1.524109442459471,1.283010064621382,1.76520882029756,0.1447703459589854,0.07158131484120875,0.21795937707676208,-0.1814898651025043,-0.07691693807974676
age_ge_65,cdrsb,1.400679,1.3455,1.7553885918494583,1.461247204545438,2.0495299791534785,0.2714765683262153,0.17523655100752092,0.3677165856449097,1.5553599353915866,1.3139373781026498,1.7967824926805234,0.17602083889110023,0.08493618484212628,0.2671054929400742,-0.2000286564578717,-0.09545572943511507
age_ge_65,cdrsb,1.41078,1.3455,1.8051353660046656,1.5100820240580841,2.100188707951247,0.32122334248142276,0.20529718028314908,0.43714950467969643,1.586256054746574,1.3435204191445806,1.8289916903485675,0.20691695824608888,0.09758937976182466,0.31624453673035313,-0.21887931125809157,-0.11430638423533387
age_ge_65,cdrsb,1.420881,1.3455,1.8548005252741708,1.5578605412522584,2.1517405092960833,0.37088850175092697,0.2348388220855479,0.5069381814163061,1.616835440104551,1.371718204471489,1.861952675737613,0.2374963436040652,0.10968197947849659,0.3653107077296338,-0.23796508516961978,-0.13339215814686176
age_ge_65,cdrsb,1.430982,1.3455,1.9043449649045403,1.6044424511037625,2.204247478705318,0.42043294138129766,0.26392088688690335,0.576944995875692,1.647135731045628,1.3985378732726448,1.8957335888186113,0.26779663454514246,0.12135876757974523,0.4142345015105397,-0.25720923385891226,-0.1526363068361552
age_ge_65,cdrsb,1.441083,1.3455,1.953729580142351,1.6497302379202294,2.2577289223644725,0.46981755661910746,0.29260787536205946,0.6470272378761555,1.6771945671499218,1.4240353330008726,1.930353801298971,0.29785547064943535,0.13276743826119206,0.4629435030376786,-0.27653501299242933,-0.1719620859696721
age_ge_65,cdrsb,1.451184,1.3455,2.0029152662341705,1.6936711384443561,2.312159394023985,0.5190032427109277,0.32096832983049334,0.7170381555913621,1.7070495879975436,1.4483121523710731,1.965787023624014,0.3277104914970573,0.14405794368638924,0.5113630393077253,-0.2958656782366269,-0.1912927512138704
age_ge_65,cdrsb,1.461285,1.3455,2.051862918426571,1.7362560630480965,2.3674697738050456,0.5679508949033285,0.34907397552222375,0.7868278142844333,1.7367384331686075,1.4715094094321635,2.0019674569050516,0.3573993366681215,0.1553819468181113,0.5594167265181318,-0.31512448525796355,-0.210551558235207
age_ge_65,cdrsb,1.4713859999999999,1.3455,2.1005334319661246,1.777515757418814,2.423551106513435,0.6166214084428822,0.37699900817132026,0.856243808714444,1.7662987422432286,1.493799661953818,2.038797822532639,0.3869596457427428,0.1668923516714935,0.607026939813992,-0.33423468972289605,-0.22966176270013938
age_ge_65,cdrsb,1.481487,1.3455,2.148887702099403,1.8175149016060916,2.480260502592714,0.66497567857616,0.40481949289545865,0.9251318642568613,1.7957681548015199,1.51537830252954,2.0761580070734995,0.4164290583010343,0.17874288795726045,0.6541152286448082,-0.353119547297883,-0.2485466202751257
age_ge_65,cdrsb,1.491588,1.3455,2.1968866292319564,1.8563450537985617,2.537428204665351,0.7129746057087134,0.4326128361950704,0.9933363752223564,1.8251843056735053,1.536455333950144,2.1139132773968665,0.44584520917301973,0.19108771036097028,0.7006027079850692,-0.3717023235584511,-0.2671293965356937
age_ge_65,cdrsb,1.5016889999999998,1.3455,2.244499926661538,1.8941198194463986,2.5948800338766773,0.7605879031382945,0.4604407508295762,1.0607350554470127,1.8545767152903005,1.5572288497701077,2.1519245808104936,0.4752376187898144,0.2040465737896831,0.7464286637899458,-0.3899232113712374,-0.2853502843484801
age_ge_65,cdrsb,1.51179,1.3455,2.291724177399547,1.930964285530083,2.652484069269011,0.807812153876304,0.48831428149287437,1.1273100262597335,1.8839501640124334,1.5778320639411594,2.1900682640837075,0.504611067511948,0.21763361043416307,0.7915885245897328,-0.4077740133871135,-0.30320108636435605
age_ge_65,cdrsb,1.5218909999999999,1.3455,2.3385610670900814,1.966992760143962,2.7101293740362005,0.854649043566838,0.5162339173836855,1.1930641697499906,1.9133047339928213,1.598368986242629,2.2282404817430135,0.5339656374923358,0.2318421113790125,0.8360891636056591,-0.4252563330972601,-0.3206834060745022
age_ge_65,cdrsb,1.5319919999999998,1.3455,2.3850122813772394,2.0023061230404746,2.767718439714004,0.9011002578539962,0.5441993769272739,1.2580011387807184,1.9426405073843815,1.6189265438435962,2.2663544709251666,0.5633014108838951,0.24666460578801314,0.8799382159797771,-0.4423717739928579,-0.3377988469701011
age_ge_65,cdrsb,1.542093,1.3455,2.4310795059051244,2.036992724982931,2.8251662868273177,0.9471674823818812,0.5722098098544643,1.322125154909298,1.971957566340027,1.6395768896262324,2.304338243053822,0.5926184698395415,0.2620929656929836,0.9231439739860994,-0.4591219395650974,-0.3545490125423397
age_ge_65,cdrsb,1.5521939999999999,1.3455,2.476764426317832,2.071129511084264,2.8823993415514,0.9928524027945896,0.600263932146733,1.3854408734424464,2.001255993012675,1.6603795214283301,2.3421324645970203,0.6219168965121904,0.27811846699991205,0.9657153260244687,-0.4755084333051567,-0.37093550628239924
age_ge_65,cdrsb,1.5622949999999998,1.3455,2.522068728259465,2.104783222870507,2.9393542336484235,1.0381567047362221,0.6283601181308026,1.4479532913416415,2.0305358695552442,1.6813831531329742,2.3796885859775143,0.6511967730547591,0.2947318219661257,1.0076617241433925,-0.4915328587042209,-0.38695993168146303
age_ge_65,cdrsb,1.572396,1.3455,2.5669940973741223,2.138011585381504,2.995976609366741,1.0830820738508793,0.6564964644536291,1.5096676832481295,2.059797278120649,1.7026273247495918,2.416967231491706,0.680458181620163,0.3119231923153633,1.0489931709249627,-0.5071968192534735,-0.40262389223071626
age_ge_65,cdrsb,1.5824969999999998,1.3455,2.6115422193059015,2.1708644240070125,3.0522200146047904,1.1276301957826584,0.6846708351420471,1.5705895564232697,2.0890403008618037,1.7241437638400916,2.453936837883516,0.7097012043613179,0.3296821886543639,1.0897202200682718,-0.5225019184440978,-0.41792899142134055
age_ge_65,cdrsb,1.5925979999999997,1.3455,2.655714779698905,2.2033846824837706,3.1080448769140396,1.1718027561756625,0.7128808936509459,1.6307246187003792,2.118265019931627,1.7459575226078559,2.4905725172553983,0.7389259234311408,0.3479978597731323,1.1298539870891493,-0.537449759767278,-0.4328768327445217
age_ge_65,cdrsb,1.6026989999999999,1.3455,2.6995134641972314,2.2356093310268936,3.163417597367569,1.2156014406739883,0.7411241257766359,1.6900787555713408,2.1474715174830328,1.7680879191103305,2.526855115855735,0.7681324209825474,0.3668586741402573,1.1694061678248375,-0.5520419467141986,-0.44746901969144093
age_ge_65,cdrsb,1.6128,1.3455,2.742939958444981,2.267570164409232,3.21830975248073,1.2590279349217373,0.7693978560350649,1.7486580138084096,2.17665987566894,1.7905493109029025,2.5627704404349774,0.7973207791684541,0.38625249511095033,1.208389063225958,-0.566280082776041,-0.46170715575328314
age_ge_65,cdrsb,1.6229009999999997,1.3455,2.78599594808625,2.299294496006199,3.2726974001663014,1.3020839245630067,0.7976992592816085,1.806468589844405,2.2058301766422614,1.8133517271408994,2.5983086261436235,0.8264910801417746,0.4061665508616822,1.246815609421867,-0.5801657714439887,-0.47559284442123206
age_ge_65,cdrsb,1.6330019999999998,1.3455,2.8286831187651433,2.3308057569697294,3.3265604805605573,1.3447710952418999,0.8260253688079439,1.863516821675856,2.2349825025559147,1.8365013820241565,2.633463623087673,0.8556434060554291,0.42658739974294513,1.284699412367913,-0.5937006162092286,-0.48912768918647076
age_ge_65,cdrsb,1.643103,1.3455,2.8710031561257576,2.362124010914191,3.3798823013373243,1.3870911326025144,0.8543730817887354,1.9198091834162934,2.264116935562817,1.8600010891639203,2.6682327819617138,0.8847778390623315,0.44750089153678496,1.322054786587878,-0.6068862205629406,-0.5023132935401828
age_ge_65,cdrsb,1.653204,1.3455,2.9129577458121902,2.3932663945636925,3.432649097060688,1.4290457222889477,0.8827391627037454,1.9753522818741498,2.2932335578158822,1.8838505933426521,2.7026165222891123,0.913894461315397,0.4688921249801577,1.3588967976506363,-0.619724187996308,-0.5151512609735507
age_ge_65,cdrsb,1.6633049999999998,1.3455,2.9545485734685464,2.4242474942342613,3.4848496527028314,1.470636549945303,0.9111202451898124,2.0301528547007934,2.3223324514680277,1.9080468333827503,2.736618069553305,0.9429933549675427,0.4907454018451356,1.3952413080899497,-0.6322161220005187,-0.5276431949777602
age_ge_65,cdrsb,1.673406,1.3455,2.995777324738923,2.455079667130577,3.5364749823472694,1.5118653012156797,0.9395128326570933,2.0842177697742663,2.3514136986721716,1.9325841474909655,2.7702432498533778,0.9720746021716855,0.5130441778388721,1.431105026504499,-0.6443636260667516,-0.5397906990439942
age_ge_65,cdrsb,1.6835069999999999,1.3455,3.036645685267417,2.4857733154242254,3.5875180551106087,1.5527336617441736,0.9679132979186041,2.137554025569743,2.3804773815812252,1.9574544304956405,2.80350033266681,1.00113828508074,0.5357710105912998,1.4665055595701801,-0.6561683036861918,-0.5515953766634336
age_ge_65,cdrsb,1.6936079999999998,1.3455,3.0771553406981313,2.516337120064601,3.6379735613316617,1.5932433171748888,0.99631788202077,2.1901687523290074,2.4095235823481076,1.982647250812007,2.8363999138842084,1.0301844858476226,0.5589075050322734,1.5014614666629718,-0.6676317583500238,-0.5630588313272662
age_ge_65,cdrsb,1.703709,1.3455,3.117307976675167,2.546778240318075,3.6878377130322586,1.6333959531519244,1.0247226924181239,2.242069213885725,2.438552383125736,2.008149933715876,2.868954832535596,1.0592132866252508,0.5824342565197246,1.535992316730777,-0.6787555935494307,-0.5741826665266736
age_ge_65,cdrsb,1.7138099999999998,1.3455,3.1571052788426206,2.5771024841661503,3.737108073519091,1.6731932553193767,1.0531237006027458,2.2932628100360075,2.4675638660670245,2.0339476165369446,2.9011801155971044,1.0882247695665388,0.606330792165424,1.5701187469676536,-0.6895414127755961,-0.5849684857528379
age_ge_65,cdrsb,1.7239109999999997,1.3455,3.1965489328445917,2.6073144539297086,3.785783411759475,1.712636909321349,1.081516739275038,2.34375707936766,2.4965581133248893,2.060023280662476,2.9330929459873025,1.1172190168244034,0.6305755109153373,1.6038625227334695,-0.6999908195197024,-0.5954178924969455
age_ge_65,cdrsb,1.7340119999999999,1.3455,3.235640624325182,2.6374176708235835,3.8338635778267802,1.7517286008019386,1.1098974991246546,2.3935597024792226,2.525535207052247,2.086357764737379,2.9647126493671148,1.146196110551762,0.6551456230774,1.637246598026124,-0.7101054172729349,-0.6055324902501766
age_ge_65,cdrsb,1.7441129999999998,1.3455,3.27438203892849,2.66741468157682,3.88134939628016,1.790470015405246,1.1382615252773158,2.442678505533176,2.554495229402014,2.1129297631311705,2.9960606956728575,1.1751561329015283,0.6800170901514274,1.670295175651629,-0.7198868095264759,-0.6153138825037177
age_ge_65,cdrsb,1.7542139999999997,1.3455,3.312774862298615,2.6973071497701726,3.928242574827057,1.8288628387753714,1.1666042134535541,2.491121464097189,2.583438262527105,2.13971581359223,3.0271607114619803,1.2040991660266198,0.7051645660039213,1.7030337660493182,-0.7293365997715098,-0.6247636727487516
age_ge_65,cdrsb,1.7643149999999999,1.3455,3.3508207800796566,2.727095934132632,3.974545626026681,1.8669087565564135,1.1949208058783338,2.5388967072344935,2.6123643885804393,2.166690278004721,3.0580384991561576,1.2330252920799534,0.730561340643524,1.735489243516383,-0.7384563914992173,-0.6338834644764602
age_ge_65,cdrsb,1.7744159999999998,1.3455,3.388521477915716,2.756781155693969,4.020261800137463,1.9046094543924728,1.2232063869754486,2.586012521809497,2.6412736897149287,2.193825320283728,3.0887220591461295,1.2619345932144432,0.7561792880891478,1.7676898983397387,-0.7472477882007871,-0.6426748611780295
age_ge_65,cdrsb,1.7845169999999997,1.3455,3.4258786414508915,2.786362255400173,4.0653950275016095,1.9419666179276485,1.2514558788771002,2.632477356978197,2.6701662480834925,2.2210908856685676,3.1192416104984173,1.2908271515830063,0.7819888200779694,1.7996654830880432,-0.755712393367399,-0.6511394663446421
age_ge_65,cdrsb,1.7946179999999998,1.3455,3.4628939563292844,2.8158380435556345,4.109949869102934,1.978981932806041,1.2796640367767451,2.678299828835337,2.6990421458390452,2.248454685977662,3.1496296057004285,1.3197030493385598,0.8079588476279871,1.8314472510491324,-0.7638518104902392,-0.6592788834674812
age_ge_65,cdrsb,1.804719,1.3455,3.49956910819499,2.8452067422521727,4.153931474137807,2.0156570846717474,1.3078254441520722,2.7234887251914226,2.7279014651345026,2.27588219574103,3.1799207345279754,1.3485623686340178,0.8340567527403241,1.8630679845277114,-0.7716676430604874,-0.6670947160377296
age_ge_65,cdrsb,1.8148199999999997,1.3455,3.5359057826921125,2.874466021774769,4.197345543609456,2.0519937591688695,1.3359345078844957,2.7680530104532433,2.756744288122783,2.303336664488927,3.210151911756639,1.3774051916222974,0.8602483727861703,1.8945620104584244,-0.7791614945693297,-0.6745885675465721
age_ge_65,cdrsb,1.8249209999999998,1.3455,3.57190566546475,2.9036130318311315,4.240198299098369,2.0879936419415075,1.3639854533017617,2.812001830581253,2.7855706969568024,2.3307791507994566,3.240362243114148,1.4062316004563156,0.8864980003548213,1.9259652005578098,-0.7863349685079477,-0.6817620414851919
age_ge_65,cdrsb,1.835022,1.3455,3.6075704421570025,2.932644428333373,4.282496455980632,2.1236584186337595,1.3919723191711157,2.855344518096403,2.8143807737894724,2.358168583934039,3.270592963644906,1.4350416772889867,0.9127684015205784,1.957314953057395,-0.7931896683675301,-0.6886167413447728
age_ge_65,cdrsb,1.8451229999999998,1.3455,3.642901798412969,2.9615563963603417,4.324247200465596,2.158989774889726,1.4198889526717697,2.8980905971076827,2.8431746007737138,2.3854618589475596,3.300887342599868,1.4638355042732285,0.939020855590908,1.988650152955549,-0.799727197639255,-0.6951542706164977
age_ge_65,cdrsb,1.8552239999999998,1.3455,3.6779014198767497,2.990344669846293,4.365458169907206,2.193989396353506,1.4477290043771596,2.9402497883298526,2.8719522600624403,2.4126139709707752,3.3312905491541054,1.4926131635619555,0.9652152193960437,2.0200111077278673,-0.8059491598143094,-0.7013762327915507
age_ge_65,cdrsb,1.865325,1.3455,3.7125709921924424,3.019004548472171,4.406137435912713,2.2286589686692,1.4754859232796884,2.9818320140587122,2.9007138338085694,2.439578193844127,3.361849473773012,1.5213747373080844,0.9913100190389512,2.0514394555772175,-0.811857158383873,-0.7072842313611158
age_ge_65,cdrsb,1.8754259999999998,1.3455,3.7469122010041502,3.0475309121782175,4.446293489830083,2.2630001774809076,1.5031529518931106,3.0228474030687047,2.9294594041650184,2.4663063073564735,3.3926125009735633,1.5501203076645325,1.0172625717115438,2.082978043617521,-0.8174527968391319,-0.7128798698163752
age_ge_65,cdrsb,1.8855269999999997,1.3455,3.7809267319559705,3.075918233668491,4.4859352302434505,2.297014708432727,1.5307231214705763,3.0633062953948778,2.9581890532847,2.492748875947536,3.4236292306218643,1.578849956784214,1.0430291396693065,2.1146707738991215,-0.8227376786712703,-0.718164751648513
age_ge_65,cdrsb,1.8956279999999999,1.3455,3.814616270692002,3.104160589238287,4.5250719521457174,2.330704247168759,1.5581892473794663,3.103219246958052,2.9869028633205312,2.518855579836803,3.4549501468042596,1.6075637668200455,1.0685651177201112,2.1465624159199796,-0.8277134073714709,-0.7231404803487136
age_ge_65,cdrsb,1.9057289999999998,1.3455,3.8479825028563477,3.132251668222304,4.563713337490391,2.3640704793331047,1.5855439246774896,3.1425970339887197,3.0156009164254307,2.5445755971571735,3.486626235693688,1.6362618199249448,1.0938252546144476,2.178698385235442,-0.832381586430917,-0.7278086594081599
age_ge_65,cdrsb,1.9158299999999997,1.3455,3.8810271140931034,3.1601847813343245,4.601869446851882,2.3971150905698604,1.6127795239381095,3.1814506572016112,3.0442832947523106,2.569858032871444,3.518708556633177,1.6649441982518254,1.1187639075315603,2.2111244889720902,-0.8367438193407928,-0.732170892318035
age_ge_65,cdrsb,1.9259309999999998,1.3455,3.913751790046372,3.1879528681467892,4.6395507119459545,2.4298397665231284,1.6398881873771143,3.2197913456691425,3.07295008045409,2.594652387175448,3.551247773732732,1.6936109839536049,1.143335327469026,2.2438866404381836,-0.8408017095922817,-0.7362287825695235
age_ge_65,cdrsb,1.9360319999999998,1.3455,3.946158216360251,3.2155485039402314,4.676767928780271,2.4622461928370076,1.6668618253359742,3.257630560338041,3.1016013556836866,2.6189090529550967,3.5842936584122764,1.7222622591831998,1.1674939718172987,2.277030546549101,-0.8445568606765645,-0.7399839336538079
age_ge_65,cdrsb,1.9461329999999997,1.3455,3.97824807867884,3.242963906137502,4.713532251220179,2.4943360551555975,1.6936921131816125,3.2949799971295826,3.130237202594011,2.6425798289382056,3.6178945762498165,1.7508981060935247,1.1911948388173264,2.310601373369723,-0.8480108760848291,-0.7434379490620728
age_ge_65,cdrsb,1.9562339999999998,1.3455,4.01002306264624,3.2701909405253207,4.749855184767158,2.5261110391229966,1.720370488686147,3.331851589559846,3.158857703337982,2.665618432772139,3.652096973903825,1.7795186068374964,1.2143938170631128,2.34464339661188,-0.8511653593082578,-0.7465924322855002
age_ge_65,cdrsb,1.9663349999999997,1.3455,4.0414848539065495,3.297221127455452,4.785748580357647,2.557572830383307,1.7468881499540339,3.36825751081258,3.187462940068518,2.6879809966702917,3.6869448834667446,1.8081238435680322,1.2370480418437022,2.3791996452923625,-0.8540219138380314,-0.7494489868152747
age_ge_65,cdrsb,1.9764359999999996,1.3455,4.07263513810387,3.324045648209177,4.821224627998562,2.5887231145806275,1.7732360539678056,3.4042101751934495,3.216052994938532,2.709626527761249,3.722479462115815,1.8367138984380462,1.2591162490480365,2.414311547828056,-0.8565821431653378,-0.7520092161425813
age_ge_65,cdrsb,1.9865369999999998,1.3455,4.103475600882299,3.3506553517013984,4.8562958500632,2.6195635773590555,1.7994049158271275,3.4397222388909836,3.2446279501009414,2.7305173160063685,3.7587385841955143,1.865288853600455,1.2805591167008186,2.4500185905000915,-0.8588476507813576,-0.7542747237586005
age_ge_65,cdrsb,1.996638,1.3455,4.134007927885937,3.377040761693976,4.890975094077898,2.6500959043626944,1.8253852087590532,3.4748065999663353,3.273187887708662,2.7506192745562212,3.795756500861103,1.8938487912081765,1.3013395840536486,2.4863579983627044,-0.8608200401772752,-0.7562471131545179
age_ge_65,cdrsb,2.0067389999999996,1.3455,4.164233804758884,3.403192084681721,4.925275524836047,2.6803217812356404,1.8511671649801091,3.509476397491172,3.30173288991461,2.7699022005756273,3.8335635792535925,1.9223937934141244,1.3214231385805593,2.5233644482476896,-0.8625009148442739,-0.7579279878215159
age_ge_65,cdrsb,2.0168399999999997,1.3455,4.194154917145239,3.429099218608128,4.95921061568235,2.710242893621995,1.8767407774930405,3.5437450097509497,3.330263038871701,2.7883399486199423,3.8721861291234596,1.9509239423712155,1.3407780622282033,2.5610698225142277,-0.8638918782735381,-0.7593189512507796
age_ge_65,cdrsb,2.026941,1.3455,4.223772950689101,3.454751762561334,4.992794138816868,2.739860927165858,1.9020958029024664,3.5776260514292497,3.3587784167328527,2.8059105132206823,3.911646320245023,1.9794393202323675,1.359375629800736,2.599503010663999,-0.8649945339562484,-0.7604216069334906
age_ge_65,cdrsb,2.0370419999999996,1.3455,4.253089591034571,3.4801390275934354,5.026040154475706,2.769177567511328,1.9272217653343713,3.611133369688285,3.38727910565098,2.8225960220076107,3.951962189294349,2.0079400091504938,1.3771902543177634,2.638689763983224,-0.8658104853835908,-0.7612375583608344
age_ge_65,cdrsb,2.0471429999999997,1.3455,4.282106523825749,3.5052500487978944,5.058962998853604,2.7981945003025057,1.952107961543959,3.6442810390610525,3.415765187778998,2.838382645032299,3.9931477305256973,2.036426091278512,1.394199576427264,2.6786526061297598,-0.8663413360467507,-0.7617684090239938
age_ge_65,cdrsb,2.057244,1.3455,4.310825434706734,3.530073598770106,5.091577270643362,2.826913411183491,1.9767434672948916,3.6770833550720905,3.4442367452698246,2.853260429603778,4.035213060935871,2.0648976487693393,1.4103844973142259,2.719410800224453,-0.8665886894369095,-0.7620157624141517
age_ge_65,cdrsb,2.0673449999999995,1.3455,4.339248009321625,3.5545982025648426,5.123897816078407,2.8553359857983813,2.001117145090113,3.7095548265066496,3.472693860276375,2.8672230726462518,4.078164647906498,2.0933547637758894,1.4257291568434574,2.7609803707083214,-0.8665541490452497,-0.761981222022492
age_ge_65,cdrsb,2.0774459999999997,1.3455,4.367375933314521,3.578812154251111,5.15593971237793,2.8834639097912778,2.0252176533302007,3.741710166252355,3.501136614951565,2.880267644218503,4.122005585684627,2.121797518451079,1.440220860748669,2.803374176153489,-0.8662393183629558,-0.7616663913401989
age_ge_65,cdrsb,2.087547,1.3455,4.395210892329524,3.6027035351498,5.187718249509247,2.9112988688062815,2.0490334569692967,3.7735642806432663,3.5295650914483128,2.8923942763997412,4.166735906496884,2.1502259949478266,1.453849962397758,2.8466020274978954,-0.8656458008812109,-0.7610728738584549
age_ge_65,cdrsb,2.0976479999999995,1.3455,4.422754572010733,3.6262602338219843,5.219248910199482,2.9388425484874894,2.0725528397310926,3.805132257243886,3.557979371919531,2.9036058313607533,4.212352912478309,2.178640275419045,1.4666097059377272,2.890670844900363,-0.8647752000912021,-0.7602022730684443
age_ge_65,cdrsb,2.1077489999999997,1.3455,4.450008658002244,3.6494699678560427,5.250547348148446,2.9660966344790016,2.0957639179379295,3.8364293510200738,3.5863795385181376,2.9139075612913716,4.258851515744904,2.207040442017652,1.4784960384112629,2.935584845624041,-0.8636291194841066,-0.7590561924613497
age_ge_65,cdrsb,2.11785,1.3455,4.476974835948164,3.6723203074797484,5.28162936441658,2.993062812424921,2.1186546559946935,3.867470968855148,3.6147656733970495,2.9233067711716414,4.3062245756224575,2.235426576896564,1.4895073987465002,2.981345755046628,-0.8622091625511148,-0.7576362355283566
