"go_id","term_name"
"GO:0000038","very long-chain fatty acid metabolic process"
"GO:0000045","autophagosome assembly"
"GO:0000050","urea cycle"
"GO:0000070","mitotic sister chromatid segregation"
"GO:0000077","DNA damage checkpoint signaling"
"GO:0000079","regulation of cyclin-dependent protein serine/threonine kinase activity"
"GO:0000082","G1/S transition of mitotic cell cycle"
"GO:0000086","G2/M transition of mitotic cell cycle"
"GO:0000132","establishment of mitotic spindle orientation"
"GO:0000165","MAPK cascade"
"GO:0000184","nuclear-transcribed mRNA catabolic process, nonsense-mediated decay"
"GO:0000209","protein polyubiquitination"
"GO:0000226","microtubule cytoskeleton organization"
"GO:0000244","spliceosomal tri-snRNP complex assembly"
"GO:0000245","spliceosomal complex assembly"
"GO:0000266","mitochondrial fission"
"GO:0000278","mitotic cell cycle"
"GO:0000281","mitotic cytokinesis"
"GO:0000289","nuclear-transcribed mRNA poly(A) tail shortening"
"GO:0000302","response to reactive oxygen species"
"GO:0000338","protein deneddylation"
"GO:0000375","RNA splicing, via transesterification reactions"
"GO:0000380","alternative mRNA splicing, via spliceosome"
"GO:0000381","regulation of alternative mRNA splicing, via spliceosome"
"GO:0000387","spliceosomal snRNP assembly"
"GO:0000398","mRNA splicing, via spliceosome"
"GO:0000413","protein peptidyl-prolyl isomerization"
"GO:0000422","autophagy of mitochondrion"
"GO:0000423","mitophagy"
"GO:0000460","maturation of 5.8S rRNA"
"GO:0000462","maturation of SSU-rRNA from tricistronic rRNA transcript (SSU-rRNA, 5.8S rRNA, LSU-rRNA)"
"GO:0000463","maturation of LSU-rRNA from tricistronic rRNA transcript (SSU-rRNA, 5.8S rRNA, LSU-rRNA)"
"GO:0000712","resolution of meiotic recombination intermediates"
"GO:0000723","telomere maintenance"
"GO:0000724","double-strand break repair via homologous recombination"
"GO:0000727","double-strand break repair via break-induced replication"
"GO:0000731","DNA synthesis involved in DNA repair"
"GO:0000902","cell morphogenesis"
"GO:0000956","nuclear-transcribed mRNA catabolic process"
"GO:0001501","skeletal system development"
"GO:0001502","cartilage condensation"
"GO:0001503","ossification"
"GO:0001508","action potential"
"GO:0001510","RNA methylation"
"GO:0001516","prostaglandin biosynthetic process"
"GO:0001523","retinoid metabolic process"
"GO:0001525","angiogenesis"
"GO:0001541","ovarian follicle development"
"GO:0001556","oocyte maturation"
"GO:0001558","regulation of cell growth"
"GO:0001568","blood vessel development"
"GO:0001569","branching involved in blood vessel morphogenesis"
"GO:0001570","vasculogenesis"
"GO:0001578","microtubule bundle formation"
"GO:0001580","detection of chemical stimulus involved in sensory perception of bitter taste"
"GO:0001649","osteoblast differentiation"
"GO:0001654","eye development"
"GO:0001655","urogenital system development"
"GO:0001656","metanephros development"
"GO:0001657","ureteric bud development"
"GO:0001658","branching involved in ureteric bud morphogenesis"
"GO:0001659","temperature homeostasis"
"GO:0001662","behavioral fear response"
"GO:0001666","response to hypoxia"
"GO:0001675","acrosome assembly"
"GO:0001676","long-chain fatty acid metabolic process"
"GO:0001678","intracellular glucose homeostasis"
"GO:0001682","tRNA 5'-leader removal"
"GO:0001701","in utero embryonic development"
"GO:0001702","gastrulation with mouth forming second"
"GO:0001706","endoderm formation"
"GO:0001707","mesoderm formation"
"GO:0001708","cell fate specification"
"GO:0001709","cell fate determination"
"GO:0001736","establishment of planar polarity"
"GO:0001755","neural crest cell migration"
"GO:0001756","somitogenesis"
"GO:0001764","neuron migration"
"GO:0001771","immunological synapse formation"
"GO:0001774","microglial cell activation"
"GO:0001778","plasma membrane repair"
"GO:0001779","natural killer cell differentiation"
"GO:0001782","B cell homeostasis"
"GO:0001817","regulation of cytokine production"
"GO:0001818","negative regulation of cytokine production"
"GO:0001819","positive regulation of cytokine production"
"GO:0001822","kidney development"
"GO:0001823","mesonephros development"
"GO:0001824","blastocyst development"
"GO:0001825","blastocyst formation"
"GO:0001829","trophectodermal cell differentiation"
"GO:0001833","inner cell mass cell proliferation"
"GO:0001835","blastocyst hatching"
"GO:0001836","release of cytochrome c from mitochondria"
"GO:0001837","epithelial to mesenchymal transition"
"GO:0001843","neural tube closure"
"GO:0001878","response to yeast"
"GO:0001881","receptor recycling"
"GO:0001886","endothelial cell morphogenesis"
"GO:0001889","liver development"
"GO:0001890","placenta development"
"GO:0001892","embryonic placenta development"
"GO:0001894","tissue homeostasis"
"GO:0001895","retina homeostasis"
"GO:0001913","T cell mediated cytotoxicity"
"GO:0001916","positive regulation of T cell mediated cytotoxicity"
"GO:0001921","positive regulation of receptor recycling"
"GO:0001932","regulation of protein phosphorylation"
"GO:0001933","negative regulation of protein phosphorylation"
"GO:0001934","positive regulation of protein phosphorylation"
"GO:0001935","endothelial cell proliferation"
"GO:0001937","negative regulation of endothelial cell proliferation"
"GO:0001938","positive regulation of endothelial cell proliferation"
"GO:0001942","hair follicle development"
"GO:0001944","vasculature development"
"GO:0001946","lymphangiogenesis"
"GO:0001947","heart looping"
"GO:0001952","regulation of cell-matrix adhesion"
"GO:0001953","negative regulation of cell-matrix adhesion"
"GO:0001954","positive regulation of cell-matrix adhesion"
"GO:0001958","endochondral ossification"
"GO:0001963","synaptic transmission, dopaminergic"
"GO:0001964","startle response"
"GO:0001967","suckling behavior"
"GO:0001974","blood vessel remodeling"
"GO:0001975","response to amphetamine"
"GO:0002009","morphogenesis of an epithelium"
"GO:0002021","response to dietary excess"
"GO:0002024","diet induced thermogenesis"
"GO:0002026","regulation of the force of heart contraction"
"GO:0002027","regulation of heart rate"
"GO:0002028","regulation of sodium ion transport"
"GO:0002040","sprouting angiogenesis"
"GO:0002042","cell migration involved in sprouting angiogenesis"
"GO:0002052","positive regulation of neuroblast proliferation"
"GO:0002053","positive regulation of mesenchymal cell proliferation"
"GO:0002062","chondrocyte differentiation"
"GO:0002063","chondrocyte development"
"GO:0002076","osteoblast development"
"GO:0002087","regulation of respiratory gaseous exchange by nervous system process"
"GO:0002088","lens development in camera-type eye"
"GO:0002089","lens morphogenesis in camera-type eye"
"GO:0002091","negative regulation of receptor internalization"
"GO:0002092","positive regulation of receptor internalization"
"GO:0002098","tRNA wobble uridine modification"
"GO:0002181","cytoplasmic translation"
"GO:0002218","activation of innate immune response"
"GO:0002221","pattern recognition receptor signaling pathway"
"GO:0002223","stimulatory C-type lectin receptor signaling pathway"
"GO:0002224","toll-like receptor signaling pathway"
"GO:0002227","innate immune response in mucosa"
"GO:0002230","positive regulation of defense response to virus by host"
"GO:0002244","hematopoietic progenitor cell differentiation"
"GO:0002250","adaptive immune response"
"GO:0002281","macrophage activation involved in immune response"
"GO:0002286","T cell activation involved in immune response"
"GO:0002312","B cell activation involved in immune response"
"GO:0002323","natural killer cell activation involved in immune response"
"GO:0002357","defense response to tumor cell"
"GO:0002376","immune system process"
"GO:0002407","dendritic cell chemotaxis"
"GO:0002430","complement receptor mediated signaling pathway"
"GO:0002437","inflammatory response to antigenic stimulus"
"GO:0002467","germinal center formation"
"GO:0002503","peptide antigen assembly with MHC class II protein complex"
"GO:0002523","leukocyte migration involved in inflammatory response"
"GO:0002548","monocyte chemotaxis"
"GO:0002639","positive regulation of immunoglobulin production"
"GO:0002682","regulation of immune system process"
"GO:0002687","positive regulation of leukocyte migration"
"GO:0002690","positive regulation of leukocyte chemotaxis"
"GO:0002720","positive regulation of cytokine production involved in immune response"
"GO:0002726","positive regulation of T cell cytokine production"
"GO:0002753","cytoplasmic pattern recognition receptor signaling pathway"
"GO:0002755","MyD88-dependent toll-like receptor signaling pathway"
"GO:0002764","immune response-regulating signaling pathway"
"GO:0002862","negative regulation of inflammatory response to antigenic stimulus"
"GO:0002931","response to ischemia"
"GO:0003007","heart morphogenesis"
"GO:0003009","skeletal muscle contraction"
"GO:0003016","respiratory system process"
"GO:0003073","regulation of systemic arterial blood pressure"
"GO:0003084","positive regulation of systemic arterial blood pressure"
"GO:0003085","negative regulation of systemic arterial blood pressure"
"GO:0003091","renal water homeostasis"
"GO:0003094","glomerular filtration"
"GO:0003139","secondary heart field specification"
"GO:0003148","outflow tract septum morphogenesis"
"GO:0003151","outflow tract morphogenesis"
"GO:0003158","endothelium development"
"GO:0003161","cardiac conduction system development"
"GO:0003180","aortic valve morphogenesis"
"GO:0003183","mitral valve morphogenesis"
"GO:0003184","pulmonary valve morphogenesis"
"GO:0003197","endocardial cushion development"
"GO:0003198","epithelial to mesenchymal transition involved in endocardial cushion formation"
"GO:0003203","endocardial cushion morphogenesis"
"GO:0003214","cardiac left ventricle morphogenesis"
"GO:0003215","cardiac right ventricle morphogenesis"
"GO:0003222","ventricular trabecula myocardium morphogenesis"
"GO:0003254","regulation of membrane depolarization"
"GO:0003272","endocardial cushion formation"
"GO:0003281","ventricular septum development"
"GO:0003333","amino acid transmembrane transport"
"GO:0003341","cilium movement"
"GO:0003351","epithelial cilium movement involved in extracellular fluid movement"
"GO:0003376","sphingosine-1-phosphate receptor signaling pathway"
"GO:0003382","epithelial cell morphogenesis"
"GO:0003407","neural retina development"
"GO:0005513","detection of calcium ion"
"GO:0005975","carbohydrate metabolic process"
"GO:0005977","glycogen metabolic process"
"GO:0005978","glycogen biosynthetic process"
"GO:0006002","fructose 6-phosphate metabolic process"
"GO:0006006","glucose metabolic process"
"GO:0006024","glycosaminoglycan biosynthetic process"
"GO:0006044","N-acetylglucosamine metabolic process"
"GO:0006071","glycerol metabolic process"
"GO:0006090","pyruvate metabolic process"
"GO:0006091","generation of precursor metabolites and energy"
"GO:0006094","gluconeogenesis"
"GO:0006096","glycolytic process"
"GO:0006099","tricarboxylic acid cycle"
"GO:0006103","2-oxoglutarate metabolic process"
"GO:0006111","regulation of gluconeogenesis"
"GO:0006112","energy reserve metabolic process"
"GO:0006119","oxidative phosphorylation"
"GO:0006120","mitochondrial electron transport, NADH to ubiquinone"
"GO:0006123","mitochondrial electron transport, cytochrome c to oxygen"
"GO:0006139","nucleobase-containing compound metabolic process"
"GO:0006164","purine nucleotide biosynthetic process"
"GO:0006259","DNA metabolic process"
"GO:0006260","DNA replication"
"GO:0006261","DNA-templated DNA replication"
"GO:0006268","DNA unwinding involved in DNA replication"
"GO:0006270","DNA replication initiation"
"GO:0006275","regulation of DNA replication"
"GO:0006281","DNA repair"
"GO:0006282","regulation of DNA repair"
"GO:0006284","base-excision repair"
"GO:0006287","base-excision repair, gap-filling"
"GO:0006289","nucleotide-excision repair"
"GO:0006298","mismatch repair"
"GO:0006302","double-strand break repair"
"GO:0006303","double-strand break repair via nonhomologous end joining"
"GO:0006309","apoptotic DNA fragmentation"
"GO:0006310","DNA recombination"
"GO:0006325","chromatin organization"
"GO:0006334","nucleosome assembly"
"GO:0006337","nucleosome disassembly"
"GO:0006346","DNA methylation-dependent heterochromatin formation"
"GO:0006351","DNA-templated transcription"
"GO:0006352","DNA-templated transcription initiation"
"GO:0006360","transcription by RNA polymerase I"
"GO:0006364","rRNA processing"
"GO:0006366","transcription by RNA polymerase II"
"GO:0006367","transcription initiation at RNA polymerase II promoter"
"GO:0006368","transcription elongation by RNA polymerase II"
"GO:0006376","mRNA splice site recognition"
"GO:0006383","transcription by RNA polymerase III"
"GO:0006388","tRNA splicing, via endonucleolytic cleavage and ligation"
"GO:0006396","RNA processing"
"GO:0006397","mRNA processing"
"GO:0006400","tRNA modification"
"GO:0006401","RNA catabolic process"
"GO:0006402","mRNA catabolic process"
"GO:0006405","RNA export from nucleus"
"GO:0006406","mRNA export from nucleus"
"GO:0006412","translation"
"GO:0006413","translational initiation"
"GO:0006414","translational elongation"
"GO:0006417","regulation of translation"
"GO:0006418","tRNA aminoacylation for protein translation"
"GO:0006446","regulation of translational initiation"
"GO:0006457","protein folding"
"GO:0006465","signal peptide processing"
"GO:0006469","negative regulation of protein kinase activity"
"GO:0006470","protein dephosphorylation"
"GO:0006473","protein acetylation"
"GO:0006476","protein deacetylation"
"GO:0006479","protein methylation"
"GO:0006486","protein glycosylation"
"GO:0006487","protein N-linked glycosylation"
"GO:0006488","dolichol-linked oligosaccharide biosynthetic process"
"GO:0006491","N-glycan processing"
"GO:0006493","protein O-linked glycosylation"
"GO:0006506","GPI anchor biosynthetic process"
"GO:0006509","membrane protein ectodomain proteolysis"
"GO:0006511","ubiquitin-dependent protein catabolic process"
"GO:0006513","protein monoubiquitination"
"GO:0006515","protein quality control for misfolded or incompletely synthesized proteins"
"GO:0006516","glycoprotein catabolic process"
"GO:0006518","peptide metabolic process"
"GO:0006520","amino acid metabolic process"
"GO:0006536","glutamate metabolic process"
"GO:0006541","glutamine metabolic process"
"GO:0006590","thyroid hormone generation"
"GO:0006605","protein targeting"
"GO:0006606","protein import into nucleus"
"GO:0006607","NLS-bearing protein import into nucleus"
"GO:0006611","protein export from nucleus"
"GO:0006612","protein targeting to membrane"
"GO:0006622","protein targeting to lysosome"
"GO:0006623","protein targeting to vacuole"
"GO:0006626","protein targeting to mitochondrion"
"GO:0006629","lipid metabolic process"
"GO:0006631","fatty acid metabolic process"
"GO:0006633","fatty acid biosynthetic process"
"GO:0006635","fatty acid beta-oxidation"
"GO:0006636","unsaturated fatty acid biosynthetic process"
"GO:0006637","acyl-CoA metabolic process"
"GO:0006641","triglyceride metabolic process"
"GO:0006644","phospholipid metabolic process"
"GO:0006654","phosphatidic acid biosynthetic process"
"GO:0006656","phosphatidylcholine biosynthetic process"
"GO:0006661","phosphatidylinositol biosynthetic process"
"GO:0006665","sphingolipid metabolic process"
"GO:0006672","ceramide metabolic process"
"GO:0006686","sphingomyelin biosynthetic process"
"GO:0006688","glycosphingolipid biosynthetic process"
"GO:0006693","prostaglandin metabolic process"
"GO:0006694","steroid biosynthetic process"
"GO:0006695","cholesterol biosynthetic process"
"GO:0006699","bile acid biosynthetic process"
"GO:0006730","one-carbon metabolic process"
"GO:0006739","NADP metabolic process"
"GO:0006744","ubiquinone biosynthetic process"
"GO:0006749","glutathione metabolic process"
"GO:0006750","glutathione biosynthetic process"
"GO:0006754","ATP biosynthetic process"
"GO:0006783","heme biosynthetic process"
"GO:0006784","heme A biosynthetic process"
"GO:0006790","sulfur compound metabolic process"
"GO:0006796","phosphate-containing compound metabolic process"
"GO:0006801","superoxide metabolic process"
"GO:0006805","xenobiotic metabolic process"
"GO:0006809","nitric oxide biosynthetic process"
"GO:0006811","monoatomic ion transport"
"GO:0006812","monoatomic cation transport"
"GO:0006813","potassium ion transport"
"GO:0006814","sodium ion transport"
"GO:0006816","calcium ion transport"
"GO:0006820","monoatomic anion transport"
"GO:0006821","chloride transport"
"GO:0006826","iron ion transport"
"GO:0006829","zinc ion transport"
"GO:0006833","water transport"
"GO:0006836","neurotransmitter transport"
"GO:0006839","mitochondrial transport"
"GO:0006851","mitochondrial calcium ion transmembrane transport"
"GO:0006855","xenobiotic transmembrane transport"
"GO:0006865","amino acid transport"
"GO:0006869","lipid transport"
"GO:0006874","intracellular calcium ion homeostasis"
"GO:0006878","intracellular copper ion homeostasis"
"GO:0006879","intracellular iron ion homeostasis"
"GO:0006882","intracellular zinc ion homeostasis"
"GO:0006883","intracellular sodium ion homeostasis"
"GO:0006884","cell volume homeostasis"
"GO:0006885","regulation of pH"
"GO:0006886","intracellular protein transport"
"GO:0006887","exocytosis"
"GO:0006888","endoplasmic reticulum to Golgi vesicle-mediated transport"
"GO:0006890","retrograde vesicle-mediated transport, Golgi to endoplasmic reticulum"
"GO:0006891","intra-Golgi vesicle-mediated transport"
"GO:0006892","post-Golgi vesicle-mediated transport"
"GO:0006893","Golgi to plasma membrane transport"
"GO:0006895","Golgi to endosome transport"
"GO:0006897","endocytosis"
"GO:0006898","receptor-mediated endocytosis"
"GO:0006900","vesicle budding from membrane"
"GO:0006904","vesicle docking involved in exocytosis"
"GO:0006906","vesicle fusion"
"GO:0006909","phagocytosis"
"GO:0006911","phagocytosis, engulfment"
"GO:0006913","nucleocytoplasmic transport"
"GO:0006914","autophagy"
"GO:0006919","activation of cysteine-type endopeptidase activity involved in apoptotic process"
"GO:0006935","chemotaxis"
"GO:0006936","muscle contraction"
"GO:0006939","smooth muscle contraction"
"GO:0006940","regulation of smooth muscle contraction"
"GO:0006941","striated muscle contraction"
"GO:0006952","defense response"
"GO:0006953","acute-phase response"
"GO:0006955","immune response"
"GO:0006956","complement activation"
"GO:0006957","complement activation, alternative pathway"
"GO:0006958","complement activation, classical pathway"
"GO:0006959","humoral immune response"
"GO:0006968","cellular defense response"
"GO:0006970","response to osmotic stress"
"GO:0006974","DNA damage response"
"GO:0006977","DNA damage response, signal transduction by p53 class mediator resulting in cell cycle arrest"
"GO:0006979","response to oxidative stress"
"GO:0006986","response to unfolded protein"
"GO:0006997","nucleus organization"
"GO:0006998","nuclear envelope organization"
"GO:0007004","telomere maintenance via telomerase"
"GO:0007005","mitochondrion organization"
"GO:0007007","inner mitochondrial membrane organization"
"GO:0007009","plasma membrane organization"
"GO:0007010","cytoskeleton organization"
"GO:0007015","actin filament organization"
"GO:0007018","microtubule-based movement"
"GO:0007019","microtubule depolymerization"
"GO:0007020","microtubule nucleation"
"GO:0007026","negative regulation of microtubule depolymerization"
"GO:0007029","endoplasmic reticulum organization"
"GO:0007030","Golgi organization"
"GO:0007031","peroxisome organization"
"GO:0007032","endosome organization"
"GO:0007033","vacuole organization"
"GO:0007035","vacuolar acidification"
"GO:0007040","lysosome organization"
"GO:0007041","lysosomal transport"
"GO:0007042","lysosomal lumen acidification"
"GO:0007043","cell-cell junction assembly"
"GO:0007051","spindle organization"
"GO:0007052","mitotic spindle organization"
"GO:0007059","chromosome segregation"
"GO:0007062","sister chromatid cohesion"
"GO:0007064","mitotic sister chromatid cohesion"
"GO:0007076","mitotic chromosome condensation"
"GO:0007080","mitotic metaphase chromosome alignment"
"GO:0007088","regulation of mitotic nuclear division"
"GO:0007094","mitotic spindle assembly checkpoint signaling"
"GO:0007095","mitotic G2 DNA damage checkpoint signaling"
"GO:0007097","nuclear migration"
"GO:0007098","centrosome cycle"
"GO:0007099","centriole replication"
"GO:0007129","homologous chromosome pairing at meiosis"
"GO:0007130","synaptonemal complex assembly"
"GO:0007131","reciprocal meiotic recombination"
"GO:0007140","male meiotic nuclear division"
"GO:0007141","male meiosis I"
"GO:0007154","cell communication"
"GO:0007156","homophilic cell adhesion via plasma membrane adhesion molecules"
"GO:0007157","heterophilic cell-cell adhesion via plasma membrane cell adhesion molecules"
"GO:0007158","neuron cell-cell adhesion"
"GO:0007159","leukocyte cell-cell adhesion"
"GO:0007160","cell-matrix adhesion"
"GO:0007162","negative regulation of cell adhesion"
"GO:0007163","establishment or maintenance of cell polarity"
"GO:0007166","cell surface receptor signaling pathway"
"GO:0007168","receptor guanylyl cyclase signaling pathway"
"GO:0007169","cell surface receptor protein tyrosine kinase signaling pathway"
"GO:0007173","epidermal growth factor receptor signaling pathway"
"GO:0007175","negative regulation of epidermal growth factor-activated receptor activity"
"GO:0007178","cell surface receptor protein serine/threonine kinase signaling pathway"
"GO:0007179","transforming growth factor beta receptor signaling pathway"
"GO:0007187","G protein-coupled receptor signaling pathway, coupled to cyclic nucleotide second messenger"
"GO:0007188","adenylate cyclase-modulating G protein-coupled receptor signaling pathway"
"GO:0007189","adenylate cyclase-activating G protein-coupled receptor signaling pathway"
"GO:0007190","activation of adenylate cyclase activity"
"GO:0007191","adenylate cyclase-activating dopamine receptor signaling pathway"
"GO:0007193","adenylate cyclase-inhibiting G protein-coupled receptor signaling pathway"
"GO:0007194","negative regulation of adenylate cyclase activity"
"GO:0007200","phospholipase C-activating G protein-coupled receptor signaling pathway"
"GO:0007204","positive regulation of cytosolic calcium ion concentration"
"GO:0007212","G protein-coupled dopamine receptor signaling pathway"
"GO:0007213","G protein-coupled acetylcholine receptor signaling pathway"
"GO:0007214","gamma-aminobutyric acid signaling pathway"
"GO:0007215","glutamate receptor signaling pathway"
"GO:0007216","G protein-coupled glutamate receptor signaling pathway"
"GO:0007218","neuropeptide signaling pathway"
"GO:0007219","Notch signaling pathway"
"GO:0007224","smoothened signaling pathway"
"GO:0007229","integrin-mediated signaling pathway"
"GO:0007249","canonical NF-kappaB signal transduction"
"GO:0007250","activation of NF-kappaB-inducing kinase activity"
"GO:0007254","JNK cascade"
"GO:0007259","cell surface receptor signaling pathway via JAK-STAT"
"GO:0007263","nitric oxide mediated signal transduction"
"GO:0007264","small GTPase-mediated signal transduction"
"GO:0007265","Ras protein signal transduction"
"GO:0007266","Rho protein signal transduction"
"GO:0007267","cell-cell signaling"
"GO:0007268","chemical synaptic transmission"
"GO:0007269","neurotransmitter secretion"
"GO:0007271","synaptic transmission, cholinergic"
"GO:0007274","neuromuscular synaptic transmission"
"GO:0007275","multicellular organism development"
"GO:0007276","gamete generation"
"GO:0007281","germ cell development"
"GO:0007286","spermatid development"
"GO:0007288","sperm axoneme assembly"
"GO:0007292","female gamete generation"
"GO:0007338","single fertilization"
"GO:0007339","binding of sperm to zona pellucida"
"GO:0007340","acrosome reaction"
"GO:0007342","fusion of sperm to egg plasma membrane involved in single fertilization"
"GO:0007346","regulation of mitotic cell cycle"
"GO:0007368","determination of left/right symmetry"
"GO:0007369","gastrulation"
"GO:0007389","pattern specification process"
"GO:0007398","ectoderm development"
"GO:0007405","neuroblast proliferation"
"GO:0007406","negative regulation of neuroblast proliferation"
"GO:0007409","axonogenesis"
"GO:0007411","axon guidance"
"GO:0007413","axonal fasciculation"
"GO:0007416","synapse assembly"
"GO:0007417","central nervous system development"
"GO:0007420","brain development"
"GO:0007422","peripheral nervous system development"
"GO:0007423","sensory organ development"
"GO:0007492","endoderm development"
"GO:0007498","mesoderm development"
"GO:0007507","heart development"
"GO:0007517","muscle organ development"
"GO:0007519","skeletal muscle tissue development"
"GO:0007520","myoblast fusion"
"GO:0007528","neuromuscular junction development"
"GO:0007548","sex differentiation"
"GO:0007565","female pregnancy"
"GO:0007566","embryo implantation"
"GO:0007584","response to nutrient"
"GO:0007585","respiratory gaseous exchange by respiratory system"
"GO:0007586","digestion"
"GO:0007595","lactation"
"GO:0007596","blood coagulation"
"GO:0007600","sensory perception"
"GO:0007601","visual perception"
"GO:0007602","phototransduction"
"GO:0007605","sensory perception of sound"
"GO:0007608","sensory perception of smell"
"GO:0007611","learning or memory"
"GO:0007612","learning"
"GO:0007613","memory"
"GO:0007616","long-term memory"
"GO:0007623","circadian rhythm"
"GO:0007625","grooming behavior"
"GO:0007626","locomotory behavior"
"GO:0007628","adult walking behavior"
"GO:0007631","feeding behavior"
"GO:0008015","blood circulation"
"GO:0008016","regulation of heart contraction"
"GO:0008033","tRNA processing"
"GO:0008045","motor neuron axon guidance"
"GO:0008053","mitochondrial fusion"
"GO:0008089","anterograde axonal transport"
"GO:0008090","retrograde axonal transport"
"GO:0008104","protein localization"
"GO:0008154","actin polymerization or depolymerization"
"GO:0008156","negative regulation of DNA replication"
"GO:0008202","steroid metabolic process"
"GO:0008203","cholesterol metabolic process"
"GO:0008206","bile acid metabolic process"
"GO:0008209","androgen metabolic process"
"GO:0008210","estrogen metabolic process"
"GO:0008217","regulation of blood pressure"
"GO:0008277","regulation of G protein-coupled receptor signaling pathway"
"GO:0008283","cell population proliferation"
"GO:0008286","insulin receptor signaling pathway"
"GO:0008306","associative learning"
"GO:0008333","endosome to lysosome transport"
"GO:0008340","determination of adult lifespan"
"GO:0008344","adult locomotory behavior"
"GO:0008347","glial cell migration"
"GO:0008360","regulation of cell shape"
"GO:0008361","regulation of cell size"
"GO:0008380","RNA splicing"
"GO:0008406","gonad development"
"GO:0008542","visual learning"
"GO:0008543","fibroblast growth factor receptor signaling pathway"
"GO:0008544","epidermis development"
"GO:0008584","male gonad development"
"GO:0008585","female gonad development"
"GO:0008589","regulation of smoothened signaling pathway"
"GO:0008593","regulation of Notch signaling pathway"
"GO:0008608","attachment of spindle microtubules to kinetochore"
"GO:0008610","lipid biosynthetic process"
"GO:0008625","extrinsic apoptotic signaling pathway via death domain receptors"
"GO:0008630","intrinsic apoptotic signaling pathway in response to DNA damage"
"GO:0008631","intrinsic apoptotic signaling pathway in response to oxidative stress"
"GO:0008637","apoptotic mitochondrial changes"
"GO:0008645","hexose transmembrane transport"
"GO:0008654","phospholipid biosynthetic process"
"GO:0009058","biosynthetic process"
"GO:0009060","aerobic respiration"
"GO:0009083","branched-chain amino acid catabolic process"
"GO:0009100","glycoprotein metabolic process"
"GO:0009101","glycoprotein biosynthetic process"
"GO:0009267","cellular response to starvation"
"GO:0009303","rRNA transcription"
"GO:0009306","protein secretion"
"GO:0009311","oligosaccharide metabolic process"
"GO:0009312","oligosaccharide biosynthetic process"
"GO:0009313","oligosaccharide catabolic process"
"GO:0009314","response to radiation"
"GO:0009395","phospholipid catabolic process"
"GO:0009408","response to heat"
"GO:0009409","response to cold"
"GO:0009410","response to xenobiotic stimulus"
"GO:0009411","response to UV"
"GO:0009416","response to light stimulus"
"GO:0009566","fertilization"
"GO:0009611","response to wounding"
"GO:0009612","response to mechanical stimulus"
"GO:0009615","response to virus"
"GO:0009617","response to bacterium"
"GO:0009636","response to toxic substance"
"GO:0009650","UV protection"
"GO:0009653","anatomical structure morphogenesis"
"GO:0009725","response to hormone"
"GO:0009749","response to glucose"
"GO:0009755","hormone-mediated signaling pathway"
"GO:0009791","post-embryonic development"
"GO:0009792","embryo development ending in birth or egg hatching"
"GO:0009880","embryonic pattern specification"
"GO:0009887","animal organ morphogenesis"
"GO:0009948","anterior/posterior axis specification"
"GO:0009950","dorsal/ventral axis specification"
"GO:0009952","anterior/posterior pattern specification"
"GO:0009953","dorsal/ventral pattern formation"
"GO:0009954","proximal/distal pattern formation"
"GO:0009966","regulation of signal transduction"
"GO:0009968","negative regulation of signal transduction"
"GO:0010001","glial cell differentiation"
"GO:0010039","response to iron ion"
"GO:0010043","response to zinc ion"
"GO:0010165","response to X-ray"
"GO:0010212","response to ionizing radiation"
"GO:0010248","establishment or maintenance of transmembrane electrochemical gradient"
"GO:0010269","response to selenium ion"
"GO:0010273","detoxification of copper ion"
"GO:0010288","response to lead ion"
"GO:0010332","response to gamma radiation"
"GO:0010447","response to acidic pH"
"GO:0010457","centriole-centriole cohesion"
"GO:0010458","exit from mitosis"
"GO:0010460","positive regulation of heart rate"
"GO:0010463","mesenchymal cell proliferation"
"GO:0010466","negative regulation of peptidase activity"
"GO:0010467","gene expression"
"GO:0010468","regulation of gene expression"
"GO:0010469","regulation of signaling receptor activity"
"GO:0010498","proteasomal protein catabolic process"
"GO:0010506","regulation of autophagy"
"GO:0010507","negative regulation of autophagy"
"GO:0010508","positive regulation of autophagy"
"GO:0010524","positive regulation of calcium ion transport into cytosol"
"GO:0010526","retrotransposon silencing"
"GO:0010564","regulation of cell cycle process"
"GO:0010569","regulation of double-strand break repair via homologous recombination"
"GO:0010575","positive regulation of vascular endothelial growth factor production"
"GO:0010592","positive regulation of lamellipodium assembly"
"GO:0010595","positive regulation of endothelial cell migration"
"GO:0010596","negative regulation of endothelial cell migration"
"GO:0010608","post-transcriptional regulation of gene expression"
"GO:0010613","positive regulation of cardiac muscle hypertrophy"
"GO:0010614","negative regulation of cardiac muscle hypertrophy"
"GO:0010629","negative regulation of gene expression"
"GO:0010631","epithelial cell migration"
"GO:0010633","negative regulation of epithelial cell migration"
"GO:0010634","positive regulation of epithelial cell migration"
"GO:0010659","cardiac muscle cell apoptotic process"
"GO:0010666","positive regulation of cardiac muscle cell apoptotic process"
"GO:0010667","negative regulation of cardiac muscle cell apoptotic process"
"GO:0010669","epithelial structure maintenance"
"GO:0010717","regulation of epithelial to mesenchymal transition"
"GO:0010718","positive regulation of epithelial to mesenchymal transition"
"GO:0010719","negative regulation of epithelial to mesenchymal transition"
"GO:0010744","positive regulation of macrophage derived foam cell differentiation"
"GO:0010745","negative regulation of macrophage derived foam cell differentiation"
"GO:0010759","positive regulation of macrophage chemotaxis"
"GO:0010761","fibroblast migration"
"GO:0010762","regulation of fibroblast migration"
"GO:0010763","positive regulation of fibroblast migration"
"GO:0010765","positive regulation of sodium ion transport"
"GO:0010800","positive regulation of peptidyl-threonine phosphorylation"
"GO:0010801","negative regulation of peptidyl-threonine phosphorylation"
"GO:0010803","regulation of tumor necrosis factor-mediated signaling pathway"
"GO:0010804","negative regulation of tumor necrosis factor-mediated signaling pathway"
"GO:0010807","regulation of synaptic vesicle priming"
"GO:0010811","positive regulation of cell-substrate adhesion"
"GO:0010812","negative regulation of cell-substrate adhesion"
"GO:0010818","T cell chemotaxis"
"GO:0010820","positive regulation of T cell chemotaxis"
"GO:0010821","regulation of mitochondrion organization"
"GO:0010824","regulation of centrosome duplication"
"GO:0010831","positive regulation of myotube differentiation"
"GO:0010832","negative regulation of myotube differentiation"
"GO:0010839","negative regulation of keratinocyte proliferation"
"GO:0010842","retina layer formation"
"GO:0010867","positive regulation of triglyceride biosynthetic process"
"GO:0010875","positive regulation of cholesterol efflux"
"GO:0010880","regulation of release of sequestered calcium ion into cytosol by sarcoplasmic reticulum"
"GO:0010881","regulation of cardiac muscle contraction by regulation of the release of sequestered calcium ion"
"GO:0010906","regulation of glucose metabolic process"
"GO:0010944","negative regulation of transcription by competitive promoter binding"
"GO:0010951","negative regulation of endopeptidase activity"
"GO:0010954","positive regulation of protein processing"
"GO:0010955","negative regulation of protein processing"
"GO:0010971","positive regulation of G2/M transition of mitotic cell cycle"
"GO:0010975","regulation of neuron projection development"
"GO:0010976","positive regulation of neuron projection development"
"GO:0010977","negative regulation of neuron projection development"
"GO:0010996","response to auditory stimulus"
"GO:0014002","astrocyte development"
"GO:0014003","oligodendrocyte development"
"GO:0014009","glial cell proliferation"
"GO:0014032","neural crest cell development"
"GO:0014033","neural crest cell differentiation"
"GO:0014044","Schwann cell development"
"GO:0014047","glutamate secretion"
"GO:0014059","regulation of dopamine secretion"
"GO:0014070","response to organic cyclic compound"
"GO:0014075","response to amine"
"GO:0014823","response to activity"
"GO:0014850","response to muscle activity"
"GO:0014898","cardiac muscle hypertrophy in response to stress"
"GO:0014911","positive regulation of smooth muscle cell migration"
"GO:0015012","heparan sulfate proteoglycan biosynthetic process"
"GO:0015031","protein transport"
"GO:0015693","magnesium ion transport"
"GO:0015698","inorganic anion transport"
"GO:0015701","bicarbonate transport"
"GO:0015711","organic anion transport"
"GO:0015721","bile acid and bile salt transport"
"GO:0015732","prostaglandin transport"
"GO:0015747","urate transport"
"GO:0015804","neutral amino acid transport"
"GO:0015810","aspartate transmembrane transport"
"GO:0015813","L-glutamate transmembrane transport"
"GO:0015816","glycine transport"
"GO:0015824","proline transport"
"GO:0015867","ATP transport"
"GO:0015871","choline transport"
"GO:0015908","fatty acid transport"
"GO:0015909","long-chain fatty acid transport"
"GO:0015914","phospholipid transport"
"GO:0015918","sterol transport"
"GO:0015986","proton motive force-driven ATP synthesis"
"GO:0016024","CDP-diacylglycerol biosynthetic process"
"GO:0016042","lipid catabolic process"
"GO:0016050","vesicle organization"
"GO:0016051","carbohydrate biosynthetic process"
"GO:0016055","Wnt signaling pathway"
"GO:0016064","immunoglobulin mediated immune response"
"GO:0016075","rRNA catabolic process"
"GO:0016079","synaptic vesicle exocytosis"
"GO:0016081","synaptic vesicle docking"
"GO:0016082","synaptic vesicle priming"
"GO:0016125","sterol metabolic process"
"GO:0016126","sterol biosynthetic process"
"GO:0016180","snRNA processing"
"GO:0016192","vesicle-mediated transport"
"GO:0016197","endosomal transport"
"GO:0016226","iron-sulfur cluster assembly"
"GO:0016233","telomere capping"
"GO:0016236","macroautophagy"
"GO:0016239","positive regulation of macroautophagy"
"GO:0016241","regulation of macroautophagy"
"GO:0016242","negative regulation of macroautophagy"
"GO:0016266","O-glycan processing"
"GO:0016310","phosphorylation"
"GO:0016311","dephosphorylation"
"GO:0016322","neuron remodeling"
"GO:0016338","calcium-independent cell-cell adhesion via plasma membrane cell-adhesion molecules"
"GO:0016339","calcium-dependent cell-cell adhesion via plasma membrane cell adhesion molecules"
"GO:0016358","dendrite development"
"GO:0016446","somatic hypermutation of immunoglobulin genes"
"GO:0016477","cell migration"
"GO:0016485","protein processing"
"GO:0016486","peptide hormone processing"
"GO:0016525","negative regulation of angiogenesis"
"GO:0016540","protein autoprocessing"
"GO:0016556","mRNA modification"
"GO:0016558","protein import into peroxisome matrix"
"GO:0016579","protein deubiquitination"
"GO:0016601","Rac protein signal transduction"
"GO:0016925","protein sumoylation"
"GO:0016973","poly(A)+ mRNA export from nucleus"
"GO:0017015","regulation of transforming growth factor beta receptor signaling pathway"
"GO:0017148","negative regulation of translation"
"GO:0017156","calcium-ion regulated exocytosis"
"GO:0017157","regulation of exocytosis"
"GO:0017158","regulation of calcium ion-dependent exocytosis"
"GO:0018105","peptidyl-serine phosphorylation"
"GO:0018107","peptidyl-threonine phosphorylation"
"GO:0018108","peptidyl-tyrosine phosphorylation"
"GO:0018146","keratan sulfate biosynthetic process"
"GO:0018149","peptide cross-linking"
"GO:0018230","peptidyl-L-cysteine S-palmitoylation"
"GO:0018279","protein N-linked glycosylation via asparagine"
"GO:0018345","protein palmitoylation"
"GO:0019076","viral release from host cell"
"GO:0019079","viral genome replication"
"GO:0019082","viral protein processing"
"GO:0019216","regulation of lipid metabolic process"
"GO:0019221","cytokine-mediated signaling pathway"
"GO:0019222","regulation of metabolic process"
"GO:0019226","transmission of nerve impulse"
"GO:0019228","neuronal action potential"
"GO:0019229","regulation of vasoconstriction"
"GO:0019233","sensory perception of pain"
"GO:0019369","arachidonate metabolic process"
"GO:0019372","lipoxygenase pathway"
"GO:0019395","fatty acid oxidation"
"GO:0019430","removal of superoxide radicals"
"GO:0019432","triglyceride biosynthetic process"
"GO:0019433","triglyceride catabolic process"
"GO:0019722","calcium-mediated signaling"
"GO:0019725","cellular homeostasis"
"GO:0019731","antibacterial humoral response"
"GO:0019732","antifungal humoral response"
"GO:0019827","stem cell population maintenance"
"GO:0019852","L-ascorbic acid metabolic process"
"GO:0019882","antigen processing and presentation"
"GO:0019886","antigen processing and presentation of exogenous peptide antigen via MHC class II"
"GO:0019896","axonal transport of mitochondrion"
"GO:0019915","lipid storage"
"GO:0019933","cAMP-mediated signaling"
"GO:0019934","cGMP-mediated signaling"
"GO:0019985","translesion synthesis"
"GO:0021510","spinal cord development"
"GO:0021527","spinal cord association neuron differentiation"
"GO:0021537","telencephalon development"
"GO:0021542","dentate gyrus development"
"GO:0021549","cerebellum development"
"GO:0021554","optic nerve development"
"GO:0021591","ventricular system development"
"GO:0021670","lateral ventricle development"
"GO:0021675","nerve development"
"GO:0021702","cerebellar Purkinje cell differentiation"
"GO:0021756","striatum development"
"GO:0021762","substantia nigra development"
"GO:0021766","hippocampus development"
"GO:0021772","olfactory bulb development"
"GO:0021819","layer formation in cerebral cortex"
"GO:0021846","cell proliferation in forebrain"
"GO:0021854","hypothalamus development"
"GO:0021895","cerebral cortex neuron differentiation"
"GO:0021904","dorsal/ventral neural tube patterning"
"GO:0021915","neural tube development"
"GO:0021953","central nervous system neuron differentiation"
"GO:0021954","central nervous system neuron development"
"GO:0021983","pituitary gland development"
"GO:0021987","cerebral cortex development"
"GO:0022008","neurogenesis"
"GO:0022010","central nervous system myelination"
"GO:0022011","myelination in peripheral nervous system"
"GO:0022038","corpus callosum development"
"GO:0022407","regulation of cell-cell adhesion"
"GO:0022408","negative regulation of cell-cell adhesion"
"GO:0022409","positive regulation of cell-cell adhesion"
"GO:0022604","regulation of cell morphogenesis"
"GO:0022617","extracellular matrix disassembly"
"GO:0022904","respiratory electron transport chain"
"GO:0023019","signal transduction involved in regulation of gene expression"
"GO:0023035","CD40 signaling pathway"
"GO:0030003","intracellular monoatomic cation homeostasis"
"GO:0030007","intracellular potassium ion homeostasis"
"GO:0030010","establishment of cell polarity"
"GO:0030030","cell projection organization"
"GO:0030031","cell projection assembly"
"GO:0030032","lamellipodium assembly"
"GO:0030036","actin cytoskeleton organization"
"GO:0030041","actin filament polymerization"
"GO:0030048","actin filament-based movement"
"GO:0030071","regulation of mitotic metaphase/anaphase transition"
"GO:0030073","insulin secretion"
"GO:0030097","hemopoiesis"
"GO:0030099","myeloid cell differentiation"
"GO:0030100","regulation of endocytosis"
"GO:0030101","natural killer cell activation"
"GO:0030111","regulation of Wnt signaling pathway"
"GO:0030148","sphingolipid biosynthetic process"
"GO:0030149","sphingolipid catabolic process"
"GO:0030150","protein import into mitochondrial matrix"
"GO:0030155","regulation of cell adhesion"
"GO:0030162","regulation of proteolysis"
"GO:0030163","protein catabolic process"
"GO:0030166","proteoglycan biosynthetic process"
"GO:0030168","platelet activation"
"GO:0030174","regulation of DNA-templated DNA replication initiation"
"GO:0030177","positive regulation of Wnt signaling pathway"
"GO:0030178","negative regulation of Wnt signaling pathway"
"GO:0030182","neuron differentiation"
"GO:0030183","B cell differentiation"
"GO:0030194","positive regulation of blood coagulation"
"GO:0030195","negative regulation of blood coagulation"
"GO:0030198","extracellular matrix organization"
"GO:0030199","collagen fibril organization"
"GO:0030206","chondroitin sulfate biosynthetic process"
"GO:0030210","heparin biosynthetic process"
"GO:0030214","hyaluronan catabolic process"
"GO:0030216","keratinocyte differentiation"
"GO:0030217","T cell differentiation"
"GO:0030218","erythrocyte differentiation"
"GO:0030220","platelet formation"
"GO:0030224","monocyte differentiation"
"GO:0030225","macrophage differentiation"
"GO:0030238","male sex determination"
"GO:0030239","myofibril assembly"
"GO:0030261","chromosome condensation"
"GO:0030277","maintenance of gastrointestinal epithelium"
"GO:0030278","regulation of ossification"
"GO:0030279","negative regulation of ossification"
"GO:0030282","bone mineralization"
"GO:0030301","cholesterol transport"
"GO:0030307","positive regulation of cell growth"
"GO:0030308","negative regulation of cell growth"
"GO:0030316","osteoclast differentiation"
"GO:0030317","flagellated sperm motility"
"GO:0030318","melanocyte differentiation"
"GO:0030324","lung development"
"GO:0030325","adrenal gland development"
"GO:0030326","embryonic limb morphogenesis"
"GO:0030330","DNA damage response, signal transduction by p53 class mediator"
"GO:0030334","regulation of cell migration"
"GO:0030335","positive regulation of cell migration"
"GO:0030336","negative regulation of cell migration"
"GO:0030488","tRNA methylation"
"GO:0030490","maturation of SSU-rRNA"
"GO:0030500","regulation of bone mineralization"
"GO:0030501","positive regulation of bone mineralization"
"GO:0030502","negative regulation of bone mineralization"
"GO:0030509","BMP signaling pathway"
"GO:0030510","regulation of BMP signaling pathway"
"GO:0030511","positive regulation of transforming growth factor beta receptor signaling pathway"
"GO:0030512","negative regulation of transforming growth factor beta receptor signaling pathway"
"GO:0030513","positive regulation of BMP signaling pathway"
"GO:0030514","negative regulation of BMP signaling pathway"
"GO:0030516","regulation of axon extension"
"GO:0030517","negative regulation of axon extension"
"GO:0030518","nuclear receptor-mediated steroid hormone signaling pathway"
"GO:0030520","estrogen receptor signaling pathway"
"GO:0030521","androgen receptor signaling pathway"
"GO:0030522","intracellular receptor signaling pathway"
"GO:0030534","adult behavior"
"GO:0030539","male genitalia development"
"GO:0030574","collagen catabolic process"
"GO:0030593","neutrophil chemotaxis"
"GO:0030595","leukocyte chemotaxis"
"GO:0030833","regulation of actin filament polymerization"
"GO:0030837","negative regulation of actin filament polymerization"
"GO:0030838","positive regulation of actin filament polymerization"
"GO:0030851","granulocyte differentiation"
"GO:0030855","epithelial cell differentiation"
"GO:0030857","negative regulation of epithelial cell differentiation"
"GO:0030866","cortical actin cytoskeleton organization"
"GO:0030878","thyroid gland development"
"GO:0030879","mammary gland development"
"GO:0030889","negative regulation of B cell proliferation"
"GO:0030890","positive regulation of B cell proliferation"
"GO:0030900","forebrain development"
"GO:0030901","midbrain development"
"GO:0030902","hindbrain development"
"GO:0030949","positive regulation of vascular endothelial growth factor receptor signaling pathway"
"GO:0030968","endoplasmic reticulum unfolded protein response"
"GO:0030970","retrograde protein transport, ER to cytosol"
"GO:0031016","pancreas development"
"GO:0031018","endocrine pancreas development"
"GO:0031032","actomyosin structure organization"
"GO:0031047","regulatory ncRNA-mediated gene silencing"
"GO:0031054","pre-miRNA processing"
"GO:0031069","hair follicle morphogenesis"
"GO:0031076","embryonic camera-type eye development"
"GO:0031100","animal organ regeneration"
"GO:0031103","axon regeneration"
"GO:0031110","regulation of microtubule polymerization or depolymerization"
"GO:0031113","regulation of microtubule polymerization"
"GO:0031115","negative regulation of microtubule polymerization"
"GO:0031116","positive regulation of microtubule polymerization"
"GO:0031122","cytoplasmic microtubule organization"
"GO:0031123","RNA 3'-end processing"
"GO:0031124","mRNA 3'-end processing"
"GO:0031145","anaphase-promoting complex-dependent catabolic process"
"GO:0031146","SCF-dependent proteasomal ubiquitin-dependent protein catabolic process"
"GO:0031167","rRNA methylation"
"GO:0031175","neuron projection development"
"GO:0031214","biomineral tissue development"
"GO:0031274","positive regulation of pseudopodium assembly"
"GO:0031290","retinal ganglion cell axon guidance"
"GO:0031295","T cell costimulation"
"GO:0031297","replication fork processing"
"GO:0031333","negative regulation of protein-containing complex assembly"
"GO:0031334","positive regulation of protein-containing complex assembly"
"GO:0031396","regulation of protein ubiquitination"
"GO:0031397","negative regulation of protein ubiquitination"
"GO:0031398","positive regulation of protein ubiquitination"
"GO:0031424","keratinization"
"GO:0031468","nuclear membrane reassembly"
"GO:0031503","protein-containing complex localization"
"GO:0031507","heterochromatin formation"
"GO:0031529","ruffle organization"
"GO:0031571","mitotic G1 DNA damage checkpoint signaling"
"GO:0031573","mitotic intra-S DNA damage checkpoint signaling"
"GO:0031589","cell-substrate adhesion"
"GO:0031623","receptor internalization"
"GO:0031629","synaptic vesicle fusion to presynaptic active zone membrane"
"GO:0031638","zymogen activation"
"GO:0031639","plasminogen activation"
"GO:0031640","killing of cells of another organism"
"GO:0031641","regulation of myelination"
"GO:0031643","positive regulation of myelination"
"GO:0031647","regulation of protein stability"
"GO:0031648","protein destabilization"
"GO:0031663","lipopolysaccharide-mediated signaling pathway"
"GO:0031667","response to nutrient levels"
"GO:0031669","cellular response to nutrient levels"
"GO:0031929","TOR signaling"
"GO:0031954","positive regulation of protein autophosphorylation"
"GO:0032006","regulation of TOR signaling"
"GO:0032007","negative regulation of TOR signaling"
"GO:0032008","positive regulation of TOR signaling"
"GO:0032012","regulation of ARF protein signal transduction"
"GO:0032024","positive regulation of insulin secretion"
"GO:0032026","response to magnesium ion"
"GO:0032088","negative regulation of NF-kappaB transcription factor activity"
"GO:0032091","negative regulation of protein binding"
"GO:0032092","positive regulation of protein binding"
"GO:0032094","response to food"
"GO:0032147","activation of protein kinase activity"
"GO:0032148","activation of protein kinase B activity"
"GO:0032200","telomere organization"
"GO:0032204","regulation of telomere maintenance"
"GO:0032206","positive regulation of telomere maintenance"
"GO:0032211","negative regulation of telomere maintenance via telomerase"
"GO:0032212","positive regulation of telomere maintenance via telomerase"
"GO:0032228","regulation of synaptic transmission, GABAergic"
"GO:0032230","positive regulation of synaptic transmission, GABAergic"
"GO:0032233","positive regulation of actin filament bundle assembly"
"GO:0032259","methylation"
"GO:0032330","regulation of chondrocyte differentiation"
"GO:0032331","negative regulation of chondrocyte differentiation"
"GO:0032332","positive regulation of chondrocyte differentiation"
"GO:0032355","response to estradiol"
"GO:0032367","intracellular cholesterol transport"
"GO:0032402","melanosome transport"
"GO:0032418","lysosome localization"
"GO:0032434","regulation of proteasomal ubiquitin-dependent protein catabolic process"
"GO:0032435","negative regulation of proteasomal ubiquitin-dependent protein catabolic process"
"GO:0032436","positive regulation of proteasomal ubiquitin-dependent protein catabolic process"
"GO:0032438","melanosome organization"
"GO:0032456","endocytic recycling"
"GO:0032465","regulation of cytokinesis"
"GO:0032467","positive regulation of cytokinesis"
"GO:0032469","endoplasmic reticulum calcium ion homeostasis"
"GO:0032480","negative regulation of type I interferon production"
"GO:0032481","positive regulation of type I interferon production"
"GO:0032482","Rab protein signal transduction"
"GO:0032486","Rap protein signal transduction"
"GO:0032495","response to muramyl dipeptide"
"GO:0032496","response to lipopolysaccharide"
"GO:0032502","developmental process"
"GO:0032508","DNA duplex unwinding"
"GO:0032526","response to retinoic acid"
"GO:0032543","mitochondrial translation"
"GO:0032570","response to progesterone"
"GO:0032688","negative regulation of interferon-beta production"
"GO:0032689","negative regulation of type II interferon production"
"GO:0032691","negative regulation of interleukin-1 beta production"
"GO:0032693","negative regulation of interleukin-10 production"
"GO:0032695","negative regulation of interleukin-12 production"
"GO:0032700","negative regulation of interleukin-17 production"
"GO:0032703","negative regulation of interleukin-2 production"
"GO:0032715","negative regulation of interleukin-6 production"
"GO:0032717","negative regulation of interleukin-8 production"
"GO:0032720","negative regulation of tumor necrosis factor production"
"GO:0032722","positive regulation of chemokine production"
"GO:0032725","positive regulation of granulocyte macrophage colony-stimulating factor production"
"GO:0032727","positive regulation of interferon-alpha production"
"GO:0032728","positive regulation of interferon-beta production"
"GO:0032729","positive regulation of type II interferon production"
"GO:0032731","positive regulation of interleukin-1 beta production"
"GO:0032733","positive regulation of interleukin-10 production"
"GO:0032735","positive regulation of interleukin-12 production"
"GO:0032736","positive regulation of interleukin-13 production"
"GO:0032740","positive regulation of interleukin-17 production"
"GO:0032743","positive regulation of interleukin-2 production"
"GO:0032753","positive regulation of interleukin-4 production"
"GO:0032755","positive regulation of interleukin-6 production"
"GO:0032757","positive regulation of interleukin-8 production"
"GO:0032760","positive regulation of tumor necrosis factor production"
"GO:0032780","negative regulation of ATP-dependent activity"
"GO:0032781","positive regulation of ATP-dependent activity"
"GO:0032786","positive regulation of DNA-templated transcription, elongation"
"GO:0032790","ribosome disassembly"
"GO:0032793","positive regulation of CREB transcription factor activity"
"GO:0032801","receptor catabolic process"
"GO:0032868","response to insulin"
"GO:0032869","cellular response to insulin stimulus"
"GO:0032870","cellular response to hormone stimulus"
"GO:0032874","positive regulation of stress-activated MAPK cascade"
"GO:0032880","regulation of protein localization"
"GO:0032897","negative regulation of viral transcription"
"GO:0032922","circadian regulation of gene expression"
"GO:0032924","activin receptor signaling pathway"
"GO:0032930","positive regulation of superoxide anion generation"
"GO:0032956","regulation of actin cytoskeleton organization"
"GO:0032963","collagen metabolic process"
"GO:0032964","collagen biosynthetic process"
"GO:0032967","positive regulation of collagen biosynthetic process"
"GO:0032968","positive regulation of transcription elongation by RNA polymerase II"
"GO:0032981","mitochondrial respiratory chain complex I assembly"
"GO:0033044","regulation of chromosome organization"
"GO:0033077","T cell differentiation in thymus"
"GO:0033120","positive regulation of RNA splicing"
"GO:0033137","negative regulation of peptidyl-serine phosphorylation"
"GO:0033138","positive regulation of peptidyl-serine phosphorylation"
"GO:0033147","negative regulation of intracellular estrogen receptor signaling pathway"
"GO:0033148","positive regulation of intracellular estrogen receptor signaling pathway"
"GO:0033173","calcineurin-NFAT signaling cascade"
"GO:0033189","response to vitamin A"
"GO:0033198","response to ATP"
"GO:0033209","tumor necrosis factor-mediated signaling pathway"
"GO:0033280","response to vitamin D"
"GO:0033314","mitotic DNA replication checkpoint signaling"
"GO:0033344","cholesterol efflux"
"GO:0033365","protein localization to organelle"
"GO:0033540","fatty acid beta-oxidation using acyl-CoA oxidase"
"GO:0033554","cellular response to stress"
"GO:0033555","multicellular organismal response to stress"
"GO:0033574","response to testosterone"
"GO:0033617","mitochondrial cytochrome c oxidase assembly"
"GO:0033619","membrane protein proteolysis"
"GO:0033622","integrin activation"
"GO:0033627","cell adhesion mediated by integrin"
"GO:0033628","regulation of cell adhesion mediated by integrin"
"GO:0033630","positive regulation of cell adhesion mediated by integrin"
"GO:0033687","osteoblast proliferation"
"GO:0033689","negative regulation of osteoblast proliferation"
"GO:0033690","positive regulation of osteoblast proliferation"
"GO:0033700","phospholipid efflux"
"GO:0033962","P-body assembly"
"GO:0034058","endosomal vesicle fusion"
"GO:0034063","stress granule assembly"
"GO:0034067","protein localization to Golgi apparatus"
"GO:0034097","response to cytokine"
"GO:0034101","erythrocyte homeostasis"
"GO:0034113","heterotypic cell-cell adhesion"
"GO:0034115","negative regulation of heterotypic cell-cell adhesion"
"GO:0034116","positive regulation of heterotypic cell-cell adhesion"
"GO:0034121","regulation of toll-like receptor signaling pathway"
"GO:0034122","negative regulation of toll-like receptor signaling pathway"
"GO:0034138","toll-like receptor 3 signaling pathway"
"GO:0034142","toll-like receptor 4 signaling pathway"
"GO:0034145","positive regulation of toll-like receptor 4 signaling pathway"
"GO:0034198","cellular response to amino acid starvation"
"GO:0034220","monoatomic ion transmembrane transport"
"GO:0034243","regulation of transcription elongation by RNA polymerase II"
"GO:0034244","negative regulation of transcription elongation by RNA polymerase II"
"GO:0034260","negative regulation of GTPase activity"
"GO:0034314","Arp2/3 complex-mediated actin nucleation"
"GO:0034315","regulation of Arp2/3 complex-mediated actin nucleation"
"GO:0034332","adherens junction organization"
"GO:0034333","adherens junction assembly"
"GO:0034341","response to type II interferon"
"GO:0034356","NAD biosynthesis via nicotinamide riboside salvage pathway"
"GO:0034374","low-density lipoprotein particle remodeling"
"GO:0034375","high-density lipoprotein particle remodeling"
"GO:0034379","very-low-density lipoprotein particle assembly"
"GO:0034380","high-density lipoprotein particle assembly"
"GO:0034383","low-density lipoprotein particle clearance"
"GO:0034389","lipid droplet organization"
"GO:0034392","negative regulation of smooth muscle cell apoptotic process"
"GO:0034394","protein localization to cell surface"
"GO:0034446","substrate adhesion-dependent cell spreading"
"GO:0034453","microtubule anchoring"
"GO:0034472","snRNA 3'-end processing"
"GO:0034497","protein localization to phagophore assembly site"
"GO:0034501","protein localization to kinetochore"
"GO:0034504","protein localization to nucleus"
"GO:0034587","piRNA processing"
"GO:0034599","cellular response to oxidative stress"
"GO:0034605","cellular response to heat"
"GO:0034612","response to tumor necrosis factor"
"GO:0034614","cellular response to reactive oxygen species"
"GO:0034620","cellular response to unfolded protein"
"GO:0034638","phosphatidylcholine catabolic process"
"GO:0034644","cellular response to UV"
"GO:0034695","response to prostaglandin E"
"GO:0034727","piecemeal microautophagy of the nucleus"
"GO:0034755","iron ion transmembrane transport"
"GO:0034765","regulation of monoatomic ion transmembrane transport"
"GO:0034976","response to endoplasmic reticulum stress"
"GO:0035019","somatic stem cell population maintenance"
"GO:0035022","positive regulation of Rac protein signal transduction"
"GO:0035023","regulation of Rho protein signal transduction"
"GO:0035024","negative regulation of Rho protein signal transduction"
"GO:0035025","positive regulation of Rho protein signal transduction"
"GO:0035036","sperm-egg recognition"
"GO:0035050","embryonic heart tube development"
"GO:0035082","axoneme assembly"
"GO:0035092","sperm DNA condensation"
"GO:0035094","response to nicotine"
"GO:0035108","limb morphogenesis"
"GO:0035115","embryonic forelimb morphogenesis"
"GO:0035116","embryonic hindlimb morphogenesis"
"GO:0035162","embryonic hemopoiesis"
"GO:0035176","social behavior"
"GO:0035194","regulatory ncRNA-mediated post-transcriptional gene silencing"
"GO:0035195","miRNA-mediated post-transcriptional gene silencing"
"GO:0035196","miRNA processing"
"GO:0035234","ectopic germ cell programmed cell death"
"GO:0035235","ionotropic glutamate receptor signaling pathway"
"GO:0035249","synaptic transmission, glutamatergic"
"GO:0035264","multicellular organism growth"
"GO:0035265","organ growth"
"GO:0035269","protein O-linked mannosylation"
"GO:0035278","miRNA-mediated gene silencing by inhibition of translation"
"GO:0035313","wound healing, spreading of epidermal cells"
"GO:0035329","hippo signaling"
"GO:0035331","negative regulation of hippo signaling"
"GO:0035332","positive regulation of hippo signaling"
"GO:0035335","peptidyl-tyrosine dephosphorylation"
"GO:0035338","long-chain fatty-acyl-CoA biosynthetic process"
"GO:0035418","protein localization to synapse"
"GO:0035435","phosphate ion transmembrane transport"
"GO:0035455","response to interferon-alpha"
"GO:0035456","response to interferon-beta"
"GO:0035458","cellular response to interferon-beta"
"GO:0035493","SNARE complex assembly"
"GO:0035567","non-canonical Wnt signaling pathway"
"GO:0035589","G protein-coupled purinergic nucleotide receptor signaling pathway"
"GO:0035633","maintenance of blood-brain barrier"
"GO:0035640","exploration behavior"
"GO:0035641","locomotory exploration behavior"
"GO:0035694","mitochondrial protein catabolic process"
"GO:0035720","intraciliary anterograde transport"
"GO:0035725","sodium ion transmembrane transport"
"GO:0035729","cellular response to hepatocyte growth factor stimulus"
"GO:0035774","positive regulation of insulin secretion involved in cellular response to glucose stimulus"
"GO:0035810","positive regulation of urine volume"
"GO:0035845","photoreceptor cell outer segment organization"
"GO:0035855","megakaryocyte development"
"GO:0035860","glial cell-derived neurotrophic factor receptor signaling pathway"
"GO:0035865","cellular response to potassium ion"
"GO:0035902","response to immobilization stress"
"GO:0035904","aorta development"
"GO:0035909","aorta morphogenesis"
"GO:0035914","skeletal muscle cell differentiation"
"GO:0035924","cellular response to vascular endothelial growth factor stimulus"
"GO:0035970","peptidyl-threonine dephosphorylation"
"GO:0035987","endodermal cell differentiation"
"GO:0035988","chondrocyte proliferation"
"GO:0035994","response to muscle stretch"
"GO:0036092","phosphatidylinositol-3-phosphate biosynthetic process"
"GO:0036120","cellular response to platelet-derived growth factor stimulus"
"GO:0036151","phosphatidylcholine acyl-chain remodeling"
"GO:0036152","phosphatidylethanolamine acyl-chain remodeling"
"GO:0036158","outer dynein arm assembly"
"GO:0036159","inner dynein arm assembly"
"GO:0036211","protein modification process"
"GO:0036258","multivesicular body assembly"
"GO:0036297","interstrand cross-link repair"
"GO:0036302","atrioventricular canal development"
"GO:0036342","post-anal tail morphogenesis"
"GO:0036376","sodium ion export across plasma membrane"
"GO:0036465","synaptic vesicle recycling"
"GO:0036503","ERAD pathway"
"GO:0038061","non-canonical NF-kappaB signal transduction"
"GO:0038063","collagen-activated tyrosine kinase receptor signaling pathway"
"GO:0038066","p38MAPK cascade"
"GO:0038083","peptidyl-tyrosine autophosphorylation"
"GO:0038084","vascular endothelial growth factor signaling pathway"
"GO:0038092","nodal signaling pathway"
"GO:0038095","Fc-epsilon receptor signaling pathway"
"GO:0038096","Fc-gamma receptor signaling pathway involved in phagocytosis"
"GO:0038166","angiotensin-activated signaling pathway"
"GO:0038180","nerve growth factor signaling pathway"
"GO:0038202","TORC1 signaling"
"GO:0039702","viral budding via host ESCRT complex"
"GO:0040008","regulation of growth"
"GO:0040014","regulation of multicellular organism growth"
"GO:0040015","negative regulation of multicellular organism growth"
"GO:0040018","positive regulation of multicellular organism growth"
"GO:0040019","positive regulation of embryonic development"
"GO:0040029","epigenetic regulation of gene expression"
"GO:0040037","negative regulation of fibroblast growth factor receptor signaling pathway"
"GO:0042026","protein refolding"
"GO:0042059","negative regulation of epidermal growth factor receptor signaling pathway"
"GO:0042060","wound healing"
"GO:0042073","intraciliary transport"
"GO:0042098","T cell proliferation"
"GO:0042100","B cell proliferation"
"GO:0042102","positive regulation of T cell proliferation"
"GO:0042104","positive regulation of activated T cell proliferation"
"GO:0042110","T cell activation"
"GO:0042113","B cell activation"
"GO:0042116","macrophage activation"
"GO:0042119","neutrophil activation"
"GO:0042127","regulation of cell population proliferation"
"GO:0042129","regulation of T cell proliferation"
"GO:0042130","negative regulation of T cell proliferation"
"GO:0042147","retrograde transport, endosome to Golgi"
"GO:0042149","cellular response to glucose starvation"
"GO:0042157","lipoprotein metabolic process"
"GO:0042176","regulation of protein catabolic process"
"GO:0042177","negative regulation of protein catabolic process"
"GO:0042220","response to cocaine"
"GO:0042246","tissue regeneration"
"GO:0042254","ribosome biogenesis"
"GO:0042267","natural killer cell mediated cytotoxicity"
"GO:0042273","ribosomal large subunit biogenesis"
"GO:0042274","ribosomal small subunit biogenesis"
"GO:0042307","positive regulation of protein import into nucleus"
"GO:0042308","negative regulation of protein import into nucleus"
"GO:0042310","vasoconstriction"
"GO:0042311","vasodilation"
"GO:0042325","regulation of phosphorylation"
"GO:0042326","negative regulation of phosphorylation"
"GO:0042327","positive regulation of phosphorylation"
"GO:0042391","regulation of membrane potential"
"GO:0042407","cristae formation"
"GO:0042417","dopamine metabolic process"
"GO:0042438","melanin biosynthetic process"
"GO:0042445","hormone metabolic process"
"GO:0042462","eye photoreceptor cell development"
"GO:0042472","inner ear morphogenesis"
"GO:0042474","middle ear morphogenesis"
"GO:0042475","odontogenesis of dentin-containing tooth"
"GO:0042476","odontogenesis"
"GO:0042491","inner ear auditory receptor cell differentiation"
"GO:0042531","positive regulation of tyrosine phosphorylation of STAT protein"
"GO:0042542","response to hydrogen peroxide"
"GO:0042551","neuron maturation"
"GO:0042552","myelination"
"GO:0042554","superoxide anion generation"
"GO:0042572","retinol metabolic process"
"GO:0042573","retinoic acid metabolic process"
"GO:0042574","retinal metabolic process"
"GO:0042593","glucose homeostasis"
"GO:0042594","response to starvation"
"GO:0042632","cholesterol homeostasis"
"GO:0042692","muscle cell differentiation"
"GO:0042711","maternal behavior"
"GO:0042730","fibrinolysis"
"GO:0042733","embryonic digit morphogenesis"
"GO:0042742","defense response to bacterium"
"GO:0042744","hydrogen peroxide catabolic process"
"GO:0042752","regulation of circadian rhythm"
"GO:0042753","positive regulation of circadian rhythm"
"GO:0042755","eating behavior"
"GO:0042759","long-chain fatty acid biosynthetic process"
"GO:0042770","signal transduction in response to DNA damage"
"GO:0042771","intrinsic apoptotic signaling pathway in response to DNA damage by p53 class mediator"
"GO:0042776","proton motive force-driven mitochondrial ATP synthesis"
"GO:0042789","mRNA transcription by RNA polymerase II"
"GO:0042797","tRNA transcription by RNA polymerase III"
"GO:0042832","defense response to protozoan"
"GO:0042908","xenobiotic transport"
"GO:0042953","lipoprotein transport"
"GO:0042981","regulation of apoptotic process"
"GO:0042982","amyloid precursor protein metabolic process"
"GO:0042987","amyloid precursor protein catabolic process"
"GO:0043001","Golgi to plasma membrane protein transport"
"GO:0043010","camera-type eye development"
"GO:0043011","myeloid dendritic cell differentiation"
"GO:0043029","T cell homeostasis"
"GO:0043032","positive regulation of macrophage activation"
"GO:0043065","positive regulation of apoptotic process"
"GO:0043068","positive regulation of programmed cell death"
"GO:0043069","negative regulation of programmed cell death"
"GO:0043085","positive regulation of catalytic activity"
"GO:0043086","negative regulation of catalytic activity"
"GO:0043087","regulation of GTPase activity"
"GO:0043113","receptor clustering"
"GO:0043114","regulation of vascular permeability"
"GO:0043116","negative regulation of vascular permeability"
"GO:0043122","regulation of canonical NF-kappaB signal transduction"
"GO:0043123","positive regulation of canonical NF-kappaB signal transduction"
"GO:0043124","negative regulation of canonical NF-kappaB signal transduction"
"GO:0043129","surfactant homeostasis"
"GO:0043149","stress fiber assembly"
"GO:0043153","entrainment of circadian clock by photoperiod"
"GO:0043154","negative regulation of cysteine-type endopeptidase activity involved in apoptotic process"
"GO:0043161","proteasome-mediated ubiquitin-dependent protein catabolic process"
"GO:0043162","ubiquitin-dependent protein catabolic process via the multivesicular body sorting pathway"
"GO:0043171","peptide catabolic process"
"GO:0043200","response to amino acid"
"GO:0043249","erythrocyte maturation"
"GO:0043252","sodium-independent organic anion transport"
"GO:0043254","regulation of protein-containing complex assembly"
"GO:0043268","positive regulation of potassium ion transport"
"GO:0043276","anoikis"
"GO:0043277","apoptotic cell clearance"
"GO:0043278","response to morphine"
"GO:0043279","response to alkaloid"
"GO:0043280","positive regulation of cysteine-type endopeptidase activity involved in apoptotic process"
"GO:0043303","mast cell degranulation"
"GO:0043306","positive regulation of mast cell degranulation"
"GO:0043328","protein transport to vacuole involved in ubiquitin-dependent protein catabolic process via the multivesicular body sorting pathway"
"GO:0043330","response to exogenous dsRNA"
"GO:0043388","positive regulation of DNA binding"
"GO:0043392","negative regulation of DNA binding"
"GO:0043401","steroid hormone receptor signaling pathway"
"GO:0043403","skeletal muscle tissue regeneration"
"GO:0043406","positive regulation of MAP kinase activity"
"GO:0043407","negative regulation of MAP kinase activity"
"GO:0043408","regulation of MAPK cascade"
"GO:0043409","negative regulation of MAPK cascade"
"GO:0043410","positive regulation of MAPK cascade"
"GO:0043433","negative regulation of DNA-binding transcription factor activity"
"GO:0043434","response to peptide hormone"
"GO:0043473","pigmentation"
"GO:0043484","regulation of RNA splicing"
"GO:0043488","regulation of mRNA stability"
"GO:0043491","phosphatidylinositol 3-kinase/protein kinase B signal transduction"
"GO:0043507","positive regulation of JUN kinase activity"
"GO:0043517","positive regulation of DNA damage response, signal transduction by p53 class mediator"
"GO:0043518","negative regulation of DNA damage response, signal transduction by p53 class mediator"
"GO:0043523","regulation of neuron apoptotic process"
"GO:0043524","negative regulation of neuron apoptotic process"
"GO:0043525","positive regulation of neuron apoptotic process"
"GO:0043534","blood vessel endothelial cell migration"
"GO:0043536","positive regulation of blood vessel endothelial cell migration"
"GO:0043537","negative regulation of blood vessel endothelial cell migration"
"GO:0043542","endothelial cell migration"
"GO:0043547","positive regulation of GTPase activity"
"GO:0043568","positive regulation of insulin-like growth factor receptor signaling pathway"
"GO:0043588","skin development"
"GO:0043589","skin morphogenesis"
"GO:0043616","keratinocyte proliferation"
"GO:0043627","response to estrogen"
"GO:0043647","inositol phosphate metabolic process"
"GO:0043651","linoleic acid metabolic process"
"GO:0043687","post-translational protein modification"
"GO:0043691","reverse cholesterol transport"
"GO:0043923","positive regulation by host of viral transcription"
"GO:0043931","ossification involved in bone maturation"
"GO:0043950","positive regulation of cAMP-mediated signaling"
"GO:0044027","negative regulation of gene expression via chromosomal CpG island methylation"
"GO:0044029","positive regulation of gene expression via chromosomal CpG island demethylation"
"GO:0044255","cellular lipid metabolic process"
"GO:0044314","protein K27-linked ubiquitination"
"GO:0044319","wound healing, spreading of cells"
"GO:0044331","cell-cell adhesion mediated by cadherin"
"GO:0044342","type B pancreatic cell proliferation"
"GO:0044344","cellular response to fibroblast growth factor stimulus"
"GO:0044346","fibroblast apoptotic process"
"GO:0044458","motile cilium assembly"
"GO:0044782","cilium organization"
"GO:0044790","suppression of viral release by host"
"GO:0044794","positive regulation by host of viral process"
"GO:0044818","mitotic G2/M transition checkpoint"
"GO:0044849","estrous cycle"
"GO:0045019","negative regulation of nitric oxide biosynthetic process"
"GO:0045022","early endosome to late endosome transport"
"GO:0045039","protein insertion into mitochondrial inner membrane"
"GO:0045047","protein targeting to ER"
"GO:0045050","protein insertion into ER membrane by stop-transfer membrane-anchor sequence"
"GO:0045055","regulated exocytosis"
"GO:0045056","transcytosis"
"GO:0045059","positive thymic T cell selection"
"GO:0045060","negative thymic T cell selection"
"GO:0045070","positive regulation of viral genome replication"
"GO:0045071","negative regulation of viral genome replication"
"GO:0045088","regulation of innate immune response"
"GO:0045089","positive regulation of innate immune response"
"GO:0045104","intermediate filament cytoskeleton organization"
"GO:0045109","intermediate filament organization"
"GO:0045116","protein neddylation"
"GO:0045165","cell fate commitment"
"GO:0045176","apical protein localization"
"GO:0045184","establishment of protein localization"
"GO:0045190","isotype switching"
"GO:0045197","establishment or maintenance of epithelial cell apical/basal polarity"
"GO:0045198","establishment of epithelial cell apical/basal polarity"
"GO:0045214","sarcomere organization"
"GO:0045216","cell-cell junction organization"
"GO:0045292","mRNA cis splicing, via spliceosome"
"GO:0045332","phospholipid translocation"
"GO:0045333","cellular respiration"
"GO:0045348","positive regulation of MHC class II biosynthetic process"
"GO:0045429","positive regulation of nitric oxide biosynthetic process"
"GO:0045444","fat cell differentiation"
"GO:0045445","myoblast differentiation"
"GO:0045446","endothelial cell differentiation"
"GO:0045453","bone resorption"
"GO:0045454","cell redox homeostasis"
"GO:0045471","response to ethanol"
"GO:0045475","locomotor rhythm"
"GO:0045494","photoreceptor cell maintenance"
"GO:0045542","positive regulation of cholesterol biosynthetic process"
"GO:0045577","regulation of B cell differentiation"
"GO:0045579","positive regulation of B cell differentiation"
"GO:0045580","regulation of T cell differentiation"
"GO:0045582","positive regulation of T cell differentiation"
"GO:0045591","positive regulation of regulatory T cell differentiation"
"GO:0045595","regulation of cell differentiation"
"GO:0045596","negative regulation of cell differentiation"
"GO:0045597","positive regulation of cell differentiation"
"GO:0045598","regulation of fat cell differentiation"
"GO:0045599","negative regulation of fat cell differentiation"
"GO:0045600","positive regulation of fat cell differentiation"
"GO:0045616","regulation of keratinocyte differentiation"
"GO:0045618","positive regulation of keratinocyte differentiation"
"GO:0045638","negative regulation of myeloid cell differentiation"
"GO:0045648","positive regulation of erythrocyte differentiation"
"GO:0045651","positive regulation of macrophage differentiation"
"GO:0045653","negative regulation of megakaryocyte differentiation"
"GO:0045662","negative regulation of myoblast differentiation"
"GO:0045663","positive regulation of myoblast differentiation"
"GO:0045664","regulation of neuron differentiation"
"GO:0045665","negative regulation of neuron differentiation"
"GO:0045666","positive regulation of neuron differentiation"
"GO:0045668","negative regulation of osteoblast differentiation"
"GO:0045669","positive regulation of osteoblast differentiation"
"GO:0045671","negative regulation of osteoclast differentiation"
"GO:0045672","positive regulation of osteoclast differentiation"
"GO:0045717","negative regulation of fatty acid biosynthetic process"
"GO:0045722","positive regulation of gluconeogenesis"
"GO:0045723","positive regulation of fatty acid biosynthetic process"
"GO:0045724","positive regulation of cilium assembly"
"GO:0045725","positive regulation of glycogen biosynthetic process"
"GO:0045727","positive regulation of translation"
"GO:0045730","respiratory burst"
"GO:0045732","positive regulation of protein catabolic process"
"GO:0045736","negative regulation of cyclin-dependent protein serine/threonine kinase activity"
"GO:0045737","positive regulation of cyclin-dependent protein serine/threonine kinase activity"
"GO:0045739","positive regulation of DNA repair"
"GO:0045740","positive regulation of DNA replication"
"GO:0045742","positive regulation of epidermal growth factor receptor signaling pathway"
"GO:0045744","negative regulation of G protein-coupled receptor signaling pathway"
"GO:0045745","positive regulation of G protein-coupled receptor signaling pathway"
"GO:0045746","negative regulation of Notch signaling pathway"
"GO:0045747","positive regulation of Notch signaling pathway"
"GO:0045765","regulation of angiogenesis"
"GO:0045766","positive regulation of angiogenesis"
"GO:0045773","positive regulation of axon extension"
"GO:0045776","negative regulation of blood pressure"
"GO:0045777","positive regulation of blood pressure"
"GO:0045778","positive regulation of ossification"
"GO:0045779","negative regulation of bone resorption"
"GO:0045780","positive regulation of bone resorption"
"GO:0045785","positive regulation of cell adhesion"
"GO:0045786","negative regulation of cell cycle"
"GO:0045787","positive regulation of cell cycle"
"GO:0045793","positive regulation of cell size"
"GO:0045806","negative regulation of endocytosis"
"GO:0045807","positive regulation of endocytosis"
"GO:0045814","negative regulation of gene expression, epigenetic"
"GO:0045815","transcription initiation-coupled chromatin remodeling"
"GO:0045820","negative regulation of glycolytic process"
"GO:0045821","positive regulation of glycolytic process"
"GO:0045824","negative regulation of innate immune response"
"GO:0045830","positive regulation of isotype switching"
"GO:0045840","positive regulation of mitotic nuclear division"
"GO:0045842","positive regulation of mitotic metaphase/anaphase transition"
"GO:0045860","positive regulation of protein kinase activity"
"GO:0045861","negative regulation of proteolysis"
"GO:0045862","positive regulation of proteolysis"
"GO:0045869","negative regulation of single stranded viral RNA replication via double stranded DNA intermediate"
"GO:0045879","negative regulation of smoothened signaling pathway"
"GO:0045880","positive regulation of smoothened signaling pathway"
"GO:0045907","positive regulation of vasoconstriction"
"GO:0045910","negative regulation of DNA recombination"
"GO:0045921","positive regulation of exocytosis"
"GO:0045926","negative regulation of growth"
"GO:0045930","negative regulation of mitotic cell cycle"
"GO:0045931","positive regulation of mitotic cell cycle"
"GO:0045943","positive regulation of transcription by RNA polymerase I"
"GO:0045945","positive regulation of transcription by RNA polymerase III"
"GO:0045947","negative regulation of translational initiation"
"GO:0045948","positive regulation of translational initiation"
"GO:0045954","positive regulation of natural killer cell mediated cytotoxicity"
"GO:0045956","positive regulation of calcium ion-dependent exocytosis"
"GO:0045987","positive regulation of smooth muscle contraction"
"GO:0045995","regulation of embryonic development"
"GO:0046007","negative regulation of activated T cell proliferation"
"GO:0046034","ATP metabolic process"
"GO:0046037","GMP metabolic process"
"GO:0046323","D-glucose import"
"GO:0046325","negative regulation of D-glucose import"
"GO:0046326","positive regulation of D-glucose import"
"GO:0046328","regulation of JNK cascade"
"GO:0046329","negative regulation of JNK cascade"
"GO:0046330","positive regulation of JNK cascade"
"GO:0046339","diacylglycerol metabolic process"
"GO:0046415","urate metabolic process"
"GO:0046426","negative regulation of receptor signaling pathway via JAK-STAT"
"GO:0046427","positive regulation of receptor signaling pathway via JAK-STAT"
"GO:0046470","phosphatidylcholine metabolic process"
"GO:0046475","glycerophospholipid catabolic process"
"GO:0046488","phosphatidylinositol metabolic process"
"GO:0046512","sphingosine biosynthetic process"
"GO:0046513","ceramide biosynthetic process"
"GO:0046549","retinal cone cell development"
"GO:0046579","positive regulation of Ras protein signal transduction"
"GO:0046580","negative regulation of Ras protein signal transduction"
"GO:0046597","negative regulation of viral entry into host cell"
"GO:0046627","negative regulation of insulin receptor signaling pathway"
"GO:0046628","positive regulation of insulin receptor signaling pathway"
"GO:0046676","negative regulation of insulin secretion"
"GO:0046677","response to antibiotic"
"GO:0046685","response to arsenic-containing substance"
"GO:0046686","response to cadmium ion"
"GO:0046697","decidualization"
"GO:0046716","muscle cell cellular homeostasis"
"GO:0046718","symbiont entry into host cell"
"GO:0046761","viral budding from plasma membrane"
"GO:0046777","protein autophosphorylation"
"GO:0046785","microtubule polymerization"
"GO:0046825","regulation of protein export from nucleus"
"GO:0046827","positive regulation of protein export from nucleus"
"GO:0046835","carbohydrate phosphorylation"
"GO:0046839","phospholipid dephosphorylation"
"GO:0046847","filopodium assembly"
"GO:0046849","bone remodeling"
"GO:0046854","phosphatidylinositol phosphate biosynthetic process"
"GO:0046856","phosphatidylinositol dephosphorylation"
"GO:0046889","positive regulation of lipid biosynthetic process"
"GO:0046902","regulation of mitochondrial membrane permeability"
"GO:0046907","intracellular transport"
"GO:0046928","regulation of neurotransmitter secretion"
"GO:0047496","vesicle transport along microtubule"
"GO:0048008","platelet-derived growth factor receptor signaling pathway"
"GO:0048009","insulin-like growth factor receptor signaling pathway"
"GO:0048010","vascular endothelial growth factor receptor signaling pathway"
"GO:0048011","neurotrophin TRK receptor signaling pathway"
"GO:0048013","ephrin receptor signaling pathway"
"GO:0048015","phosphatidylinositol-mediated signaling"
"GO:0048024","regulation of mRNA splicing, via spliceosome"
"GO:0048025","negative regulation of mRNA splicing, via spliceosome"
"GO:0048026","positive regulation of mRNA splicing, via spliceosome"
"GO:0048041","focal adhesion assembly"
"GO:0048143","astrocyte activation"
"GO:0048144","fibroblast proliferation"
"GO:0048146","positive regulation of fibroblast proliferation"
"GO:0048147","negative regulation of fibroblast proliferation"
"GO:0048148","behavioral response to cocaine"
"GO:0048167","regulation of synaptic plasticity"
"GO:0048168","regulation of neuronal synaptic plasticity"
"GO:0048169","regulation of long-term neuronal synaptic plasticity"
"GO:0048208","COPII vesicle coating"
"GO:0048240","sperm capacitation"
"GO:0048245","eosinophil chemotaxis"
"GO:0048246","macrophage chemotaxis"
"GO:0048251","elastic fiber assembly"
"GO:0048255","mRNA stabilization"
"GO:0048260","positive regulation of receptor-mediated endocytosis"
"GO:0048265","response to pain"
"GO:0048266","behavioral response to pain"
"GO:0048268","clathrin coat assembly"
"GO:0048278","vesicle docking"
"GO:0048286","lung alveolus development"
"GO:0048304","positive regulation of isotype switching to IgG isotypes"
"GO:0048384","retinoic acid receptor signaling pathway"
"GO:0048388","endosomal lumen acidification"
"GO:0048468","cell development"
"GO:0048469","cell maturation"
"GO:0048477","oogenesis"
"GO:0048484","enteric nervous system development"
"GO:0048485","sympathetic nervous system development"
"GO:0048488","synaptic vesicle endocytosis"
"GO:0048489","synaptic vesicle transport"
"GO:0048490","anterograde synaptic vesicle transport"
"GO:0048511","rhythmic process"
"GO:0048513","animal organ development"
"GO:0048514","blood vessel morphogenesis"
"GO:0048535","lymph node development"
"GO:0048536","spleen development"
"GO:0048538","thymus development"
"GO:0048545","response to steroid hormone"
"GO:0048546","digestive tract morphogenesis"
"GO:0048557","embryonic digestive tract morphogenesis"
"GO:0048565","digestive tract development"
"GO:0048566","embryonic digestive tract development"
"GO:0048568","embryonic organ development"
"GO:0048589","developmental growth"
"GO:0048593","camera-type eye morphogenesis"
"GO:0048596","embryonic camera-type eye morphogenesis"
"GO:0048598","embryonic morphogenesis"
"GO:0048599","oocyte development"
"GO:0048661","positive regulation of smooth muscle cell proliferation"
"GO:0048662","negative regulation of smooth muscle cell proliferation"
"GO:0048663","neuron fate commitment"
"GO:0048665","neuron fate specification"
"GO:0048666","neuron development"
"GO:0048668","collateral sprouting"
"GO:0048671","negative regulation of collateral sprouting"
"GO:0048675","axon extension"
"GO:0048678","response to axon injury"
"GO:0048681","negative regulation of axon regeneration"
"GO:0048701","embryonic cranial skeleton morphogenesis"
"GO:0048704","embryonic skeletal system morphogenesis"
"GO:0048705","skeletal system morphogenesis"
"GO:0048706","embryonic skeletal system development"
"GO:0048708","astrocyte differentiation"
"GO:0048709","oligodendrocyte differentiation"
"GO:0048711","positive regulation of astrocyte differentiation"
"GO:0048714","positive regulation of oligodendrocyte differentiation"
"GO:0048715","negative regulation of oligodendrocyte differentiation"
"GO:0048738","cardiac muscle tissue development"
"GO:0048741","skeletal muscle fiber development"
"GO:0048745","smooth muscle tissue development"
"GO:0048754","branching morphogenesis of an epithelial tube"
"GO:0048771","tissue remodeling"
"GO:0048812","neuron projection morphogenesis"
"GO:0048813","dendrite morphogenesis"
"GO:0048814","regulation of dendrite morphogenesis"
"GO:0048821","erythrocyte development"
"GO:0048839","inner ear development"
"GO:0048844","artery morphogenesis"
"GO:0048854","brain morphogenesis"
"GO:0048863","stem cell differentiation"
"GO:0048870","cell motility"
"GO:0048872","homeostasis of number of cells"
"GO:0048873","homeostasis of number of cells within a tissue"
"GO:0048935","peripheral nervous system neuron development"
"GO:0050427","3'-phosphoadenosine 5'-phosphosulfate metabolic process"
"GO:0050435","amyloid-beta metabolic process"
"GO:0050482","arachidonate secretion"
"GO:0050673","epithelial cell proliferation"
"GO:0050678","regulation of epithelial cell proliferation"
"GO:0050679","positive regulation of epithelial cell proliferation"
"GO:0050680","negative regulation of epithelial cell proliferation"
"GO:0050684","regulation of mRNA processing"
"GO:0050687","negative regulation of defense response to virus"
"GO:0050709","negative regulation of protein secretion"
"GO:0050714","positive regulation of protein secretion"
"GO:0050727","regulation of inflammatory response"
"GO:0050728","negative regulation of inflammatory response"
"GO:0050729","positive regulation of inflammatory response"
"GO:0050730","regulation of peptidyl-tyrosine phosphorylation"
"GO:0050731","positive regulation of peptidyl-tyrosine phosphorylation"
"GO:0050732","negative regulation of peptidyl-tyrosine phosphorylation"
"GO:0050765","negative regulation of phagocytosis"
"GO:0050766","positive regulation of phagocytosis"
"GO:0050767","regulation of neurogenesis"
"GO:0050768","negative regulation of neurogenesis"
"GO:0050769","positive regulation of neurogenesis"
"GO:0050770","regulation of axonogenesis"
"GO:0050772","positive regulation of axonogenesis"
"GO:0050773","regulation of dendrite development"
"GO:0050775","positive regulation of dendrite morphogenesis"
"GO:0050776","regulation of immune response"
"GO:0050777","negative regulation of immune response"
"GO:0050778","positive regulation of immune response"
"GO:0050795","regulation of behavior"
"GO:0050796","regulation of insulin secretion"
"GO:0050804","modulation of chemical synaptic transmission"
"GO:0050806","positive regulation of synaptic transmission"
"GO:0050807","regulation of synapse organization"
"GO:0050808","synapse organization"
"GO:0050821","protein stabilization"
"GO:0050829","defense response to Gram-negative bacterium"
"GO:0050830","defense response to Gram-positive bacterium"
"GO:0050832","defense response to fungus"
"GO:0050847","progesterone receptor signaling pathway"
"GO:0050848","regulation of calcium-mediated signaling"
"GO:0050850","positive regulation of calcium-mediated signaling"
"GO:0050852","T cell receptor signaling pathway"
"GO:0050853","B cell receptor signaling pathway"
"GO:0050860","negative regulation of T cell receptor signaling pathway"
"GO:0050862","positive regulation of T cell receptor signaling pathway"
"GO:0050868","negative regulation of T cell activation"
"GO:0050870","positive regulation of T cell activation"
"GO:0050872","white fat cell differentiation"
"GO:0050873","brown fat cell differentiation"
"GO:0050884","neuromuscular process controlling posture"
"GO:0050885","neuromuscular process controlling balance"
"GO:0050890","cognition"
"GO:0050891","multicellular organismal-level water homeostasis"
"GO:0050892","intestinal absorption"
"GO:0050900","leukocyte migration"
"GO:0050901","leukocyte tethering or rolling"
"GO:0050905","neuromuscular process"
"GO:0050908","detection of light stimulus involved in visual perception"
"GO:0050909","sensory perception of taste"
"GO:0050910","detection of mechanical stimulus involved in sensory perception of sound"
"GO:0050911","detection of chemical stimulus involved in sensory perception of smell"
"GO:0050918","positive chemotaxis"
"GO:0050919","negative chemotaxis"
"GO:0050921","positive regulation of chemotaxis"
"GO:0050927","positive regulation of positive chemotaxis"
"GO:0050930","induction of positive chemotaxis"
"GO:0050965","detection of temperature stimulus involved in sensory perception of pain"
"GO:0050966","detection of mechanical stimulus involved in sensory perception of pain"
"GO:0050982","detection of mechanical stimulus"
"GO:0050995","negative regulation of lipid catabolic process"
"GO:0051014","actin filament severing"
"GO:0051016","barbed-end actin filament capping"
"GO:0051017","actin filament bundle assembly"
"GO:0051028","mRNA transport"
"GO:0051044","positive regulation of membrane protein ectodomain proteolysis"
"GO:0051056","regulation of small GTPase mediated signal transduction"
"GO:0051085","chaperone cofactor-dependent protein refolding"
"GO:0051090","regulation of DNA-binding transcription factor activity"
"GO:0051091","positive regulation of DNA-binding transcription factor activity"
"GO:0051092","positive regulation of NF-kappaB transcription factor activity"
"GO:0051123","RNA polymerase II preinitiation complex assembly"
"GO:0051131","chaperone-mediated protein complex assembly"
"GO:0051145","smooth muscle cell differentiation"
"GO:0051146","striated muscle cell differentiation"
"GO:0051149","positive regulation of muscle cell differentiation"
"GO:0051156","glucose 6-phosphate metabolic process"
"GO:0051168","nuclear export"
"GO:0051209","release of sequestered calcium ion into cytosol"
"GO:0051216","cartilage development"
"GO:0051225","spindle assembly"
"GO:0051247","positive regulation of protein metabolic process"
"GO:0051258","protein polymerization"
"GO:0051259","protein complex oligomerization"
"GO:0051260","protein homooligomerization"
"GO:0051262","protein tetramerization"
"GO:0051276","chromosome organization"
"GO:0051279","regulation of release of sequestered calcium ion into cytosol"
"GO:0051281","positive regulation of release of sequestered calcium ion into cytosol"
"GO:0051289","protein homotetramerization"
"GO:0051290","protein heterotetramerization"
"GO:0051291","protein heterooligomerization"
"GO:0051298","centrosome duplication"
"GO:0051301","cell division"
"GO:0051302","regulation of cell division"
"GO:0051310","metaphase chromosome alignment"
"GO:0051315","attachment of mitotic spindle microtubules to kinetochore"
"GO:0051321","meiotic cell cycle"
"GO:0051382","kinetochore assembly"
"GO:0051384","response to glucocorticoid"
"GO:0051402","neuron apoptotic process"
"GO:0051403","stress-activated MAPK cascade"
"GO:0051412","response to corticosterone"
"GO:0051445","regulation of meiotic cell cycle"
"GO:0051450","myoblast proliferation"
"GO:0051452","intracellular pH reduction"
"GO:0051453","regulation of intracellular pH"
"GO:0051457","maintenance of protein location in nucleus"
"GO:0051480","regulation of cytosolic calcium ion concentration"
"GO:0051481","negative regulation of cytosolic calcium ion concentration"
"GO:0051489","regulation of filopodium assembly"
"GO:0051491","positive regulation of filopodium assembly"
"GO:0051492","regulation of stress fiber assembly"
"GO:0051493","regulation of cytoskeleton organization"
"GO:0051496","positive regulation of stress fiber assembly"
"GO:0051497","negative regulation of stress fiber assembly"
"GO:0051560","mitochondrial calcium ion homeostasis"
"GO:0051591","response to cAMP"
"GO:0051592","response to calcium ion"
"GO:0051602","response to electrical stimulus"
"GO:0051603","proteolysis involved in protein catabolic process"
"GO:0051604","protein maturation"
"GO:0051607","defense response to virus"
"GO:0051642","centrosome localization"
"GO:0051649","establishment of localization in cell"
"GO:0051693","actin filament capping"
"GO:0051726","regulation of cell cycle"
"GO:0051764","actin crosslink formation"
"GO:0051770","positive regulation of nitric-oxide synthase biosynthetic process"
"GO:0051775","response to redox state"
"GO:0051781","positive regulation of cell division"
"GO:0051865","protein autoubiquitination"
"GO:0051881","regulation of mitochondrial membrane potential"
"GO:0051893","regulation of focal adhesion assembly"
"GO:0051894","positive regulation of focal adhesion assembly"
"GO:0051895","negative regulation of focal adhesion assembly"
"GO:0051896","regulation of phosphatidylinositol 3-kinase/protein kinase B signal transduction"
"GO:0051897","positive regulation of phosphatidylinositol 3-kinase/protein kinase B signal transduction"
"GO:0051898","negative regulation of phosphatidylinositol 3-kinase/protein kinase B signal transduction"
"GO:0051899","membrane depolarization"
"GO:0051918","negative regulation of fibrinolysis"
"GO:0051923","sulfation"
"GO:0051924","regulation of calcium ion transport"
"GO:0051926","negative regulation of calcium ion transport"
"GO:0051928","positive regulation of calcium ion transport"
"GO:0051930","regulation of sensory perception of pain"
"GO:0051932","synaptic transmission, GABAergic"
"GO:0051963","regulation of synapse assembly"
"GO:0051965","positive regulation of synapse assembly"
"GO:0051966","regulation of synaptic transmission, glutamatergic"
"GO:0051968","positive regulation of synaptic transmission, glutamatergic"
"GO:0051984","positive regulation of chromosome segregation"
"GO:0055001","muscle cell development"
"GO:0055007","cardiac muscle cell differentiation"
"GO:0055010","ventricular cardiac muscle tissue morphogenesis"
"GO:0055013","cardiac muscle cell development"
"GO:0055062","phosphate ion homeostasis"
"GO:0055074","calcium ion homeostasis"
"GO:0055075","potassium ion homeostasis"
"GO:0055078","sodium ion homeostasis"
"GO:0055085","transmembrane transport"
"GO:0055088","lipid homeostasis"
"GO:0055089","fatty acid homeostasis"
"GO:0055091","phospholipid homeostasis"
"GO:0055093","response to hyperoxia"
"GO:0055117","regulation of cardiac muscle contraction"
"GO:0055119","relaxation of cardiac muscle"
"GO:0060009","Sertoli cell development"
"GO:0060020","Bergmann glial cell differentiation"
"GO:0060021","roof of mouth development"
"GO:0060037","pharyngeal system development"
"GO:0060038","cardiac muscle cell proliferation"
"GO:0060041","retina development in camera-type eye"
"GO:0060044","negative regulation of cardiac muscle cell proliferation"
"GO:0060045","positive regulation of cardiac muscle cell proliferation"
"GO:0060047","heart contraction"
"GO:0060048","cardiac muscle contraction"
"GO:0060052","neurofilament cytoskeleton organization"
"GO:0060065","uterus development"
"GO:0060068","vagina development"
"GO:0060070","canonical Wnt signaling pathway"
"GO:0060071","Wnt signaling pathway, planar cell polarity pathway"
"GO:0060074","synapse maturation"
"GO:0060075","regulation of resting membrane potential"
"GO:0060078","regulation of postsynaptic membrane potential"
"GO:0060079","excitatory postsynaptic potential"
"GO:0060088","auditory receptor cell stereocilium organization"
"GO:0060122","inner ear receptor cell stereocilium organization"
"GO:0060135","maternal process involved in female pregnancy"
"GO:0060155","platelet dense granule organization"
"GO:0060173","limb development"
"GO:0060213","positive regulation of nuclear-transcribed mRNA poly(A) tail shortening"
"GO:0060216","definitive hemopoiesis"
"GO:0060218","hematopoietic stem cell differentiation"
"GO:0060236","regulation of mitotic spindle organization"
"GO:0060252","positive regulation of glial cell proliferation"
"GO:0060261","positive regulation of transcription initiation by RNA polymerase II"
"GO:0060271","cilium assembly"
"GO:0060272","embryonic skeletal joint morphogenesis"
"GO:0060285","cilium-dependent cell motility"
"GO:0060287","epithelial cilium movement involved in determination of left/right asymmetry"
"GO:0060291","long-term synaptic potentiation"
"GO:0060292","long-term synaptic depression"
"GO:0060294","cilium movement involved in cell motility"
"GO:0060306","regulation of membrane repolarization"
"GO:0060307","regulation of ventricular cardiac muscle cell membrane repolarization"
"GO:0060317","cardiac epithelial to mesenchymal transition"
"GO:0060322","head development"
"GO:0060324","face development"
"GO:0060325","face morphogenesis"
"GO:0060326","cell chemotaxis"
"GO:0060333","type II interferon-mediated signaling pathway"
"GO:0060337","type I interferon-mediated signaling pathway"
"GO:0060339","negative regulation of type I interferon-mediated signaling pathway"
"GO:0060340","positive regulation of type I interferon-mediated signaling pathway"
"GO:0060347","heart trabecula formation"
"GO:0060348","bone development"
"GO:0060349","bone morphogenesis"
"GO:0060379","cardiac muscle cell myoblast differentiation"
"GO:0060382","regulation of DNA strand elongation"
"GO:0060384","innervation"
"GO:0060391","positive regulation of SMAD protein signal transduction"
"GO:0060392","negative regulation of SMAD protein signal transduction"
"GO:0060395","SMAD protein signal transduction"
"GO:0060402","calcium ion transport into cytosol"
"GO:0060411","cardiac septum morphogenesis"
"GO:0060412","ventricular septum morphogenesis"
"GO:0060425","lung morphogenesis"
"GO:0060441","epithelial tube branching involved in lung morphogenesis"
"GO:0060444","branching involved in mammary gland duct morphogenesis"
"GO:0060546","negative regulation of necroptotic process"
"GO:0060575","intestinal epithelial cell differentiation"
"GO:0060586","multicellular organismal-level iron ion homeostasis"
"GO:0060612","adipose tissue development"
"GO:0060627","regulation of vesicle-mediated transport"
"GO:0060644","mammary gland epithelial cell differentiation"
"GO:0060707","trophoblast giant cell differentiation"
"GO:0060716","labyrinthine layer blood vessel development"
"GO:0060749","mammary gland alveolus development"
"GO:0060765","regulation of androgen receptor signaling pathway"
"GO:0060766","negative regulation of androgen receptor signaling pathway"
"GO:0060816","random inactivation of X chromosome"
"GO:0060828","regulation of canonical Wnt signaling pathway"
"GO:0060840","artery development"
"GO:0060907","positive regulation of macrophage cytokine production"
"GO:0060976","coronary vasculature development"
"GO:0060996","dendritic spine development"
"GO:0060997","dendritic spine morphogenesis"
"GO:0060999","positive regulation of dendritic spine development"
"GO:0061001","regulation of dendritic spine morphogenesis"
"GO:0061003","positive regulation of dendritic spine morphogenesis"
"GO:0061024","membrane organization"
"GO:0061025","membrane fusion"
"GO:0061028","establishment of endothelial barrier"
"GO:0061029","eyelid development in camera-type eye"
"GO:0061036","positive regulation of cartilage development"
"GO:0061045","negative regulation of wound healing"
"GO:0061052","negative regulation of cell growth involved in cardiac muscle cell development"
"GO:0061053","somite development"
"GO:0061077","chaperone-mediated protein folding"
"GO:0061098","positive regulation of protein tyrosine kinase activity"
"GO:0061136","regulation of proteasomal protein catabolic process"
"GO:0061157","mRNA destabilization"
"GO:0061158","3'-UTR-mediated mRNA destabilization"
"GO:0061178","regulation of insulin secretion involved in cellular response to glucose stimulus"
"GO:0061303","cornea development in camera-type eye"
"GO:0061351","neural precursor cell proliferation"
"GO:0061436","establishment of skin barrier"
"GO:0061462","protein localization to lysosome"
"GO:0061484","hematopoietic stem cell homeostasis"
"GO:0061512","protein localization to cilium"
"GO:0061564","axon development"
"GO:0061621","canonical glycolysis"
"GO:0061635","regulation of protein complex stability"
"GO:0061640","cytoskeleton-dependent cytokinesis"
"GO:0061644","protein localization to CENP-A containing chromatin"
"GO:0061709","reticulophagy"
"GO:0061744","motor behavior"
"GO:0061760","antifungal innate immune response"
"GO:0061844","antimicrobial humoral immune response mediated by antimicrobial peptide"
"GO:0061952","midbody abscission"
"GO:0062009","secondary palate development"
"GO:0065003","protein-containing complex assembly"
"GO:0070050","neuron cellular homeostasis"
"GO:0070059","intrinsic apoptotic signaling pathway in response to endoplasmic reticulum stress"
"GO:0070085","glycosylation"
"GO:0070098","chemokine-mediated signaling pathway"
"GO:0070102","interleukin-6-mediated signaling pathway"
"GO:0070131","positive regulation of mitochondrial translation"
"GO:0070166","enamel mineralization"
"GO:0070198","protein localization to chromosome, telomeric region"
"GO:0070207","protein homotrimerization"
"GO:0070213","protein auto-ADP-ribosylation"
"GO:0070231","T cell apoptotic process"
"GO:0070233","negative regulation of T cell apoptotic process"
"GO:0070242","thymocyte apoptotic process"
"GO:0070244","negative regulation of thymocyte apoptotic process"
"GO:0070254","mucus secretion"
"GO:0070266","necroptotic process"
"GO:0070269","pyroptotic inflammatory response"
"GO:0070286","axonemal dynein complex assembly"
"GO:0070294","renal sodium ion absorption"
"GO:0070301","cellular response to hydrogen peroxide"
"GO:0070306","lens fiber cell differentiation"
"GO:0070316","regulation of G0 to G1 transition"
"GO:0070327","thyroid hormone transport"
"GO:0070328","triglyceride homeostasis"
"GO:0070365","hepatocyte differentiation"
"GO:0070371","ERK1 and ERK2 cascade"
"GO:0070372","regulation of ERK1 and ERK2 cascade"
"GO:0070373","negative regulation of ERK1 and ERK2 cascade"
"GO:0070374","positive regulation of ERK1 and ERK2 cascade"
"GO:0070417","cellular response to cold"
"GO:0070498","interleukin-1-mediated signaling pathway"
"GO:0070507","regulation of microtubule cytoskeleton organization"
"GO:0070509","calcium ion import"
"GO:0070527","platelet aggregation"
"GO:0070534","protein K63-linked ubiquitination"
"GO:0070536","protein K63-linked deubiquitination"
"GO:0070542","response to fatty acid"
"GO:0070555","response to interleukin-1"
"GO:0070585","protein localization to mitochondrion"
"GO:0070588","calcium ion transmembrane transport"
"GO:0070593","dendrite self-avoidance"
"GO:0070828","heterochromatin organization"
"GO:0070830","bicellular tight junction assembly"
"GO:0070848","response to growth factor"
"GO:0070885","negative regulation of calcineurin-NFAT signaling cascade"
"GO:0070886","positive regulation of calcineurin-NFAT signaling cascade"
"GO:0070914","UV-damage excision repair"
"GO:0070935","3'-UTR-mediated mRNA stabilization"
"GO:0070936","protein K48-linked ubiquitination"
"GO:0070979","protein K11-linked ubiquitination"
"GO:0070986","left/right axis specification"
"GO:0071108","protein K48-linked deubiquitination"
"GO:0071168","protein localization to chromatin"
"GO:0071218","cellular response to misfolded protein"
"GO:0071222","cellular response to lipopolysaccharide"
"GO:0071223","cellular response to lipoteichoic acid"
"GO:0071230","cellular response to amino acid stimulus"
"GO:0071233","cellular response to L-leucine"
"GO:0071260","cellular response to mechanical stimulus"
"GO:0071276","cellular response to cadmium ion"
"GO:0071277","cellular response to calcium ion"
"GO:0071280","cellular response to copper ion"
"GO:0071285","cellular response to lithium ion"
"GO:0071294","cellular response to zinc ion"
"GO:0071300","cellular response to retinoic acid"
"GO:0071314","cellular response to cocaine"
"GO:0071318","cellular response to ATP"
"GO:0071320","cellular response to cAMP"
"GO:0071333","cellular response to glucose stimulus"
"GO:0071345","cellular response to cytokine stimulus"
"GO:0071346","cellular response to type II interferon"
"GO:0071347","cellular response to interleukin-1"
"GO:0071353","cellular response to interleukin-4"
"GO:0071354","cellular response to interleukin-6"
"GO:0071356","cellular response to tumor necrosis factor"
"GO:0071360","cellular response to exogenous dsRNA"
"GO:0071361","cellular response to ethanol"
"GO:0071363","cellular response to growth factor stimulus"
"GO:0071364","cellular response to epidermal growth factor stimulus"
"GO:0071372","cellular response to follicle-stimulating hormone stimulus"
"GO:0071374","cellular response to parathyroid hormone stimulus"
"GO:0071375","cellular response to peptide hormone stimulus"
"GO:0071377","cellular response to glucagon stimulus"
"GO:0071380","cellular response to prostaglandin E stimulus"
"GO:0071383","cellular response to steroid hormone stimulus"
"GO:0071385","cellular response to glucocorticoid stimulus"
"GO:0071391","cellular response to estrogen stimulus"
"GO:0071392","cellular response to estradiol stimulus"
"GO:0071397","cellular response to cholesterol"
"GO:0071398","cellular response to fatty acid"
"GO:0071404","cellular response to low-density lipoprotein particle stimulus"
"GO:0071407","cellular response to organic cyclic compound"
"GO:0071425","hematopoietic stem cell proliferation"
"GO:0071456","cellular response to hypoxia"
"GO:0071466","cellular response to xenobiotic stimulus"
"GO:0071468","cellular response to acidic pH"
"GO:0071470","cellular response to osmotic stress"
"GO:0071474","cellular hyperosmotic response"
"GO:0071476","cellular hypotonic response"
"GO:0071479","cellular response to ionizing radiation"
"GO:0071480","cellular response to gamma radiation"
"GO:0071493","cellular response to UV-B"
"GO:0071498","cellular response to fluid shear stress"
"GO:0071526","semaphorin-plexin signaling pathway"
"GO:0071539","protein localization to centrosome"
"GO:0071542","dopaminergic neuron differentiation"
"GO:0071548","response to dexamethasone"
"GO:0071549","cellular response to dexamethasone stimulus"
"GO:0071560","cellular response to transforming growth factor beta stimulus"
"GO:0071577","zinc ion transmembrane transport"
"GO:0071625","vocalization behavior"
"GO:0071639","positive regulation of monocyte chemotactic protein-1 production"
"GO:0071679","commissural neuron axon guidance"
"GO:0071711","basement membrane organization"
"GO:0071732","cellular response to nitric oxide"
"GO:0071773","cellular response to BMP stimulus"
"GO:0071786","endoplasmic reticulum tubular network organization"
"GO:0071805","potassium ion transmembrane transport"
"GO:0071806","protein transmembrane transport"
"GO:0071816","tail-anchored membrane protein insertion into ER membrane"
"GO:0071872","cellular response to epinephrine stimulus"
"GO:0071880","adenylate cyclase-activating adrenergic receptor signaling pathway"
"GO:0071897","DNA biosynthetic process"
"GO:0071901","negative regulation of protein serine/threonine kinase activity"
"GO:0071902","positive regulation of protein serine/threonine kinase activity"
"GO:0071985","multivesicular body sorting pathway"
"GO:0072089","stem cell proliferation"
"GO:0072091","regulation of stem cell proliferation"
"GO:0072112","podocyte differentiation"
"GO:0072332","intrinsic apoptotic signaling pathway by p53 class mediator"
"GO:0072344","rescue of stalled ribosome"
"GO:0072359","circulatory system development"
"GO:0072520","seminiferous tubule development"
"GO:0072577","endothelial cell apoptotic process"
"GO:0072583","clathrin-dependent endocytosis"
"GO:0072593","reactive oxygen species metabolic process"
"GO:0072657","protein localization to membrane"
"GO:0072659","protein localization to plasma membrane"
"GO:0072678","T cell migration"
"GO:0085020","protein K6-linked ubiquitination"
"GO:0085029","extracellular matrix assembly"
"GO:0086002","cardiac muscle cell action potential involved in contraction"
"GO:0086004","regulation of cardiac muscle cell contraction"
"GO:0086005","ventricular cardiac muscle cell action potential"
"GO:0086009","membrane repolarization"
"GO:0086010","membrane depolarization during action potential"
"GO:0086012","membrane depolarization during cardiac muscle cell action potential"
"GO:0086064","cell communication by electrical coupling involved in cardiac conduction"
"GO:0086091","regulation of heart rate by cardiac conduction"
"GO:0089718","amino acid import across plasma membrane"
"GO:0090009","primitive streak formation"
"GO:0090023","positive regulation of neutrophil chemotaxis"
"GO:0090026","positive regulation of monocyte chemotaxis"
"GO:0090043","regulation of tubulin deacetylation"
"GO:0090050","positive regulation of cell migration involved in sprouting angiogenesis"
"GO:0090051","negative regulation of cell migration involved in sprouting angiogenesis"
"GO:0090090","negative regulation of canonical Wnt signaling pathway"
"GO:0090102","cochlea development"
"GO:0090103","cochlea morphogenesis"
"GO:0090110","COPII-coated vesicle cargo loading"
"GO:0090128","regulation of synapse maturation"
"GO:0090136","epithelial cell-cell adhesion"
"GO:0090141","positive regulation of mitochondrial fission"
"GO:0090148","membrane fission"
"GO:0090161","Golgi ribbon formation"
"GO:0090162","establishment of epithelial cell polarity"
"GO:0090181","regulation of cholesterol metabolic process"
"GO:0090190","positive regulation of branching involved in ureteric bud morphogenesis"
"GO:0090200","positive regulation of release of cytochrome c from mitochondria"
"GO:0090201","negative regulation of release of cytochrome c from mitochondria"
"GO:0090263","positive regulation of canonical Wnt signaling pathway"
"GO:0090267","positive regulation of mitotic cell cycle spindle assembly checkpoint"
"GO:0090277","positive regulation of peptide hormone secretion"
"GO:0090280","positive regulation of calcium ion import"
"GO:0090303","positive regulation of wound healing"
"GO:0090307","mitotic spindle assembly"
"GO:0090309","positive regulation of DNA methylation-dependent heterochromatin formation"
"GO:0090314","positive regulation of protein targeting to membrane"
"GO:0090316","positive regulation of intracellular protein transport"
"GO:0090331","negative regulation of platelet aggregation"
"GO:0090336","positive regulation of brown fat cell differentiation"
"GO:0090398","cellular senescence"
"GO:0090399","replicative senescence"
"GO:0090630","activation of GTPase activity"
"GO:0090660","cerebrospinal fluid circulation"
"GO:0095500","acetylcholine receptor signaling pathway"
"GO:0097009","energy homeostasis"
"GO:0097011","cellular response to granulocyte macrophage colony-stimulating factor stimulus"
"GO:0097028","dendritic cell differentiation"
"GO:0097049","motor neuron apoptotic process"
"GO:0097062","dendritic spine maintenance"
"GO:0097084","vascular associated smooth muscle cell development"
"GO:0097091","synaptic vesicle clustering"
"GO:0097150","neuronal stem cell population maintenance"
"GO:0097178","ruffle assembly"
"GO:0097190","apoptotic signaling pathway"
"GO:0097191","extrinsic apoptotic signaling pathway"
"GO:0097192","extrinsic apoptotic signaling pathway in absence of ligand"
"GO:0097193","intrinsic apoptotic signaling pathway"
"GO:0097194","execution phase of apoptosis"
"GO:0097202","activation of cysteine-type endopeptidase activity"
"GO:0097242","amyloid-beta clearance"
"GO:0097264","self proteolysis"
"GO:0097284","hepatocyte apoptotic process"
"GO:0097352","autophagosome maturation"
"GO:0097401","synaptic vesicle lumen acidification"
"GO:0097421","liver regeneration"
"GO:0097435","supramolecular fiber organization"
"GO:0097623","potassium ion export across plasma membrane"
"GO:0097696","cell surface receptor signaling pathway via STAT"
"GO:0097746","blood vessel diameter maintenance"
"GO:0098586","cellular response to virus"
"GO:0098609","cell-cell adhesion"
"GO:0098655","monoatomic cation transmembrane transport"
"GO:0098656","monoatomic anion transmembrane transport"
"GO:0098662","inorganic cation transmembrane transport"
"GO:0098664","G protein-coupled serotonin receptor signaling pathway"
"GO:0098693","regulation of synaptic vesicle cycle"
"GO:0098696","regulation of neurotransmitter receptor localization to postsynaptic specialization membrane"
"GO:0098703","calcium ion import across plasma membrane"
"GO:0098719","sodium ion import across plasma membrane"
"GO:0098742","cell-cell adhesion via plasma-membrane adhesion molecules"
"GO:0098869","cellular oxidant detoxification"
"GO:0098911","regulation of ventricular cardiac muscle cell action potential"
"GO:0098915","membrane repolarization during ventricular cardiac muscle cell action potential"
"GO:0098974","postsynaptic actin cytoskeleton organization"
"GO:0098976","excitatory chemical synaptic transmission"
"GO:0099022","vesicle tethering"
"GO:0099054","presynapse assembly"
"GO:0099072","regulation of postsynaptic membrane neurotransmitter receptor levels"
"GO:0099149","regulation of postsynaptic neurotransmitter receptor internalization"
"GO:0099151","regulation of postsynaptic density assembly"
"GO:0099170","postsynaptic modulation of chemical synaptic transmission"
"GO:0099171","presynaptic modulation of chemical synaptic transmission"
"GO:0099175","regulation of postsynapse organization"
"GO:0099502","calcium-dependent activation of synaptic vesicle fusion"
"GO:0099505","regulation of presynaptic membrane potential"
"GO:0099509","regulation of presynaptic cytosolic calcium ion concentration"
"GO:0099558","maintenance of synapse structure"
"GO:0099560","synaptic membrane adhesion"
"GO:0099645","neurotransmitter receptor localization to postsynaptic specialization membrane"
"GO:0120009","intermembrane lipid transfer"
"GO:0120162","positive regulation of cold-induced thermogenesis"
"GO:0120163","negative regulation of cold-induced thermogenesis"
"GO:0120316","sperm flagellum assembly"
"GO:0140042","lipid droplet formation"
"GO:0140052","cellular response to oxidised low-density lipoprotein particle stimulus"
"GO:0140115","export across plasma membrane"
"GO:0140374","antiviral innate immune response"
"GO:0140467","integrated stress response signaling"
"GO:0140588","chromatin looping"
"GO:0140627","ubiquitin-dependent protein catabolic process via the C-end degron rule pathway"
"GO:0140694","non-membrane-bounded organelle assembly"
"GO:0140861","DNA repair-dependent chromatin remodeling"
"GO:0141198","protein branched polyubiquitination"
"GO:0150052","regulation of postsynapse assembly"
"GO:0150077","regulation of neuroinflammatory response"
"GO:0150104","transport across blood-brain barrier"
"GO:0160049","negative regulation of cGAS/STING signaling pathway"
"GO:1900006","positive regulation of dendrite development"
"GO:1900016","negative regulation of cytokine production involved in inflammatory response"
"GO:1900017","positive regulation of cytokine production involved in inflammatory response"
"GO:1900025","negative regulation of substrate adhesion-dependent cell spreading"
"GO:1900026","positive regulation of substrate adhesion-dependent cell spreading"
"GO:1900029","positive regulation of ruffle assembly"
"GO:1900034","regulation of cellular response to heat"
"GO:1900087","positive regulation of G1/S transition of mitotic cell cycle"
"GO:1900119","positive regulation of execution phase of apoptosis"
"GO:1900153","positive regulation of nuclear-transcribed mRNA catabolic process, deadenylation-dependent decay"
"GO:1900181","negative regulation of protein localization to nucleus"
"GO:1900182","positive regulation of protein localization to nucleus"
"GO:1900226","negative regulation of NLRP3 inflammasome complex assembly"
"GO:1900227","positive regulation of NLRP3 inflammasome complex assembly"
"GO:1900242","regulation of synaptic vesicle endocytosis"
"GO:1900271","regulation of long-term synaptic potentiation"
"GO:1900272","negative regulation of long-term synaptic potentiation"
"GO:1900273","positive regulation of long-term synaptic potentiation"
"GO:1900745","positive regulation of p38MAPK cascade"
"GO:1900747","negative regulation of vascular endothelial growth factor signaling pathway"
"GO:1901029","negative regulation of mitochondrial outer membrane permeabilization involved in apoptotic signaling pathway"
"GO:1901223","negative regulation of non-canonical NF-kappaB signal transduction"
"GO:1901224","positive regulation of non-canonical NF-kappaB signal transduction"
"GO:1901379","regulation of potassium ion transmembrane transport"
"GO:1901380","negative regulation of potassium ion transmembrane transport"
"GO:1901381","positive regulation of potassium ion transmembrane transport"
"GO:1901524","regulation of mitophagy"
"GO:1901526","positive regulation of mitophagy"
"GO:1901653","cellular response to peptide"
"GO:1901673","regulation of mitotic spindle assembly"
"GO:1901741","positive regulation of myoblast fusion"
"GO:1901796","regulation of signal transduction by p53 class mediator"
"GO:1901800","positive regulation of proteasomal protein catabolic process"
"GO:1902004","positive regulation of amyloid-beta formation"
"GO:1902017","regulation of cilium assembly"
"GO:1902018","negative regulation of cilium assembly"
"GO:1902042","negative regulation of extrinsic apoptotic signaling pathway via death domain receptors"
"GO:1902043","positive regulation of extrinsic apoptotic signaling pathway via death domain receptors"
"GO:1902093","positive regulation of flagellated sperm motility"
"GO:1902166","negative regulation of intrinsic apoptotic signaling pathway in response to DNA damage by p53 class mediator"
"GO:1902176","negative regulation of oxidative stress-induced intrinsic apoptotic signaling pathway"
"GO:1902230","negative regulation of intrinsic apoptotic signaling pathway in response to DNA damage"
"GO:1902236","negative regulation of endoplasmic reticulum stress-induced intrinsic apoptotic signaling pathway"
"GO:1902237","positive regulation of endoplasmic reticulum stress-induced intrinsic apoptotic signaling pathway"
"GO:1902305","regulation of sodium ion transmembrane transport"
"GO:1902358","sulfate transmembrane transport"
"GO:1902430","negative regulation of amyloid-beta formation"
"GO:1902455","negative regulation of stem cell population maintenance"
"GO:1902459","positive regulation of stem cell population maintenance"
"GO:1902476","chloride transmembrane transport"
"GO:1902533","positive regulation of intracellular signal transduction"
"GO:1902600","proton transmembrane transport"
"GO:1902774","late endosome to lysosome transport"
"GO:1902808","positive regulation of cell cycle G1/S phase transition"
"GO:1902894","negative regulation of miRNA transcription"
"GO:1902895","positive regulation of miRNA transcription"
"GO:1902902","negative regulation of autophagosome assembly"
"GO:1902966","positive regulation of protein localization to early endosome"
"GO:1903076","regulation of protein localization to plasma membrane"
"GO:1903077","negative regulation of protein localization to plasma membrane"
"GO:1903078","positive regulation of protein localization to plasma membrane"
"GO:1903232","melanosome assembly"
"GO:1903238","positive regulation of leukocyte tethering or rolling"
"GO:1903241","U2-type prespliceosome assembly"
"GO:1903377","negative regulation of oxidative stress-induced neuron intrinsic apoptotic signaling pathway"
"GO:1903427","negative regulation of reactive oxygen species biosynthetic process"
"GO:1903428","positive regulation of reactive oxygen species biosynthetic process"
"GO:1903432","regulation of TORC1 signaling"
"GO:1903543","positive regulation of exosomal secretion"
"GO:1903671","negative regulation of sprouting angiogenesis"
"GO:1903672","positive regulation of sprouting angiogenesis"
"GO:1903779","regulation of cardiac conduction"
"GO:1903826","L-arginine transmembrane transport"
"GO:1903830","magnesium ion transmembrane transport"
"GO:1903861","positive regulation of dendrite extension"
"GO:1903955","positive regulation of protein targeting to mitochondrion"
"GO:1904019","epithelial cell apoptotic process"
"GO:1904036","negative regulation of epithelial cell apoptotic process"
"GO:1904179","positive regulation of adipose tissue development"
"GO:1904262","negative regulation of TORC1 signaling"
"GO:1904263","positive regulation of TORC1 signaling"
"GO:1904294","positive regulation of ERAD pathway"
"GO:1904322","cellular response to forskolin"
"GO:1904385","cellular response to angiotensin"
"GO:1904507","positive regulation of telomere maintenance in response to DNA damage"
"GO:1904645","response to amyloid-beta"
"GO:1904646","cellular response to amyloid-beta"
"GO:1904659","D-glucose transmembrane transport"
"GO:1904706","negative regulation of vascular associated smooth muscle cell proliferation"
"GO:1904707","positive regulation of vascular associated smooth muscle cell proliferation"
"GO:1904753","negative regulation of vascular associated smooth muscle cell migration"
"GO:1904754","positive regulation of vascular associated smooth muscle cell migration"
"GO:1904862","inhibitory synapse assembly"
"GO:1904888","cranial skeletal system development"
"GO:1904903","ESCRT III complex disassembly"
"GO:1904948","midbrain dopaminergic neuron differentiation"
"GO:1904996","positive regulation of leukocyte adhesion to vascular endothelial cell"
"GO:1905168","positive regulation of double-strand break repair via homologous recombination"
"GO:1905515","non-motile cilium assembly"
"GO:1905564","positive regulation of vascular endothelial cell proliferation"
"GO:1905606","regulation of presynapse assembly"
"GO:1905907","negative regulation of amyloid fibril formation"
"GO:1990000","amyloid fibril formation"
"GO:1990090","cellular response to nerve growth factor stimulus"
"GO:1990138","neuron projection extension"
"GO:1990166","protein localization to site of double-strand break"
"GO:1990253","cellular response to leucine starvation"
"GO:1990403","embryonic brain development"
"GO:1990535","neuron projection maintenance"
"GO:1990573","potassium ion import across plasma membrane"
"GO:1990748","cellular detoxification"
"GO:1990830","cellular response to leukemia inhibitory factor"
"GO:1990845","adaptive thermogenesis"
"GO:1990869","cellular response to chemokine"
"GO:2000001","regulation of DNA damage checkpoint"
"GO:2000008","regulation of protein localization to cell surface"
"GO:2000010","positive regulation of protein localization to cell surface"
"GO:2000035","regulation of stem cell division"
"GO:2000036","regulation of stem cell population maintenance"
"GO:2000042","negative regulation of double-strand break repair via homologous recombination"
"GO:2000045","regulation of G1/S transition of mitotic cell cycle"
"GO:2000059","negative regulation of ubiquitin-dependent protein catabolic process"
"GO:2000060","positive regulation of ubiquitin-dependent protein catabolic process"
"GO:2000114","regulation of establishment of cell polarity"
"GO:2000134","negative regulation of G1/S transition of mitotic cell cycle"
"GO:2000145","regulation of cell motility"
"GO:2000146","negative regulation of cell motility"
"GO:2000147","positive regulation of cell motility"
"GO:2000178","negative regulation of neural precursor cell proliferation"
"GO:2000179","positive regulation of neural precursor cell proliferation"
"GO:2000273","positive regulation of signaling receptor activity"
"GO:2000279","negative regulation of DNA biosynthetic process"
"GO:2000300","regulation of synaptic vesicle exocytosis"
"GO:2000311","regulation of AMPA receptor activity"
"GO:2000347","positive regulation of hepatocyte proliferation"
"GO:2000352","negative regulation of endothelial cell apoptotic process"
"GO:2000353","positive regulation of endothelial cell apoptotic process"
"GO:2000377","regulation of reactive oxygen species metabolic process"
"GO:2000378","negative regulation of reactive oxygen species metabolic process"
"GO:2000379","positive regulation of reactive oxygen species metabolic process"
"GO:2000406","positive regulation of T cell migration"
"GO:2000434","regulation of protein neddylation"
"GO:2000463","positive regulation of excitatory postsynaptic potential"
"GO:2000573","positive regulation of DNA biosynthetic process"
"GO:2000647","negative regulation of stem cell proliferation"
"GO:2000648","positive regulation of stem cell proliferation"
"GO:2000672","negative regulation of motor neuron apoptotic process"
"GO:2000679","positive regulation of transcription regulatory region DNA binding"
"GO:2000736","regulation of stem cell differentiation"
"GO:2000737","negative regulation of stem cell differentiation"
"GO:2000738","positive regulation of stem cell differentiation"
"GO:2000767","positive regulation of cytoplasmic translation"
"GO:2000773","negative regulation of cellular senescence"
"GO:2000779","regulation of double-strand break repair"
"GO:2000781","positive regulation of double-strand break repair"
"GO:2000785","regulation of autophagosome assembly"
"GO:2000786","positive regulation of autophagosome assembly"
"GO:2000811","negative regulation of anoikis"
"GO:2000819","regulation of nucleotide-excision repair"
"GO:2001028","positive regulation of endothelial cell chemotaxis"
"GO:2001034","positive regulation of double-strand break repair via nonhomologous end joining"
"GO:2001046","positive regulation of integrin-mediated signaling pathway"
"GO:2001214","positive regulation of vasculogenesis"
"GO:2001222","regulation of neuron migration"
"GO:2001224","positive regulation of neuron migration"
"GO:2001234","negative regulation of apoptotic signaling pathway"
"GO:2001235","positive regulation of apoptotic signaling pathway"
"GO:2001237","negative regulation of extrinsic apoptotic signaling pathway"
"GO:2001238","positive regulation of extrinsic apoptotic signaling pathway"
"GO:2001240","negative regulation of extrinsic apoptotic signaling pathway in absence of ligand"
"GO:2001243","negative regulation of intrinsic apoptotic signaling pathway"
"GO:2001244","positive regulation of intrinsic apoptotic signaling pathway"
"GO:2001256","regulation of store-operated calcium entry"
